ERROR: Node not found: "FootstepPlayer" (relative to "/root/@Node3D@2/@CharacterBody3D@4").
   at: get_node (scene/main/node.cpp:1963)
   GDScript backtrace (most recent call first):
       [0] @implicit_ready (res://main-autolysis/player/autolysis_player.gd:116)
       [1] _prepare (res://main-autolysis/systems/quest-print-system/tests/quest_machine_behavior_test.gd:78)
       [2] _run_case (res://main-autolysis/systems/quest-print-system/tests/quest_machine_behavior_test.gd:115)
       [3] run_checks (res://main-autolysis/systems/quest-print-system/tests/quest_machine_behavior_test.gd:53)
ERROR: Node not found: "Body" (relative to "/root/@Node3D@2/@CharacterBody3D@4").
   at: get_node (scene/main/node.cpp:1963)
   GDScript backtrace (most recent call first):
       [0] @implicit_ready (res://main-autolysis/player/autolysis_player.gd:117)
       [1] _prepare (res://main-autolysis/systems/quest-print-system/tests/quest_machine_behavior_test.gd:78)
       [2] _run_case (res://main-autolysis/systems/quest-print-system/tests/quest_machine_behavior_test.gd:115)
       [3] run_checks (res://main-autolysis/systems/quest-print-system/tests/quest_machine_behavior_test.gd:53)
ERROR: Node not found: "Body/Neck" (relative to "/root/@Node3D@2/@CharacterBody3D@4").
   at: get_node (scene/main/node.cpp:1963)
   GDScript backtrace (most recent call first):
       [0] @implicit_ready (res://main-autolysis/player/autolysis_player.gd:118)
       [1] _prepare (res://main-autolysis/systems/quest-print-system/tests/quest_machine_behavior_test.gd:78)
       [2] _run_case (res://main-autolysis/systems/quest-print-system/tests/quest_machine_behavior_test.gd:115)
       [3] run_checks (res://main-autolysis/systems/quest-print-system/tests/quest_machine_behavior_test.gd:53)
ERROR: Node not found: "Body/Neck/Head" (relative to "/root/@Node3D@2/@CharacterBody3D@4").
   at: get_node (scene/main/node.cpp:1963)
   GDScript backtrace (most recent call first):
       [0] @implicit_ready (res://main-autolysis/player/autolysis_player.gd:119)
       [1] _prepare (res://main-autolysis/systems/quest-print-system/tests/quest_machine_behavior_test.gd:78)
       [2] _run_case (res://main-autolysis/systems/quest-print-system/tests/quest_machine_behavior_test.gd:115)
       [3] run_checks (res://main-autolysis/systems/quest-print-system/tests/quest_machine_behavior_test.gd:53)
ERROR: Node not found: "Body/Neck/Head/Eyes" (relative to "/root/@Node3D@2/@CharacterBody3D@4").
   at: get_node (scene/main/node.cpp:1963)
   GDScript backtrace (most recent call first):
       [0] @implicit_ready (res://main-autolysis/player/autolysis_player.gd:120)
       [1] _prepare (res://main-autolysis/systems/quest-print-system/tests/quest_machine_behavior_test.gd:78)
       [2] _run_case (res://main-autolysis/systems/quest-print-system/tests/quest_machine_behavior_test.gd:115)
       [3] run_checks (res://main-autolysis/systems/quest-print-system/tests/quest_machine_behavior_test.gd:53)
ERROR: Node not found: "Body/Neck/Head/Eyes/Camera" (relative to "/root/@Node3D@2/@CharacterBody3D@4").
   at: get_node (scene/main/node.cpp:1963)
   GDScript backtrace (most recent call first):
       [0] @implicit_ready (res://main-autolysis/player/autolysis_player.gd:121)
       [1] _prepare (res://main-autolysis/systems/quest-print-system/tests/quest_machine_behavior_test.gd:78)
       [2] _run_case (res://main-autolysis/systems/quest-print-system/tests/quest_machine_behavior_test.gd:115)
       [3] run_checks (res://main-autolysis/systems/quest-print-system/tests/quest_machine_behavior_test.gd:53)
ERROR: Node not found: "Body/Neck/Head/Eyes/AnimationPlayer" (relative to "/root/@Node3D@2/@CharacterBody3D@4").
   at: get_node (scene/main/node.cpp:1963)
   GDScript backtrace (most recent call first):
       [0] @implicit_ready (res://main-autolysis/player/autolysis_player.gd:122)
       [1] _prepare (res://main-autolysis/systems/quest-print-system/tests/quest_machine_behavior_test.gd:78)
       [2] _run_case (res://main-autolysis/systems/quest-print-system/tests/quest_machine_behavior_test.gd:115)
       [3] run_checks (res://main-autolysis/systems/quest-print-system/tests/quest_machine_behavior_test.gd:53)
ERROR: Node not found: "StandingCollisionShape" (relative to "/root/@Node3D@2/@CharacterBody3D@4").
   at: get_node (scene/main/node.cpp:1963)
   GDScript backtrace (most recent call first):
       [0] @implicit_ready (res://main-autolysis/player/autolysis_player.gd:123)
       [1] _prepare (res://main-autolysis/systems/quest-print-system/tests/quest_machine_behavior_test.gd:78)
       [2] _run_case (res://main-autolysis/systems/quest-print-system/tests/quest_machine_behavior_test.gd:115)
       [3] run_checks (res://main-autolysis/systems/quest-print-system/tests/quest_machine_behavior_test.gd:53)
ERROR: Node not found: "CrouchingCollisionShape" (relative to "/root/@Node3D@2/@CharacterBody3D@4").
   at: get_node (scene/main/node.cpp:1963)
   GDScript backtrace (most recent call first):
       [0] @implicit_ready (res://main-autolysis/player/autolysis_player.gd:124)
       [1] _prepare (res://main-autolysis/systems/quest-print-system/tests/quest_machine_behavior_test.gd:78)
       [2] _run_case (res://main-autolysis/systems/quest-print-system/tests/quest_machine_behavior_test.gd:115)
       [3] run_checks (res://main-autolysis/systems/quest-print-system/tests/quest_machine_behavior_test.gd:53)
ERROR: Node not found: "CrouchRayCast" (relative to "/root/@Node3D@2/@CharacterBody3D@4").
   at: get_node (scene/main/node.cpp:1963)
   GDScript backtrace (most recent call first):
       [0] @implicit_ready (res://main-autolysis/player/autolysis_player.gd:125)
       [1] _prepare (res://main-autolysis/systems/quest-print-system/tests/quest_machine_behavior_test.gd:78)
       [2] _run_case (res://main-autolysis/systems/quest-print-system/tests/quest_machine_behavior_test.gd:115)
       [3] run_checks (res://main-autolysis/systems/quest-print-system/tests/quest_machine_behavior_test.gd:53)
ERROR: Node not found: "SlidingTimer" (relative to "/root/@Node3D@2/@CharacterBody3D@4").
   at: get_node (scene/main/node.cpp:1963)
   GDScript backtrace (most recent call first):
       [0] @implicit_ready (res://main-autolysis/player/autolysis_player.gd:126)
       [1] _prepare (res://main-autolysis/systems/quest-print-system/tests/quest_machine_behavior_test.gd:78)
       [2] _run_case (res://main-autolysis/systems/quest-print-system/tests/quest_machine_behavior_test.gd:115)
       [3] run_checks (res://main-autolysis/systems/quest-print-system/tests/quest_machine_behavior_test.gd:53)
ERROR: Node not found: "JumpCooldownTimer" (relative to "/root/@Node3D@2/@CharacterBody3D@4").
   at: get_node (scene/main/node.cpp:1963)
   GDScript backtrace (most recent call first):
       [0] @implicit_ready (res://main-autolysis/player/autolysis_player.gd:127)
       [1] _prepare (res://main-autolysis/systems/quest-print-system/tests/quest_machine_behavior_test.gd:78)
       [2] _run_case (res://main-autolysis/systems/quest-print-system/tests/quest_machine_behavior_test.gd:115)
       [3] run_checks (res://main-autolysis/systems/quest-print-system/tests/quest_machine_behavior_test.gd:53)
ERROR: Node not found: "DegaussPlayerFoundArea" (relative to "/root/@Node3D@2/@CharacterBody3D@4").
   at: get_node (scene/main/node.cpp:1963)
   GDScript backtrace (most recent call first):
       [0] @implicit_ready (res://main-autolysis/player/autolysis_player.gd:128)
       [1] _prepare (res://main-autolysis/systems/quest-print-system/tests/quest_machine_behavior_test.gd:78)
       [2] _run_case (res://main-autolysis/systems/quest-print-system/tests/quest_machine_behavior_test.gd:115)
       [3] run_checks (res://main-autolysis/systems/quest-print-system/tests/quest_machine_behavior_test.gd:53)
ERROR: Node not found: "DegaussPlayerFoundArea/found_collision_standing" (relative to "/root/@Node3D@2/@CharacterBody3D@4").
   at: get_node (scene/main/node.cpp:1963)
   GDScript backtrace (most recent call first):
       [0] @implicit_ready (res://main-autolysis/player/autolysis_player.gd:129)
       [1] _prepare (res://main-autolysis/systems/quest-print-system/tests/quest_machine_behavior_test.gd:78)
       [2] _run_case (res://main-autolysis/systems/quest-print-system/tests/quest_machine_behavior_test.gd:115)
       [3] run_checks (res://main-autolysis/systems/quest-print-system/tests/quest_machine_behavior_test.gd:53)
ERROR: Node not found: "DegaussPlayerFoundArea/found_collision_walking" (relative to "/root/@Node3D@2/@CharacterBody3D@4").
   at: get_node (scene/main/node.cpp:1963)
   GDScript backtrace (most recent call first):
       [0] @implicit_ready (res://main-autolysis/player/autolysis_player.gd:130)
       [1] _prepare (res://main-autolysis/systems/quest-print-system/tests/quest_machine_behavior_test.gd:78)
       [2] _run_case (res://main-autolysis/systems/quest-print-system/tests/quest_machine_behavior_test.gd:115)
       [3] run_checks (res://main-autolysis/systems/quest-print-system/tests/quest_machine_behavior_test.gd:53)
ERROR: Node not found: "DegaussPlayerFoundArea/found_collision_crouching" (relative to "/root/@Node3D@2/@CharacterBody3D@4").
   at: get_node (scene/main/node.cpp:1963)
   GDScript backtrace (most recent call first):
       [0] @implicit_ready (res://main-autolysis/player/autolysis_player.gd:131)
       [1] _prepare (res://main-autolysis/systems/quest-print-system/tests/quest_machine_behavior_test.gd:78)
       [2] _run_case (res://main-autolysis/systems/quest-print-system/tests/quest_machine_behavior_test.gd:115)
       [3] run_checks (res://main-autolysis/systems/quest-print-system/tests/quest_machine_behavior_test.gd:53)
ERROR: Node not found: "DegaussPlayerFoundArea/found_collision_running" (relative to "/root/@Node3D@2/@CharacterBody3D@4").
   at: get_node (scene/main/node.cpp:1963)
   GDScript backtrace (most recent call first):
       [0] @implicit_ready (res://main-autolysis/player/autolysis_player.gd:132)
       [1] _prepare (res://main-autolysis/systems/quest-print-system/tests/quest_machine_behavior_test.gd:78)
       [2] _run_case (res://main-autolysis/systems/quest-print-system/tests/quest_machine_behavior_test.gd:115)
       [3] run_checks (res://main-autolysis/systems/quest-print-system/tests/quest_machine_behavior_test.gd:53)
ERROR: Node not found: "Body/Neck/Head/Eyes/Camera/InteractionRaycast" (relative to "/root/@Node3D@2/@CharacterBody3D@4").
   at: get_node (scene/main/node.cpp:1963)
   GDScript backtrace (most recent call first):
       [0] @implicit_ready (res://main-autolysis/player/autolysis_player.gd:135)
       [1] _prepare (res://main-autolysis/systems/quest-print-system/tests/quest_machine_behavior_test.gd:78)
       [2] _run_case (res://main-autolysis/systems/quest-print-system/tests/quest_machine_behavior_test.gd:115)
       [3] run_checks (res://main-autolysis/systems/quest-print-system/tests/quest_machine_behavior_test.gd:53)
ERROR: Node not found: "InteractionController" (relative to "/root/@Node3D@2/@CharacterBody3D@4").
   at: get_node (scene/main/node.cpp:1963)
   GDScript backtrace (most recent call first):
       [0] @implicit_ready (res://main-autolysis/player/autolysis_player.gd:136)
       [1] _prepare (res://main-autolysis/systems/quest-print-system/tests/quest_machine_behavior_test.gd:78)
       [2] _run_case (res://main-autolysis/systems/quest-print-system/tests/quest_machine_behavior_test.gd:115)
       [3] run_checks (res://main-autolysis/systems/quest-print-system/tests/quest_machine_behavior_test.gd:53)
ERROR: Node not found: "InteractionHUD/Crosshair" (relative to "/root/@Node3D@2/@CharacterBody3D@4").
   at: get_node (scene/main/node.cpp:1963)
   GDScript backtrace (most recent call first):
       [0] @implicit_ready (res://main-autolysis/player/autolysis_player.gd:137)
       [1] _prepare (res://main-autolysis/systems/quest-print-system/tests/quest_machine_behavior_test.gd:78)
       [2] _run_case (res://main-autolysis/systems/quest-print-system/tests/quest_machine_behavior_test.gd:115)
       [3] run_checks (res://main-autolysis/systems/quest-print-system/tests/quest_machine_behavior_test.gd:53)
ERROR: Node not found: "%Wieldables" (relative to "/root/@Node3D@2/@CharacterBody3D@4").
   at: get_node (scene/main/node.cpp:1963)
   GDScript backtrace (most recent call first):
       [0] @implicit_ready (res://main-autolysis/player/autolysis_player.gd:138)
       [1] _prepare (res://main-autolysis/systems/quest-print-system/tests/quest_machine_behavior_test.gd:78)
       [2] _run_case (res://main-autolysis/systems/quest-print-system/tests/quest_machine_behavior_test.gd:115)
       [3] run_checks (res://main-autolysis/systems/quest-print-system/tests/quest_machine_behavior_test.gd:53)
ERROR: Node not found: "InventoryController" (relative to "/root/@Node3D@2/@CharacterBody3D@4").
   at: get_node (scene/main/node.cpp:1963)
   GDScript backtrace (most recent call first):
       [0] @implicit_ready (res://main-autolysis/player/autolysis_player.gd:139)
       [1] _prepare (res://main-autolysis/systems/quest-print-system/tests/quest_machine_behavior_test.gd:78)
       [2] _run_case (res://main-autolysis/systems/quest-print-system/tests/quest_machine_behavior_test.gd:115)
       [3] run_checks (res://main-autolysis/systems/quest-print-system/tests/quest_machine_behavior_test.gd:53)
ERROR: Node not found: "%HeldItemPresenter" (relative to "/root/@Node3D@2/@CharacterBody3D@4").
   at: get_node (scene/main/node.cpp:1963)
   GDScript backtrace (most recent call first):
       [0] @implicit_ready (res://main-autolysis/player/autolysis_player.gd:140)
       [1] _prepare (res://main-autolysis/systems/quest-print-system/tests/quest_machine_behavior_test.gd:78)
       [2] _run_case (res://main-autolysis/systems/quest-print-system/tests/quest_machine_behavior_test.gd:115)
       [3] run_checks (res://main-autolysis/systems/quest-print-system/tests/quest_machine_behavior_test.gd:53)
ERROR: Node not found: "InventoryBar" (relative to "/root/@Node3D@2/@CharacterBody3D@4").
   at: get_node (scene/main/node.cpp:1963)
   GDScript backtrace (most recent call first):
       [0] @implicit_ready (res://main-autolysis/player/autolysis_player.gd:141)
       [1] _prepare (res://main-autolysis/systems/quest-print-system/tests/quest_machine_behavior_test.gd:78)
       [2] _run_case (res://main-autolysis/systems/quest-print-system/tests/quest_machine_behavior_test.gd:115)
       [3] run_checks (res://main-autolysis/systems/quest-print-system/tests/quest_machine_behavior_test.gd:53)
ERROR: Node not found: "DialoguePlayer" (relative to "/root/@Node3D@2/@CharacterBody3D@4").
   at: get_node (scene/main/node.cpp:1963)
   GDScript backtrace (most recent call first):
       [0] @implicit_ready (res://main-autolysis/player/autolysis_player.gd:142)
       [1] _prepare (res://main-autolysis/systems/quest-print-system/tests/quest_machine_behavior_test.gd:78)
       [2] _run_case (res://main-autolysis/systems/quest-print-system/tests/quest_machine_behavior_test.gd:115)
       [3] run_checks (res://main-autolysis/systems/quest-print-system/tests/quest_machine_behavior_test.gd:53)
ERROR: Node not found: "LiquidContentsPanel" (relative to "/root/@Node3D@2/@CharacterBody3D@4").
   at: get_node (scene/main/node.cpp:1963)
   GDScript backtrace (most recent call first):
       [0] @implicit_ready (res://main-autolysis/player/autolysis_player.gd:143)
       [1] _prepare (res://main-autolysis/systems/quest-print-system/tests/quest_machine_behavior_test.gd:78)
       [2] _run_case (res://main-autolysis/systems/quest-print-system/tests/quest_machine_behavior_test.gd:115)
       [3] run_checks (res://main-autolysis/systems/quest-print-system/tests/quest_machine_behavior_test.gd:53)
ERROR: Node not found: "NavigationAgent3D" (relative to "/root/@Node3D@2/@CharacterBody3D@4").
   at: get_node (scene/main/node.cpp:1963)
   GDScript backtrace (most recent call first):
       [0] @implicit_ready (res://main-autolysis/player/autolysis_player.gd:144)
       [1] _prepare (res://main-autolysis/systems/quest-print-system/tests/quest_machine_behavior_test.gd:78)
       [2] _run_case (res://main-autolysis/systems/quest-print-system/tests/quest_machine_behavior_test.gd:115)
       [3] run_checks (res://main-autolysis/systems/quest-print-system/tests/quest_machine_behavior_test.gd:53)
ERROR: Node not found: "FocusController" (relative to "/root/@Node3D@2/@CharacterBody3D@4").
   at: get_node (scene/main/node.cpp:1963)
   GDScript backtrace (most recent call first):
       [0] @implicit_ready (res://main-autolysis/player/autolysis_player.gd:145)
       [1] _prepare (res://main-autolysis/systems/quest-print-system/tests/quest_machine_behavior_test.gd:78)
       [2] _run_case (res://main-autolysis/systems/quest-print-system/tests/quest_machine_behavior_test.gd:115)
       [3] run_checks (res://main-autolysis/systems/quest-print-system/tests/quest_machine_behavior_test.gd:53)
SCRIPT ERROR: Invalid assignment of property or key 'state' with value of type 'int' on a base object of type 'null instance'.
   at: _prepare (res://main-autolysis/systems/quest-print-system/tests/quest_machine_behavior_test.gd:83)
   GDScript backtrace (most recent call first):
       [0] _prepare (res://main-autolysis/systems/quest-print-system/tests/quest_machine_behavior_test.gd:83)
       [1] _run_case (res://main-autolysis/systems/quest-print-system/tests/quest_machine_behavior_test.gd:115)
       [2] run_checks (res://main-autolysis/systems/quest-print-system/tests/quest_machine_behavior_test.gd:53)
ERROR: 失败：唯一按钮入口建立一份空白纸张
   at: push_error (core/variant/variant_utility.cpp:1024)
   GDScript backtrace (most recent call first):
       [0] check (res://main-autolysis/systems/quest-print-system/tests/quest_machine_behavior_test.gd:440)
       [1] _start (res://main-autolysis/systems/quest-print-system/tests/quest_machine_behavior_test.gd:108)
       [2] _run_case (res://main-autolysis/systems/quest-print-system/tests/quest_machine_behavior_test.gd:120)
       [3] run_checks (res://main-autolysis/systems/quest-print-system/tests/quest_machine_behavior_test.gd:53)
SCRIPT ERROR: Invalid call. Nonexistent function 'get_visible_data_line_indices' in base 'Nil'.
   at: _start (res://main-autolysis/systems/quest-print-system/tests/quest_machine_behavior_test.gd:110)
   GDScript backtrace (most recent call first):
       [0] _start (res://main-autolysis/systems/quest-print-system/tests/quest_machine_behavior_test.gd:110)
       [1] _run_case (res://main-autolysis/systems/quest-print-system/tests/quest_machine_behavior_test.gd:120)
       [2] run_checks (res://main-autolysis/systems/quest-print-system/tests/quest_machine_behavior_test.gd:53)
ERROR: Node not found: "FootstepPlayer" (relative to "/root/@Node3D@6/@CharacterBody3D@8").
   at: get_node (scene/main/node.cpp:1963)
   GDScript backtrace (most recent call first):
       [0] @implicit_ready (res://main-autolysis/player/autolysis_player.gd:116)
       [1] _prepare (res://main-autolysis/systems/quest-print-system/tests/quest_machine_behavior_test.gd:78)
       [2] _run_case (res://main-autolysis/systems/quest-print-system/tests/quest_machine_behavior_test.gd:115)
       [3] run_checks (res://main-autolysis/systems/quest-print-system/tests/quest_machine_behavior_test.gd:54)
       [4] _run_case (res://main-autolysis/systems/quest-print-system/tests/quest_machine_behavior_test.gd:124)
       [5] _dispose (res://main-autolysis/systems/quest-print-system/tests/quest_machine_behavior_test.gd:425)
       [6] frames (res://main-autolysis/systems/quest-print-system/tests/quest_machine_behavior_test.gd:430)
ERROR: Node not found: "Body" (relative to "/root/@Node3D@6/@CharacterBody3D@8").
   at: get_node (scene/main/node.cpp:1963)
   GDScript backtrace (most recent call first):
       [0] @implicit_ready (res://main-autolysis/player/autolysis_player.gd:117)
       [1] _prepare (res://main-autolysis/systems/quest-print-system/tests/quest_machine_behavior_test.gd:78)
       [2] _run_case (res://main-autolysis/systems/quest-print-system/tests/quest_machine_behavior_test.gd:115)
       [3] run_checks (res://main-autolysis/systems/quest-print-system/tests/quest_machine_behavior_test.gd:54)
       [4] _run_case (res://main-autolysis/systems/quest-print-system/tests/quest_machine_behavior_test.gd:124)
       [5] _dispose (res://main-autolysis/systems/quest-print-system/tests/quest_machine_behavior_test.gd:425)
       [6] frames (res://main-autolysis/systems/quest-print-system/tests/quest_machine_behavior_test.gd:430)
ERROR: Node not found: "Body/Neck" (relative to "/root/@Node3D@6/@CharacterBody3D@8").
   at: get_node (scene/main/node.cpp:1963)
   GDScript backtrace (most recent call first):
       [0] @implicit_ready (res://main-autolysis/player/autolysis_player.gd:118)
       [1] _prepare (res://main-autolysis/systems/quest-print-system/tests/quest_machine_behavior_test.gd:78)
       [2] _run_case (res://main-autolysis/systems/quest-print-system/tests/quest_machine_behavior_test.gd:115)
       [3] run_checks (res://main-autolysis/systems/quest-print-system/tests/quest_machine_behavior_test.gd:54)
       [4] _run_case (res://main-autolysis/systems/quest-print-system/tests/quest_machine_behavior_test.gd:124)
       [5] _dispose (res://main-autolysis/systems/quest-print-system/tests/quest_machine_behavior_test.gd:425)
       [6] frames (res://main-autolysis/systems/quest-print-system/tests/quest_machine_behavior_test.gd:430)
ERROR: Node not found: "Body/Neck/Head" (relative to "/root/@Node3D@6/@CharacterBody3D@8").
   at: get_node (scene/main/node.cpp:1963)
   GDScript backtrace (most recent call first):
       [0] @implicit_ready (res://main-autolysis/player/autolysis_player.gd:119)
       [1] _prepare (res://main-autolysis/systems/quest-print-system/tests/quest_machine_behavior_test.gd:78)
       [2] _run_case (res://main-autolysis/systems/quest-print-system/tests/quest_machine_behavior_test.gd:115)
       [3] run_checks (res://main-autolysis/systems/quest-print-system/tests/quest_machine_behavior_test.gd:54)
       [4] _run_case (res://main-autolysis/systems/quest-print-system/tests/quest_machine_behavior_test.gd:124)
       [5] _dispose (res://main-autolysis/systems/quest-print-system/tests/quest_machine_behavior_test.gd:425)
       [6] frames (res://main-autolysis/systems/quest-print-system/tests/quest_machine_behavior_test.gd:430)
ERROR: Node not found: "Body/Neck/Head/Eyes" (relative to "/root/@Node3D@6/@CharacterBody3D@8").
   at: get_node (scene/main/node.cpp:1963)
   GDScript backtrace (most recent call first):
       [0] @implicit_ready (res://main-autolysis/player/autolysis_player.gd:120)
       [1] _prepare (res://main-autolysis/systems/quest-print-system/tests/quest_machine_behavior_test.gd:78)
       [2] _run_case (res://main-autolysis/systems/quest-print-system/tests/quest_machine_behavior_test.gd:115)
       [3] run_checks (res://main-autolysis/systems/quest-print-system/tests/quest_machine_behavior_test.gd:54)
       [4] _run_case (res://main-autolysis/systems/quest-print-system/tests/quest_machine_behavior_test.gd:124)
       [5] _dispose (res://main-autolysis/systems/quest-print-system/tests/quest_machine_behavior_test.gd:425)
       [6] frames (res://main-autolysis/systems/quest-print-system/tests/quest_machine_behavior_test.gd:430)
ERROR: Node not found: "Body/Neck/Head/Eyes/Camera" (relative to "/root/@Node3D@6/@CharacterBody3D@8").
   at: get_node (scene/main/node.cpp:1963)
   GDScript backtrace (most recent call first):
       [0] @implicit_ready (res://main-autolysis/player/autolysis_player.gd:121)
       [1] _prepare (res://main-autolysis/systems/quest-print-system/tests/quest_machine_behavior_test.gd:78)
       [2] _run_case (res://main-autolysis/systems/quest-print-system/tests/quest_machine_behavior_test.gd:115)
       [3] run_checks (res://main-autolysis/systems/quest-print-system/tests/quest_machine_behavior_test.gd:54)
       [4] _run_case (res://main-autolysis/systems/quest-print-system/tests/quest_machine_behavior_test.gd:124)
       [5] _dispose (res://main-autolysis/systems/quest-print-system/tests/quest_machine_behavior_test.gd:425)
       [6] frames (res://main-autolysis/systems/quest-print-system/tests/quest_machine_behavior_test.gd:430)
ERROR: Node not found: "Body/Neck/Head/Eyes/AnimationPlayer" (relative to "/root/@Node3D@6/@CharacterBody3D@8").
   at: get_node (scene/main/node.cpp:1963)
   GDScript backtrace (most recent call first):
       [0] @implicit_ready (res://main-autolysis/player/autolysis_player.gd:122)
       [1] _prepare (res://main-autolysis/systems/quest-print-system/tests/quest_machine_behavior_test.gd:78)
       [2] _run_case (res://main-autolysis/systems/quest-print-system/tests/quest_machine_behavior_test.gd:115)
       [3] run_checks (res://main-autolysis/systems/quest-print-system/tests/quest_machine_behavior_test.gd:54)
       [4] _run_case (res://main-autolysis/systems/quest-print-system/tests/quest_machine_behavior_test.gd:124)
       [5] _dispose (res://main-autolysis/systems/quest-print-system/tests/quest_machine_behavior_test.gd:425)
       [6] frames (res://main-autolysis/systems/quest-print-system/tests/quest_machine_behavior_test.gd:430)
ERROR: Node not found: "StandingCollisionShape" (relative to "/root/@Node3D@6/@CharacterBody3D@8").
   at: get_node (scene/main/node.cpp:1963)
   GDScript backtrace (most recent call first):
       [0] @implicit_ready (res://main-autolysis/player/autolysis_player.gd:123)
       [1] _prepare (res://main-autolysis/systems/quest-print-system/tests/quest_machine_behavior_test.gd:78)
       [2] _run_case (res://main-autolysis/systems/quest-print-system/tests/quest_machine_behavior_test.gd:115)
       [3] run_checks (res://main-autolysis/systems/quest-print-system/tests/quest_machine_behavior_test.gd:54)
       [4] _run_case (res://main-autolysis/systems/quest-print-system/tests/quest_machine_behavior_test.gd:124)
       [5] _dispose (res://main-autolysis/systems/quest-print-system/tests/quest_machine_behavior_test.gd:425)
       [6] frames (res://main-autolysis/systems/quest-print-system/tests/quest_machine_behavior_test.gd:430)
ERROR: Node not found: "CrouchingCollisionShape" (relative to "/root/@Node3D@6/@CharacterBody3D@8").
   at: get_node (scene/main/node.cpp:1963)
   GDScript backtrace (most recent call first):
       [0] @implicit_ready (res://main-autolysis/player/autolysis_player.gd:124)
       [1] _prepare (res://main-autolysis/systems/quest-print-system/tests/quest_machine_behavior_test.gd:78)
       [2] _run_case (res://main-autolysis/systems/quest-print-system/tests/quest_machine_behavior_test.gd:115)
       [3] run_checks (res://main-autolysis/systems/quest-print-system/tests/quest_machine_behavior_test.gd:54)
       [4] _run_case (res://main-autolysis/systems/quest-print-system/tests/quest_machine_behavior_test.gd:124)
       [5] _dispose (res://main-autolysis/systems/quest-print-system/tests/quest_machine_behavior_test.gd:425)
       [6] frames (res://main-autolysis/systems/quest-print-system/tests/quest_machine_behavior_test.gd:430)
ERROR: Node not found: "CrouchRayCast" (relative to "/root/@Node3D@6/@CharacterBody3D@8").
   at: get_node (scene/main/node.cpp:1963)
   GDScript backtrace (most recent call first):
       [0] @implicit_ready (res://main-autolysis/player/autolysis_player.gd:125)
       [1] _prepare (res://main-autolysis/systems/quest-print-system/tests/quest_machine_behavior_test.gd:78)
       [2] _run_case (res://main-autolysis/systems/quest-print-system/tests/quest_machine_behavior_test.gd:115)
       [3] run_checks (res://main-autolysis/systems/quest-print-system/tests/quest_machine_behavior_test.gd:54)
       [4] _run_case (res://main-autolysis/systems/quest-print-system/tests/quest_machine_behavior_test.gd:124)
       [5] _dispose (res://main-autolysis/systems/quest-print-system/tests/quest_machine_behavior_test.gd:425)
       [6] frames (res://main-autolysis/systems/quest-print-system/tests/quest_machine_behavior_test.gd:430)
ERROR: Node not found: "SlidingTimer" (relative to "/root/@Node3D@6/@CharacterBody3D@8").
   at: get_node (scene/main/node.cpp:1963)
   GDScript backtrace (most recent call first):
       [0] @implicit_ready (res://main-autolysis/player/autolysis_player.gd:126)
       [1] _prepare (res://main-autolysis/systems/quest-print-system/tests/quest_machine_behavior_test.gd:78)
       [2] _run_case (res://main-autolysis/systems/quest-print-system/tests/quest_machine_behavior_test.gd:115)
       [3] run_checks (res://main-autolysis/systems/quest-print-system/tests/quest_machine_behavior_test.gd:54)
       [4] _run_case (res://main-autolysis/systems/quest-print-system/tests/quest_machine_behavior_test.gd:124)
       [5] _dispose (res://main-autolysis/systems/quest-print-system/tests/quest_machine_behavior_test.gd:425)
       [6] frames (res://main-autolysis/systems/quest-print-system/tests/quest_machine_behavior_test.gd:430)
ERROR: Node not found: "JumpCooldownTimer" (relative to "/root/@Node3D@6/@CharacterBody3D@8").
   at: get_node (scene/main/node.cpp:1963)
   GDScript backtrace (most recent call first):
       [0] @implicit_ready (res://main-autolysis/player/autolysis_player.gd:127)
       [1] _prepare (res://main-autolysis/systems/quest-print-system/tests/quest_machine_behavior_test.gd:78)
       [2] _run_case (res://main-autolysis/systems/quest-print-system/tests/quest_machine_behavior_test.gd:115)
       [3] run_checks (res://main-autolysis/systems/quest-print-system/tests/quest_machine_behavior_test.gd:54)
       [4] _run_case (res://main-autolysis/systems/quest-print-system/tests/quest_machine_behavior_test.gd:124)
       [5] _dispose (res://main-autolysis/systems/quest-print-system/tests/quest_machine_behavior_test.gd:425)
       [6] frames (res://main-autolysis/systems/quest-print-system/tests/quest_machine_behavior_test.gd:430)
ERROR: Node not found: "DegaussPlayerFoundArea" (relative to "/root/@Node3D@6/@CharacterBody3D@8").
   at: get_node (scene/main/node.cpp:1963)
   GDScript backtrace (most recent call first):
       [0] @implicit_ready (res://main-autolysis/player/autolysis_player.gd:128)
       [1] _prepare (res://main-autolysis/systems/quest-print-system/tests/quest_machine_behavior_test.gd:78)
       [2] _run_case (res://main-autolysis/systems/quest-print-system/tests/quest_machine_behavior_test.gd:115)
       [3] run_checks (res://main-autolysis/systems/quest-print-system/tests/quest_machine_behavior_test.gd:54)
       [4] _run_case (res://main-autolysis/systems/quest-print-system/tests/quest_machine_behavior_test.gd:124)
       [5] _dispose (res://main-autolysis/systems/quest-print-system/tests/quest_machine_behavior_test.gd:425)
       [6] frames (res://main-autolysis/systems/quest-print-system/tests/quest_machine_behavior_test.gd:430)
ERROR: Node not found: "DegaussPlayerFoundArea/found_collision_standing" (relative to "/root/@Node3D@6/@CharacterBody3D@8").
   at: get_node (scene/main/node.cpp:1963)
   GDScript backtrace (most recent call first):
       [0] @implicit_ready (res://main-autolysis/player/autolysis_player.gd:129)
       [1] _prepare (res://main-autolysis/systems/quest-print-system/tests/quest_machine_behavior_test.gd:78)
       [2] _run_case (res://main-autolysis/systems/quest-print-system/tests/quest_machine_behavior_test.gd:115)
       [3] run_checks (res://main-autolysis/systems/quest-print-system/tests/quest_machine_behavior_test.gd:54)
       [4] _run_case (res://main-autolysis/systems/quest-print-system/tests/quest_machine_behavior_test.gd:124)
       [5] _dispose (res://main-autolysis/systems/quest-print-system/tests/quest_machine_behavior_test.gd:425)
       [6] frames (res://main-autolysis/systems/quest-print-system/tests/quest_machine_behavior_test.gd:430)
ERROR: Node not found: "DegaussPlayerFoundArea/found_collision_walking" (relative to "/root/@Node3D@6/@CharacterBody3D@8").
   at: get_node (scene/main/node.cpp:1963)
   GDScript backtrace (most recent call first):
       [0] @implicit_ready (res://main-autolysis/player/autolysis_player.gd:130)
       [1] _prepare (res://main-autolysis/systems/quest-print-system/tests/quest_machine_behavior_test.gd:78)
       [2] _run_case (res://main-autolysis/systems/quest-print-system/tests/quest_machine_behavior_test.gd:115)
       [3] run_checks (res://main-autolysis/systems/quest-print-system/tests/quest_machine_behavior_test.gd:54)
       [4] _run_case (res://main-autolysis/systems/quest-print-system/tests/quest_machine_behavior_test.gd:124)
       [5] _dispose (res://main-autolysis/systems/quest-print-system/tests/quest_machine_behavior_test.gd:425)
       [6] frames (res://main-autolysis/systems/quest-print-system/tests/quest_machine_behavior_test.gd:430)
ERROR: Node not found: "DegaussPlayerFoundArea/found_collision_crouching" (relative to "/root/@Node3D@6/@CharacterBody3D@8").
   at: get_node (scene/main/node.cpp:1963)
   GDScript backtrace (most recent call first):
       [0] @implicit_ready (res://main-autolysis/player/autolysis_player.gd:131)
       [1] _prepare (res://main-autolysis/systems/quest-print-system/tests/quest_machine_behavior_test.gd:78)
       [2] _run_case (res://main-autolysis/systems/quest-print-system/tests/quest_machine_behavior_test.gd:115)
       [3] run_checks (res://main-autolysis/systems/quest-print-system/tests/quest_machine_behavior_test.gd:54)
       [4] _run_case (res://main-autolysis/systems/quest-print-system/tests/quest_machine_behavior_test.gd:124)
       [5] _dispose (res://main-autolysis/systems/quest-print-system/tests/quest_machine_behavior_test.gd:425)
       [6] frames (res://main-autolysis/systems/quest-print-system/tests/quest_machine_behavior_test.gd:430)
ERROR: Node not found: "DegaussPlayerFoundArea/found_collision_running" (relative to "/root/@Node3D@6/@CharacterBody3D@8").
   at: get_node (scene/main/node.cpp:1963)
   GDScript backtrace (most recent call first):
       [0] @implicit_ready (res://main-autolysis/player/autolysis_player.gd:132)
       [1] _prepare (res://main-autolysis/systems/quest-print-system/tests/quest_machine_behavior_test.gd:78)
       [2] _run_case (res://main-autolysis/systems/quest-print-system/tests/quest_machine_behavior_test.gd:115)
       [3] run_checks (res://main-autolysis/systems/quest-print-system/tests/quest_machine_behavior_test.gd:54)
       [4] _run_case (res://main-autolysis/systems/quest-print-system/tests/quest_machine_behavior_test.gd:124)
       [5] _dispose (res://main-autolysis/systems/quest-print-system/tests/quest_machine_behavior_test.gd:425)
       [6] frames (res://main-autolysis/systems/quest-print-system/tests/quest_machine_behavior_test.gd:430)
ERROR: Node not found: "Body/Neck/Head/Eyes/Camera/InteractionRaycast" (relative to "/root/@Node3D@6/@CharacterBody3D@8").
   at: get_node (scene/main/node.cpp:1963)
   GDScript backtrace (most recent call first):
       [0] @implicit_ready (res://main-autolysis/player/autolysis_player.gd:135)
       [1] _prepare (res://main-autolysis/systems/quest-print-system/tests/quest_machine_behavior_test.gd:78)
       [2] _run_case (res://main-autolysis/systems/quest-print-system/tests/quest_machine_behavior_test.gd:115)
       [3] run_checks (res://main-autolysis/systems/quest-print-system/tests/quest_machine_behavior_test.gd:54)
       [4] _run_case (res://main-autolysis/systems/quest-print-system/tests/quest_machine_behavior_test.gd:124)
       [5] _dispose (res://main-autolysis/systems/quest-print-system/tests/quest_machine_behavior_test.gd:425)
       [6] frames (res://main-autolysis/systems/quest-print-system/tests/quest_machine_behavior_test.gd:430)
ERROR: Node not found: "InteractionController" (relative to "/root/@Node3D@6/@CharacterBody3D@8").
   at: get_node (scene/main/node.cpp:1963)
   GDScript backtrace (most recent call first):
       [0] @implicit_ready (res://main-autolysis/player/autolysis_player.gd:136)
       [1] _prepare (res://main-autolysis/systems/quest-print-system/tests/quest_machine_behavior_test.gd:78)
       [2] _run_case (res://main-autolysis/systems/quest-print-system/tests/quest_machine_behavior_test.gd:115)
       [3] run_checks (res://main-autolysis/systems/quest-print-system/tests/quest_machine_behavior_test.gd:54)
       [4] _run_case (res://main-autolysis/systems/quest-print-system/tests/quest_machine_behavior_test.gd:124)
       [5] _dispose (res://main-autolysis/systems/quest-print-system/tests/quest_machine_behavior_test.gd:425)
       [6] frames (res://main-autolysis/systems/quest-print-system/tests/quest_machine_behavior_test.gd:430)
ERROR: Node not found: "InteractionHUD/Crosshair" (relative to "/root/@Node3D@6/@CharacterBody3D@8").
   at: get_node (scene/main/node.cpp:1963)
   GDScript backtrace (most recent call first):
       [0] @implicit_ready (res://main-autolysis/player/autolysis_player.gd:137)
       [1] _prepare (res://main-autolysis/systems/quest-print-system/tests/quest_machine_behavior_test.gd:78)
       [2] _run_case (res://main-autolysis/systems/quest-print-system/tests/quest_machine_behavior_test.gd:115)
       [3] run_checks (res://main-autolysis/systems/quest-print-system/tests/quest_machine_behavior_test.gd:54)
       [4] _run_case (res://main-autolysis/systems/quest-print-system/tests/quest_machine_behavior_test.gd:124)
       [5] _dispose (res://main-autolysis/systems/quest-print-system/tests/quest_machine_behavior_test.gd:425)
       [6] frames (res://main-autolysis/systems/quest-print-system/tests/quest_machine_behavior_test.gd:430)
ERROR: Node not found: "%Wieldables" (relative to "/root/@Node3D@6/@CharacterBody3D@8").
   at: get_node (scene/main/node.cpp:1963)
   GDScript backtrace (most recent call first):
       [0] @implicit_ready (res://main-autolysis/player/autolysis_player.gd:138)
       [1] _prepare (res://main-autolysis/systems/quest-print-system/tests/quest_machine_behavior_test.gd:78)
       [2] _run_case (res://main-autolysis/systems/quest-print-system/tests/quest_machine_behavior_test.gd:115)
       [3] run_checks (res://main-autolysis/systems/quest-print-system/tests/quest_machine_behavior_test.gd:54)
       [4] _run_case (res://main-autolysis/systems/quest-print-system/tests/quest_machine_behavior_test.gd:124)
       [5] _dispose (res://main-autolysis/systems/quest-print-system/tests/quest_machine_behavior_test.gd:425)
       [6] frames (res://main-autolysis/systems/quest-print-system/tests/quest_machine_behavior_test.gd:430)
ERROR: Node not found: "InventoryController" (relative to "/root/@Node3D@6/@CharacterBody3D@8").
   at: get_node (scene/main/node.cpp:1963)
   GDScript backtrace (most recent call first):
       [0] @implicit_ready (res://main-autolysis/player/autolysis_player.gd:139)
       [1] _prepare (res://main-autolysis/systems/quest-print-system/tests/quest_machine_behavior_test.gd:78)
       [2] _run_case (res://main-autolysis/systems/quest-print-system/tests/quest_machine_behavior_test.gd:115)
       [3] run_checks (res://main-autolysis/systems/quest-print-system/tests/quest_machine_behavior_test.gd:54)
       [4] _run_case (res://main-autolysis/systems/quest-print-system/tests/quest_machine_behavior_test.gd:124)
       [5] _dispose (res://main-autolysis/systems/quest-print-system/tests/quest_machine_behavior_test.gd:425)
       [6] frames (res://main-autolysis/systems/quest-print-system/tests/quest_machine_behavior_test.gd:430)
ERROR: Node not found: "%HeldItemPresenter" (relative to "/root/@Node3D@6/@CharacterBody3D@8").
   at: get_node (scene/main/node.cpp:1963)
   GDScript backtrace (most recent call first):
       [0] @implicit_ready (res://main-autolysis/player/autolysis_player.gd:140)
       [1] _prepare (res://main-autolysis/systems/quest-print-system/tests/quest_machine_behavior_test.gd:78)
       [2] _run_case (res://main-autolysis/systems/quest-print-system/tests/quest_machine_behavior_test.gd:115)
       [3] run_checks (res://main-autolysis/systems/quest-print-system/tests/quest_machine_behavior_test.gd:54)
       [4] _run_case (res://main-autolysis/systems/quest-print-system/tests/quest_machine_behavior_test.gd:124)
       [5] _dispose (res://main-autolysis/systems/quest-print-system/tests/quest_machine_behavior_test.gd:425)
       [6] frames (res://main-autolysis/systems/quest-print-system/tests/quest_machine_behavior_test.gd:430)
ERROR: Node not found: "InventoryBar" (relative to "/root/@Node3D@6/@CharacterBody3D@8").
   at: get_node (scene/main/node.cpp:1963)
   GDScript backtrace (most recent call first):
       [0] @implicit_ready (res://main-autolysis/player/autolysis_player.gd:141)
       [1] _prepare (res://main-autolysis/systems/quest-print-system/tests/quest_machine_behavior_test.gd:78)
       [2] _run_case (res://main-autolysis/systems/quest-print-system/tests/quest_machine_behavior_test.gd:115)
       [3] run_checks (res://main-autolysis/systems/quest-print-system/tests/quest_machine_behavior_test.gd:54)
       [4] _run_case (res://main-autolysis/systems/quest-print-system/tests/quest_machine_behavior_test.gd:124)
       [5] _dispose (res://main-autolysis/systems/quest-print-system/tests/quest_machine_behavior_test.gd:425)
       [6] frames (res://main-autolysis/systems/quest-print-system/tests/quest_machine_behavior_test.gd:430)
ERROR: Node not found: "DialoguePlayer" (relative to "/root/@Node3D@6/@CharacterBody3D@8").
   at: get_node (scene/main/node.cpp:1963)
   GDScript backtrace (most recent call first):
       [0] @implicit_ready (res://main-autolysis/player/autolysis_player.gd:142)
       [1] _prepare (res://main-autolysis/systems/quest-print-system/tests/quest_machine_behavior_test.gd:78)
       [2] _run_case (res://main-autolysis/systems/quest-print-system/tests/quest_machine_behavior_test.gd:115)
       [3] run_checks (res://main-autolysis/systems/quest-print-system/tests/quest_machine_behavior_test.gd:54)
       [4] _run_case (res://main-autolysis/systems/quest-print-system/tests/quest_machine_behavior_test.gd:124)
       [5] _dispose (res://main-autolysis/systems/quest-print-system/tests/quest_machine_behavior_test.gd:425)
       [6] frames (res://main-autolysis/systems/quest-print-system/tests/quest_machine_behavior_test.gd:430)
ERROR: Node not found: "LiquidContentsPanel" (relative to "/root/@Node3D@6/@CharacterBody3D@8").
   at: get_node (scene/main/node.cpp:1963)
   GDScript backtrace (most recent call first):
       [0] @implicit_ready (res://main-autolysis/player/autolysis_player.gd:143)
       [1] _prepare (res://main-autolysis/systems/quest-print-system/tests/quest_machine_behavior_test.gd:78)
       [2] _run_case (res://main-autolysis/systems/quest-print-system/tests/quest_machine_behavior_test.gd:115)
       [3] run_checks (res://main-autolysis/systems/quest-print-system/tests/quest_machine_behavior_test.gd:54)
       [4] _run_case (res://main-autolysis/systems/quest-print-system/tests/quest_machine_behavior_test.gd:124)
       [5] _dispose (res://main-autolysis/systems/quest-print-system/tests/quest_machine_behavior_test.gd:425)
       [6] frames (res://main-autolysis/systems/quest-print-system/tests/quest_machine_behavior_test.gd:430)
ERROR: Node not found: "NavigationAgent3D" (relative to "/root/@Node3D@6/@CharacterBody3D@8").
   at: get_node (scene/main/node.cpp:1963)
   GDScript backtrace (most recent call first):
       [0] @implicit_ready (res://main-autolysis/player/autolysis_player.gd:144)
       [1] _prepare (res://main-autolysis/systems/quest-print-system/tests/quest_machine_behavior_test.gd:78)
       [2] _run_case (res://main-autolysis/systems/quest-print-system/tests/quest_machine_behavior_test.gd:115)
       [3] run_checks (res://main-autolysis/systems/quest-print-system/tests/quest_machine_behavior_test.gd:54)
       [4] _run_case (res://main-autolysis/systems/quest-print-system/tests/quest_machine_behavior_test.gd:124)
       [5] _dispose (res://main-autolysis/systems/quest-print-system/tests/quest_machine_behavior_test.gd:425)
       [6] frames (res://main-autolysis/systems/quest-print-system/tests/quest_machine_behavior_test.gd:430)
ERROR: Node not found: "FocusController" (relative to "/root/@Node3D@6/@CharacterBody3D@8").
   at: get_node (scene/main/node.cpp:1963)
   GDScript backtrace (most recent call first):
       [0] @implicit_ready (res://main-autolysis/player/autolysis_player.gd:145)
       [1] _prepare (res://main-autolysis/systems/quest-print-system/tests/quest_machine_behavior_test.gd:78)
       [2] _run_case (res://main-autolysis/systems/quest-print-system/tests/quest_machine_behavior_test.gd:115)
       [3] run_checks (res://main-autolysis/systems/quest-print-system/tests/quest_machine_behavior_test.gd:54)
       [4] _run_case (res://main-autolysis/systems/quest-print-system/tests/quest_machine_behavior_test.gd:124)
       [5] _dispose (res://main-autolysis/systems/quest-print-system/tests/quest_machine_behavior_test.gd:425)
       [6] frames (res://main-autolysis/systems/quest-print-system/tests/quest_machine_behavior_test.gd:430)
SCRIPT ERROR: Invalid assignment of property or key 'state' with value of type 'int' on a base object of type 'null instance'.
   at: _prepare (res://main-autolysis/systems/quest-print-system/tests/quest_machine_behavior_test.gd:83)
   GDScript backtrace (most recent call first):
       [0] _prepare (res://main-autolysis/systems/quest-print-system/tests/quest_machine_behavior_test.gd:83)
       [1] _run_case (res://main-autolysis/systems/quest-print-system/tests/quest_machine_behavior_test.gd:115)
       [2] run_checks (res://main-autolysis/systems/quest-print-system/tests/quest_machine_behavior_test.gd:54)
       [3] _run_case (res://main-autolysis/systems/quest-print-system/tests/quest_machine_behavior_test.gd:124)
       [4] _dispose (res://main-autolysis/systems/quest-print-system/tests/quest_machine_behavior_test.gd:425)
       [5] frames (res://main-autolysis/systems/quest-print-system/tests/quest_machine_behavior_test.gd:430)
ERROR: 失败：唯一按钮入口建立一份空白纸张
   at: push_error (core/variant/variant_utility.cpp:1024)
   GDScript backtrace (most recent call first):
       [0] check (res://main-autolysis/systems/quest-print-system/tests/quest_machine_behavior_test.gd:440)
       [1] _start (res://main-autolysis/systems/quest-print-system/tests/quest_machine_behavior_test.gd:108)
       [2] _run_case (res://main-autolysis/systems/quest-print-system/tests/quest_machine_behavior_test.gd:120)
       [3] run_checks (res://main-autolysis/systems/quest-print-system/tests/quest_machine_behavior_test.gd:54)
       [4] _run_case (res://main-autolysis/systems/quest-print-system/tests/quest_machine_behavior_test.gd:124)
       [5] _dispose (res://main-autolysis/systems/quest-print-system/tests/quest_machine_behavior_test.gd:425)
       [6] frames (res://main-autolysis/systems/quest-print-system/tests/quest_machine_behavior_test.gd:430)
SCRIPT ERROR: Invalid call. Nonexistent function 'get_visible_data_line_indices' in base 'Nil'.
   at: _start (res://main-autolysis/systems/quest-print-system/tests/quest_machine_behavior_test.gd:110)
   GDScript backtrace (most recent call first):
       [0] _start (res://main-autolysis/systems/quest-print-system/tests/quest_machine_behavior_test.gd:110)
       [1] _run_case (res://main-autolysis/systems/quest-print-system/tests/quest_machine_behavior_test.gd:120)
       [2] run_checks (res://main-autolysis/systems/quest-print-system/tests/quest_machine_behavior_test.gd:54)
       [3] _run_case (res://main-autolysis/systems/quest-print-system/tests/quest_machine_behavior_test.gd:124)
       [4] _dispose (res://main-autolysis/systems/quest-print-system/tests/quest_machine_behavior_test.gd:425)
       [5] frames (res://main-autolysis/systems/quest-print-system/tests/quest_machine_behavior_test.gd:430)
ERROR: Node not found: "FootstepPlayer" (relative to "/root/@Node3D@10/@CharacterBody3D@12").
   at: get_node (scene/main/node.cpp:1963)
   GDScript backtrace (most recent call first):
       [0] @implicit_ready (res://main-autolysis/player/autolysis_player.gd:116)
       [1] _prepare (res://main-autolysis/systems/quest-print-system/tests/quest_machine_behavior_test.gd:78)
       [2] _run_case (res://main-autolysis/systems/quest-print-system/tests/quest_machine_behavior_test.gd:115)
       [3] run_checks (res://main-autolysis/systems/quest-print-system/tests/quest_machine_behavior_test.gd:56)
       [4] _run_case (res://main-autolysis/systems/quest-print-system/tests/quest_machine_behavior_test.gd:124)
       [5] _dispose (res://main-autolysis/systems/quest-print-system/tests/quest_machine_behavior_test.gd:425)
       [6] frames (res://main-autolysis/systems/quest-print-system/tests/quest_machine_behavior_test.gd:430)
ERROR: Node not found: "Body" (relative to "/root/@Node3D@10/@CharacterBody3D@12").
   at: get_node (scene/main/node.cpp:1963)
   GDScript backtrace (most recent call first):
       [0] @implicit_ready (res://main-autolysis/player/autolysis_player.gd:117)
       [1] _prepare (res://main-autolysis/systems/quest-print-system/tests/quest_machine_behavior_test.gd:78)
       [2] _run_case (res://main-autolysis/systems/quest-print-system/tests/quest_machine_behavior_test.gd:115)
       [3] run_checks (res://main-autolysis/systems/quest-print-system/tests/quest_machine_behavior_test.gd:56)
       [4] _run_case (res://main-autolysis/systems/quest-print-system/tests/quest_machine_behavior_test.gd:124)
       [5] _dispose (res://main-autolysis/systems/quest-print-system/tests/quest_machine_behavior_test.gd:425)
       [6] frames (res://main-autolysis/systems/quest-print-system/tests/quest_machine_behavior_test.gd:430)
ERROR: Node not found: "Body/Neck" (relative to "/root/@Node3D@10/@CharacterBody3D@12").
   at: get_node (scene/main/node.cpp:1963)
   GDScript backtrace (most recent call first):
       [0] @implicit_ready (res://main-autolysis/player/autolysis_player.gd:118)
       [1] _prepare (res://main-autolysis/systems/quest-print-system/tests/quest_machine_behavior_test.gd:78)
       [2] _run_case (res://main-autolysis/systems/quest-print-system/tests/quest_machine_behavior_test.gd:115)
       [3] run_checks (res://main-autolysis/systems/quest-print-system/tests/quest_machine_behavior_test.gd:56)
       [4] _run_case (res://main-autolysis/systems/quest-print-system/tests/quest_machine_behavior_test.gd:124)
       [5] _dispose (res://main-autolysis/systems/quest-print-system/tests/quest_machine_behavior_test.gd:425)
       [6] frames (res://main-autolysis/systems/quest-print-system/tests/quest_machine_behavior_test.gd:430)
ERROR: Node not found: "Body/Neck/Head" (relative to "/root/@Node3D@10/@CharacterBody3D@12").
   at: get_node (scene/main/node.cpp:1963)
   GDScript backtrace (most recent call first):
       [0] @implicit_ready (res://main-autolysis/player/autolysis_player.gd:119)
       [1] _prepare (res://main-autolysis/systems/quest-print-system/tests/quest_machine_behavior_test.gd:78)
       [2] _run_case (res://main-autolysis/systems/quest-print-system/tests/quest_machine_behavior_test.gd:115)
       [3] run_checks (res://main-autolysis/systems/quest-print-system/tests/quest_machine_behavior_test.gd:56)
       [4] _run_case (res://main-autolysis/systems/quest-print-system/tests/quest_machine_behavior_test.gd:124)
       [5] _dispose (res://main-autolysis/systems/quest-print-system/tests/quest_machine_behavior_test.gd:425)
       [6] frames (res://main-autolysis/systems/quest-print-system/tests/quest_machine_behavior_test.gd:430)
ERROR: Node not found: "Body/Neck/Head/Eyes" (relative to "/root/@Node3D@10/@CharacterBody3D@12").
   at: get_node (scene/main/node.cpp:1963)
   GDScript backtrace (most recent call first):
       [0] @implicit_ready (res://main-autolysis/player/autolysis_player.gd:120)
       [1] _prepare (res://main-autolysis/systems/quest-print-system/tests/quest_machine_behavior_test.gd:78)
       [2] _run_case (res://main-autolysis/systems/quest-print-system/tests/quest_machine_behavior_test.gd:115)
       [3] run_checks (res://main-autolysis/systems/quest-print-system/tests/quest_machine_behavior_test.gd:56)
       [4] _run_case (res://main-autolysis/systems/quest-print-system/tests/quest_machine_behavior_test.gd:124)
       [5] _dispose (res://main-autolysis/systems/quest-print-system/tests/quest_machine_behavior_test.gd:425)
       [6] frames (res://main-autolysis/systems/quest-print-system/tests/quest_machine_behavior_test.gd:430)
ERROR: Node not found: "Body/Neck/Head/Eyes/Camera" (relative to "/root/@Node3D@10/@CharacterBody3D@12").
   at: get_node (scene/main/node.cpp:1963)
   GDScript backtrace (most recent call first):
       [0] @implicit_ready (res://main-autolysis/player/autolysis_player.gd:121)
       [1] _prepare (res://main-autolysis/systems/quest-print-system/tests/quest_machine_behavior_test.gd:78)
       [2] _run_case (res://main-autolysis/systems/quest-print-system/tests/quest_machine_behavior_test.gd:115)
       [3] run_checks (res://main-autolysis/systems/quest-print-system/tests/quest_machine_behavior_test.gd:56)
       [4] _run_case (res://main-autolysis/systems/quest-print-system/tests/quest_machine_behavior_test.gd:124)
       [5] _dispose (res://main-autolysis/systems/quest-print-system/tests/quest_machine_behavior_test.gd:425)
       [6] frames (res://main-autolysis/systems/quest-print-system/tests/quest_machine_behavior_test.gd:430)
ERROR: Node not found: "Body/Neck/Head/Eyes/AnimationPlayer" (relative to "/root/@Node3D@10/@CharacterBody3D@12").
   at: get_node (scene/main/node.cpp:1963)
   GDScript backtrace (most recent call first):
       [0] @implicit_ready (res://main-autolysis/player/autolysis_player.gd:122)
       [1] _prepare (res://main-autolysis/systems/quest-print-system/tests/quest_machine_behavior_test.gd:78)
       [2] _run_case (res://main-autolysis/systems/quest-print-system/tests/quest_machine_behavior_test.gd:115)
       [3] run_checks (res://main-autolysis/systems/quest-print-system/tests/quest_machine_behavior_test.gd:56)
       [4] _run_case (res://main-autolysis/systems/quest-print-system/tests/quest_machine_behavior_test.gd:124)
       [5] _dispose (res://main-autolysis/systems/quest-print-system/tests/quest_machine_behavior_test.gd:425)
       [6] frames (res://main-autolysis/systems/quest-print-system/tests/quest_machine_behavior_test.gd:430)
ERROR: Node not found: "StandingCollisionShape" (relative to "/root/@Node3D@10/@CharacterBody3D@12").
   at: get_node (scene/main/node.cpp:1963)
   GDScript backtrace (most recent call first):
       [0] @implicit_ready (res://main-autolysis/player/autolysis_player.gd:123)
       [1] _prepare (res://main-autolysis/systems/quest-print-system/tests/quest_machine_behavior_test.gd:78)
       [2] _run_case (res://main-autolysis/systems/quest-print-system/tests/quest_machine_behavior_test.gd:115)
       [3] run_checks (res://main-autolysis/systems/quest-print-system/tests/quest_machine_behavior_test.gd:56)
       [4] _run_case (res://main-autolysis/systems/quest-print-system/tests/quest_machine_behavior_test.gd:124)
       [5] _dispose (res://main-autolysis/systems/quest-print-system/tests/quest_machine_behavior_test.gd:425)
       [6] frames (res://main-autolysis/systems/quest-print-system/tests/quest_machine_behavior_test.gd:430)
ERROR: Node not found: "CrouchingCollisionShape" (relative to "/root/@Node3D@10/@CharacterBody3D@12").
   at: get_node (scene/main/node.cpp:1963)
   GDScript backtrace (most recent call first):
       [0] @implicit_ready (res://main-autolysis/player/autolysis_player.gd:124)
       [1] _prepare (res://main-autolysis/systems/quest-print-system/tests/quest_machine_behavior_test.gd:78)
       [2] _run_case (res://main-autolysis/systems/quest-print-system/tests/quest_machine_behavior_test.gd:115)
       [3] run_checks (res://main-autolysis/systems/quest-print-system/tests/quest_machine_behavior_test.gd:56)
       [4] _run_case (res://main-autolysis/systems/quest-print-system/tests/quest_machine_behavior_test.gd:124)
       [5] _dispose (res://main-autolysis/systems/quest-print-system/tests/quest_machine_behavior_test.gd:425)
       [6] frames (res://main-autolysis/systems/quest-print-system/tests/quest_machine_behavior_test.gd:430)
ERROR: Node not found: "CrouchRayCast" (relative to "/root/@Node3D@10/@CharacterBody3D@12").
   at: get_node (scene/main/node.cpp:1963)
   GDScript backtrace (most recent call first):
       [0] @implicit_ready (res://main-autolysis/player/autolysis_player.gd:125)
       [1] _prepare (res://main-autolysis/systems/quest-print-system/tests/quest_machine_behavior_test.gd:78)
       [2] _run_case (res://main-autolysis/systems/quest-print-system/tests/quest_machine_behavior_test.gd:115)
       [3] run_checks (res://main-autolysis/systems/quest-print-system/tests/quest_machine_behavior_test.gd:56)
       [4] _run_case (res://main-autolysis/systems/quest-print-system/tests/quest_machine_behavior_test.gd:124)
       [5] _dispose (res://main-autolysis/systems/quest-print-system/tests/quest_machine_behavior_test.gd:425)
       [6] frames (res://main-autolysis/systems/quest-print-system/tests/quest_machine_behavior_test.gd:430)
ERROR: Node not found: "SlidingTimer" (relative to "/root/@Node3D@10/@CharacterBody3D@12").
   at: get_node (scene/main/node.cpp:1963)
   GDScript backtrace (most recent call first):
       [0] @implicit_ready (res://main-autolysis/player/autolysis_player.gd:126)
       [1] _prepare (res://main-autolysis/systems/quest-print-system/tests/quest_machine_behavior_test.gd:78)
       [2] _run_case (res://main-autolysis/systems/quest-print-system/tests/quest_machine_behavior_test.gd:115)
       [3] run_checks (res://main-autolysis/systems/quest-print-system/tests/quest_machine_behavior_test.gd:56)
       [4] _run_case (res://main-autolysis/systems/quest-print-system/tests/quest_machine_behavior_test.gd:124)
       [5] _dispose (res://main-autolysis/systems/quest-print-system/tests/quest_machine_behavior_test.gd:425)
       [6] frames (res://main-autolysis/systems/quest-print-system/tests/quest_machine_behavior_test.gd:430)
ERROR: Node not found: "JumpCooldownTimer" (relative to "/root/@Node3D@10/@CharacterBody3D@12").
   at: get_node (scene/main/node.cpp:1963)
   GDScript backtrace (most recent call first):
       [0] @implicit_ready (res://main-autolysis/player/autolysis_player.gd:127)
       [1] _prepare (res://main-autolysis/systems/quest-print-system/tests/quest_machine_behavior_test.gd:78)
       [2] _run_case (res://main-autolysis/systems/quest-print-system/tests/quest_machine_behavior_test.gd:115)
       [3] run_checks (res://main-autolysis/systems/quest-print-system/tests/quest_machine_behavior_test.gd:56)
       [4] _run_case (res://main-autolysis/systems/quest-print-system/tests/quest_machine_behavior_test.gd:124)
       [5] _dispose (res://main-autolysis/systems/quest-print-system/tests/quest_machine_behavior_test.gd:425)
       [6] frames (res://main-autolysis/systems/quest-print-system/tests/quest_machine_behavior_test.gd:430)
ERROR: Node not found: "DegaussPlayerFoundArea" (relative to "/root/@Node3D@10/@CharacterBody3D@12").
   at: get_node (scene/main/node.cpp:1963)
   GDScript backtrace (most recent call first):
       [0] @implicit_ready (res://main-autolysis/player/autolysis_player.gd:128)
       [1] _prepare (res://main-autolysis/systems/quest-print-system/tests/quest_machine_behavior_test.gd:78)
       [2] _run_case (res://main-autolysis/systems/quest-print-system/tests/quest_machine_behavior_test.gd:115)
       [3] run_checks (res://main-autolysis/systems/quest-print-system/tests/quest_machine_behavior_test.gd:56)
       [4] _run_case (res://main-autolysis/systems/quest-print-system/tests/quest_machine_behavior_test.gd:124)
       [5] _dispose (res://main-autolysis/systems/quest-print-system/tests/quest_machine_behavior_test.gd:425)
       [6] frames (res://main-autolysis/systems/quest-print-system/tests/quest_machine_behavior_test.gd:430)
ERROR: Node not found: "DegaussPlayerFoundArea/found_collision_standing" (relative to "/root/@Node3D@10/@CharacterBody3D@12").
   at: get_node (scene/main/node.cpp:1963)
   GDScript backtrace (most recent call first):
       [0] @implicit_ready (res://main-autolysis/player/autolysis_player.gd:129)
       [1] _prepare (res://main-autolysis/systems/quest-print-system/tests/quest_machine_behavior_test.gd:78)
       [2] _run_case (res://main-autolysis/systems/quest-print-system/tests/quest_machine_behavior_test.gd:115)
       [3] run_checks (res://main-autolysis/systems/quest-print-system/tests/quest_machine_behavior_test.gd:56)
       [4] _run_case (res://main-autolysis/systems/quest-print-system/tests/quest_machine_behavior_test.gd:124)
       [5] _dispose (res://main-autolysis/systems/quest-print-system/tests/quest_machine_behavior_test.gd:425)
       [6] frames (res://main-autolysis/systems/quest-print-system/tests/quest_machine_behavior_test.gd:430)
ERROR: Node not found: "DegaussPlayerFoundArea/found_collision_walking" (relative to "/root/@Node3D@10/@CharacterBody3D@12").
   at: get_node (scene/main/node.cpp:1963)
   GDScript backtrace (most recent call first):
       [0] @implicit_ready (res://main-autolysis/player/autolysis_player.gd:130)
       [1] _prepare (res://main-autolysis/systems/quest-print-system/tests/quest_machine_behavior_test.gd:78)
       [2] _run_case (res://main-autolysis/systems/quest-print-system/tests/quest_machine_behavior_test.gd:115)
       [3] run_checks (res://main-autolysis/systems/quest-print-system/tests/quest_machine_behavior_test.gd:56)
       [4] _run_case (res://main-autolysis/systems/quest-print-system/tests/quest_machine_behavior_test.gd:124)
       [5] _dispose (res://main-autolysis/systems/quest-print-system/tests/quest_machine_behavior_test.gd:425)
       [6] frames (res://main-autolysis/systems/quest-print-system/tests/quest_machine_behavior_test.gd:430)
ERROR: Node not found: "DegaussPlayerFoundArea/found_collision_crouching" (relative to "/root/@Node3D@10/@CharacterBody3D@12").
   at: get_node (scene/main/node.cpp:1963)
   GDScript backtrace (most recent call first):
       [0] @implicit_ready (res://main-autolysis/player/autolysis_player.gd:131)
       [1] _prepare (res://main-autolysis/systems/quest-print-system/tests/quest_machine_behavior_test.gd:78)
       [2] _run_case (res://main-autolysis/systems/quest-print-system/tests/quest_machine_behavior_test.gd:115)
       [3] run_checks (res://main-autolysis/systems/quest-print-system/tests/quest_machine_behavior_test.gd:56)
       [4] _run_case (res://main-autolysis/systems/quest-print-system/tests/quest_machine_behavior_test.gd:124)
       [5] _dispose (res://main-autolysis/systems/quest-print-system/tests/quest_machine_behavior_test.gd:425)
       [6] frames (res://main-autolysis/systems/quest-print-system/tests/quest_machine_behavior_test.gd:430)
ERROR: Node not found: "DegaussPlayerFoundArea/found_collision_running" (relative to "/root/@Node3D@10/@CharacterBody3D@12").
   at: get_node (scene/main/node.cpp:1963)
   GDScript backtrace (most recent call first):
       [0] @implicit_ready (res://main-autolysis/player/autolysis_player.gd:132)
       [1] _prepare (res://main-autolysis/systems/quest-print-system/tests/quest_machine_behavior_test.gd:78)
       [2] _run_case (res://main-autolysis/systems/quest-print-system/tests/quest_machine_behavior_test.gd:115)
       [3] run_checks (res://main-autolysis/systems/quest-print-system/tests/quest_machine_behavior_test.gd:56)
       [4] _run_case (res://main-autolysis/systems/quest-print-system/tests/quest_machine_behavior_test.gd:124)
       [5] _dispose (res://main-autolysis/systems/quest-print-system/tests/quest_machine_behavior_test.gd:425)
       [6] frames (res://main-autolysis/systems/quest-print-system/tests/quest_machine_behavior_test.gd:430)
ERROR: Node not found: "Body/Neck/Head/Eyes/Camera/InteractionRaycast" (relative to "/root/@Node3D@10/@CharacterBody3D@12").
   at: get_node (scene/main/node.cpp:1963)
   GDScript backtrace (most recent call first):
       [0] @implicit_ready (res://main-autolysis/player/autolysis_player.gd:135)
       [1] _prepare (res://main-autolysis/systems/quest-print-system/tests/quest_machine_behavior_test.gd:78)
       [2] _run_case (res://main-autolysis/systems/quest-print-system/tests/quest_machine_behavior_test.gd:115)
       [3] run_checks (res://main-autolysis/systems/quest-print-system/tests/quest_machine_behavior_test.gd:56)
       [4] _run_case (res://main-autolysis/systems/quest-print-system/tests/quest_machine_behavior_test.gd:124)
       [5] _dispose (res://main-autolysis/systems/quest-print-system/tests/quest_machine_behavior_test.gd:425)
       [6] frames (res://main-autolysis/systems/quest-print-system/tests/quest_machine_behavior_test.gd:430)
ERROR: Node not found: "InteractionController" (relative to "/root/@Node3D@10/@CharacterBody3D@12").
   at: get_node (scene/main/node.cpp:1963)
   GDScript backtrace (most recent call first):
       [0] @implicit_ready (res://main-autolysis/player/autolysis_player.gd:136)
       [1] _prepare (res://main-autolysis/systems/quest-print-system/tests/quest_machine_behavior_test.gd:78)
       [2] _run_case (res://main-autolysis/systems/quest-print-system/tests/quest_machine_behavior_test.gd:115)
       [3] run_checks (res://main-autolysis/systems/quest-print-system/tests/quest_machine_behavior_test.gd:56)
       [4] _run_case (res://main-autolysis/systems/quest-print-system/tests/quest_machine_behavior_test.gd:124)
       [5] _dispose (res://main-autolysis/systems/quest-print-system/tests/quest_machine_behavior_test.gd:425)
       [6] frames (res://main-autolysis/systems/quest-print-system/tests/quest_machine_behavior_test.gd:430)
ERROR: Node not found: "InteractionHUD/Crosshair" (relative to "/root/@Node3D@10/@CharacterBody3D@12").
   at: get_node (scene/main/node.cpp:1963)
   GDScript backtrace (most recent call first):
       [0] @implicit_ready (res://main-autolysis/player/autolysis_player.gd:137)
       [1] _prepare (res://main-autolysis/systems/quest-print-system/tests/quest_machine_behavior_test.gd:78)
       [2] _run_case (res://main-autolysis/systems/quest-print-system/tests/quest_machine_behavior_test.gd:115)
       [3] run_checks (res://main-autolysis/systems/quest-print-system/tests/quest_machine_behavior_test.gd:56)
       [4] _run_case (res://main-autolysis/systems/quest-print-system/tests/quest_machine_behavior_test.gd:124)
       [5] _dispose (res://main-autolysis/systems/quest-print-system/tests/quest_machine_behavior_test.gd:425)
       [6] frames (res://main-autolysis/systems/quest-print-system/tests/quest_machine_behavior_test.gd:430)
ERROR: Node not found: "%Wieldables" (relative to "/root/@Node3D@10/@CharacterBody3D@12").
   at: get_node (scene/main/node.cpp:1963)
   GDScript backtrace (most recent call first):
       [0] @implicit_ready (res://main-autolysis/player/autolysis_player.gd:138)
       [1] _prepare (res://main-autolysis/systems/quest-print-system/tests/quest_machine_behavior_test.gd:78)
       [2] _run_case (res://main-autolysis/systems/quest-print-system/tests/quest_machine_behavior_test.gd:115)
       [3] run_checks (res://main-autolysis/systems/quest-print-system/tests/quest_machine_behavior_test.gd:56)
       [4] _run_case (res://main-autolysis/systems/quest-print-system/tests/quest_machine_behavior_test.gd:124)
       [5] _dispose (res://main-autolysis/systems/quest-print-system/tests/quest_machine_behavior_test.gd:425)
       [6] frames (res://main-autolysis/systems/quest-print-system/tests/quest_machine_behavior_test.gd:430)
ERROR: Node not found: "InventoryController" (relative to "/root/@Node3D@10/@CharacterBody3D@12").
   at: get_node (scene/main/node.cpp:1963)
   GDScript backtrace (most recent call first):
       [0] @implicit_ready (res://main-autolysis/player/autolysis_player.gd:139)
       [1] _prepare (res://main-autolysis/systems/quest-print-system/tests/quest_machine_behavior_test.gd:78)
       [2] _run_case (res://main-autolysis/systems/quest-print-system/tests/quest_machine_behavior_test.gd:115)
       [3] run_checks (res://main-autolysis/systems/quest-print-system/tests/quest_machine_behavior_test.gd:56)
       [4] _run_case (res://main-autolysis/systems/quest-print-system/tests/quest_machine_behavior_test.gd:124)
       [5] _dispose (res://main-autolysis/systems/quest-print-system/tests/quest_machine_behavior_test.gd:425)
       [6] frames (res://main-autolysis/systems/quest-print-system/tests/quest_machine_behavior_test.gd:430)
ERROR: Node not found: "%HeldItemPresenter" (relative to "/root/@Node3D@10/@CharacterBody3D@12").
   at: get_node (scene/main/node.cpp:1963)
   GDScript backtrace (most recent call first):
       [0] @implicit_ready (res://main-autolysis/player/autolysis_player.gd:140)
       [1] _prepare (res://main-autolysis/systems/quest-print-system/tests/quest_machine_behavior_test.gd:78)
       [2] _run_case (res://main-autolysis/systems/quest-print-system/tests/quest_machine_behavior_test.gd:115)
       [3] run_checks (res://main-autolysis/systems/quest-print-system/tests/quest_machine_behavior_test.gd:56)
       [4] _run_case (res://main-autolysis/systems/quest-print-system/tests/quest_machine_behavior_test.gd:124)
       [5] _dispose (res://main-autolysis/systems/quest-print-system/tests/quest_machine_behavior_test.gd:425)
       [6] frames (res://main-autolysis/systems/quest-print-system/tests/quest_machine_behavior_test.gd:430)
ERROR: Node not found: "InventoryBar" (relative to "/root/@Node3D@10/@CharacterBody3D@12").
   at: get_node (scene/main/node.cpp:1963)
   GDScript backtrace (most recent call first):
       [0] @implicit_ready (res://main-autolysis/player/autolysis_player.gd:141)
       [1] _prepare (res://main-autolysis/systems/quest-print-system/tests/quest_machine_behavior_test.gd:78)
       [2] _run_case (res://main-autolysis/systems/quest-print-system/tests/quest_machine_behavior_test.gd:115)
       [3] run_checks (res://main-autolysis/systems/quest-print-system/tests/quest_machine_behavior_test.gd:56)
       [4] _run_case (res://main-autolysis/systems/quest-print-system/tests/quest_machine_behavior_test.gd:124)
       [5] _dispose (res://main-autolysis/systems/quest-print-system/tests/quest_machine_behavior_test.gd:425)
       [6] frames (res://main-autolysis/systems/quest-print-system/tests/quest_machine_behavior_test.gd:430)
ERROR: Node not found: "DialoguePlayer" (relative to "/root/@Node3D@10/@CharacterBody3D@12").
   at: get_node (scene/main/node.cpp:1963)
   GDScript backtrace (most recent call first):
       [0] @implicit_ready (res://main-autolysis/player/autolysis_player.gd:142)
       [1] _prepare (res://main-autolysis/systems/quest-print-system/tests/quest_machine_behavior_test.gd:78)
       [2] _run_case (res://main-autolysis/systems/quest-print-system/tests/quest_machine_behavior_test.gd:115)
       [3] run_checks (res://main-autolysis/systems/quest-print-system/tests/quest_machine_behavior_test.gd:56)
       [4] _run_case (res://main-autolysis/systems/quest-print-system/tests/quest_machine_behavior_test.gd:124)
       [5] _dispose (res://main-autolysis/systems/quest-print-system/tests/quest_machine_behavior_test.gd:425)
       [6] frames (res://main-autolysis/systems/quest-print-system/tests/quest_machine_behavior_test.gd:430)
ERROR: Node not found: "LiquidContentsPanel" (relative to "/root/@Node3D@10/@CharacterBody3D@12").
   at: get_node (scene/main/node.cpp:1963)
   GDScript backtrace (most recent call first):
       [0] @implicit_ready (res://main-autolysis/player/autolysis_player.gd:143)
       [1] _prepare (res://main-autolysis/systems/quest-print-system/tests/quest_machine_behavior_test.gd:78)
       [2] _run_case (res://main-autolysis/systems/quest-print-system/tests/quest_machine_behavior_test.gd:115)
       [3] run_checks (res://main-autolysis/systems/quest-print-system/tests/quest_machine_behavior_test.gd:56)
       [4] _run_case (res://main-autolysis/systems/quest-print-system/tests/quest_machine_behavior_test.gd:124)
       [5] _dispose (res://main-autolysis/systems/quest-print-system/tests/quest_machine_behavior_test.gd:425)
       [6] frames (res://main-autolysis/systems/quest-print-system/tests/quest_machine_behavior_test.gd:430)
ERROR: Node not found: "NavigationAgent3D" (relative to "/root/@Node3D@10/@CharacterBody3D@12").
   at: get_node (scene/main/node.cpp:1963)
   GDScript backtrace (most recent call first):
       [0] @implicit_ready (res://main-autolysis/player/autolysis_player.gd:144)
       [1] _prepare (res://main-autolysis/systems/quest-print-system/tests/quest_machine_behavior_test.gd:78)
       [2] _run_case (res://main-autolysis/systems/quest-print-system/tests/quest_machine_behavior_test.gd:115)
       [3] run_checks (res://main-autolysis/systems/quest-print-system/tests/quest_machine_behavior_test.gd:56)
       [4] _run_case (res://main-autolysis/systems/quest-print-system/tests/quest_machine_behavior_test.gd:124)
       [5] _dispose (res://main-autolysis/systems/quest-print-system/tests/quest_machine_behavior_test.gd:425)
       [6] frames (res://main-autolysis/systems/quest-print-system/tests/quest_machine_behavior_test.gd:430)
ERROR: Node not found: "FocusController" (relative to "/root/@Node3D@10/@CharacterBody3D@12").
   at: get_node (scene/main/node.cpp:1963)
   GDScript backtrace (most recent call first):
       [0] @implicit_ready (res://main-autolysis/player/autolysis_player.gd:145)
       [1] _prepare (res://main-autolysis/systems/quest-print-system/tests/quest_machine_behavior_test.gd:78)
       [2] _run_case (res://main-autolysis/systems/quest-print-system/tests/quest_machine_behavior_test.gd:115)
       [3] run_checks (res://main-autolysis/systems/quest-print-system/tests/quest_machine_behavior_test.gd:56)
       [4] _run_case (res://main-autolysis/systems/quest-print-system/tests/quest_machine_behavior_test.gd:124)
       [5] _dispose (res://main-autolysis/systems/quest-print-system/tests/quest_machine_behavior_test.gd:425)
       [6] frames (res://main-autolysis/systems/quest-print-system/tests/quest_machine_behavior_test.gd:430)
SCRIPT ERROR: Invalid assignment of property or key 'state' with value of type 'int' on a base object of type 'null instance'.
   at: _prepare (res://main-autolysis/systems/quest-print-system/tests/quest_machine_behavior_test.gd:83)
   GDScript backtrace (most recent call first):
       [0] _prepare (res://main-autolysis/systems/quest-print-system/tests/quest_machine_behavior_test.gd:83)
       [1] _run_case (res://main-autolysis/systems/quest-print-system/tests/quest_machine_behavior_test.gd:115)
       [2] run_checks (res://main-autolysis/systems/quest-print-system/tests/quest_machine_behavior_test.gd:56)
       [3] _run_case (res://main-autolysis/systems/quest-print-system/tests/quest_machine_behavior_test.gd:124)
       [4] _dispose (res://main-autolysis/systems/quest-print-system/tests/quest_machine_behavior_test.gd:425)
       [5] frames (res://main-autolysis/systems/quest-print-system/tests/quest_machine_behavior_test.gd:430)
ERROR: 失败：唯一按钮入口建立一份空白纸张
   at: push_error (core/variant/variant_utility.cpp:1024)
   GDScript backtrace (most recent call first):
       [0] check (res://main-autolysis/systems/quest-print-system/tests/quest_machine_behavior_test.gd:440)
       [1] _start (res://main-autolysis/systems/quest-print-system/tests/quest_machine_behavior_test.gd:108)
       [2] _run_case (res://main-autolysis/systems/quest-print-system/tests/quest_machine_behavior_test.gd:120)
       [3] run_checks (res://main-autolysis/systems/quest-print-system/tests/quest_machine_behavior_test.gd:56)
       [4] _run_case (res://main-autolysis/systems/quest-print-system/tests/quest_machine_behavior_test.gd:124)
       [5] _dispose (res://main-autolysis/systems/quest-print-system/tests/quest_machine_behavior_test.gd:425)
       [6] frames (res://main-autolysis/systems/quest-print-system/tests/quest_machine_behavior_test.gd:430)
SCRIPT ERROR: Invalid call. Nonexistent function 'get_visible_data_line_indices' in base 'Nil'.
   at: _start (res://main-autolysis/systems/quest-print-system/tests/quest_machine_behavior_test.gd:110)
   GDScript backtrace (most recent call first):
       [0] _start (res://main-autolysis/systems/quest-print-system/tests/quest_machine_behavior_test.gd:110)
       [1] _run_case (res://main-autolysis/systems/quest-print-system/tests/quest_machine_behavior_test.gd:120)
       [2] run_checks (res://main-autolysis/systems/quest-print-system/tests/quest_machine_behavior_test.gd:56)
       [3] _run_case (res://main-autolysis/systems/quest-print-system/tests/quest_machine_behavior_test.gd:124)
       [4] _dispose (res://main-autolysis/systems/quest-print-system/tests/quest_machine_behavior_test.gd:425)
       [5] frames (res://main-autolysis/systems/quest-print-system/tests/quest_machine_behavior_test.gd:430)
ERROR: Node not found: "FootstepPlayer" (relative to "/root/@Node3D@14/@CharacterBody3D@16").
   at: get_node (scene/main/node.cpp:1963)
   GDScript backtrace (most recent call first):
       [0] @implicit_ready (res://main-autolysis/player/autolysis_player.gd:116)
       [1] _prepare (res://main-autolysis/systems/quest-print-system/tests/quest_machine_behavior_test.gd:78)
       [2] _run_case (res://main-autolysis/systems/quest-print-system/tests/quest_machine_behavior_test.gd:115)
       [3] run_checks (res://main-autolysis/systems/quest-print-system/tests/quest_machine_behavior_test.gd:56)
       [4] _run_case (res://main-autolysis/systems/quest-print-system/tests/quest_machine_behavior_test.gd:124)
       [5] _dispose (res://main-autolysis/systems/quest-print-system/tests/quest_machine_behavior_test.gd:425)
       [6] frames (res://main-autolysis/systems/quest-print-system/tests/quest_machine_behavior_test.gd:430)
ERROR: Node not found: "Body" (relative to "/root/@Node3D@14/@CharacterBody3D@16").
   at: get_node (scene/main/node.cpp:1963)
   GDScript backtrace (most recent call first):
       [0] @implicit_ready (res://main-autolysis/player/autolysis_player.gd:117)
       [1] _prepare (res://main-autolysis/systems/quest-print-system/tests/quest_machine_behavior_test.gd:78)
       [2] _run_case (res://main-autolysis/systems/quest-print-system/tests/quest_machine_behavior_test.gd:115)
       [3] run_checks (res://main-autolysis/systems/quest-print-system/tests/quest_machine_behavior_test.gd:56)
       [4] _run_case (res://main-autolysis/systems/quest-print-system/tests/quest_machine_behavior_test.gd:124)
       [5] _dispose (res://main-autolysis/systems/quest-print-system/tests/quest_machine_behavior_test.gd:425)
       [6] frames (res://main-autolysis/systems/quest-print-system/tests/quest_machine_behavior_test.gd:430)
ERROR: Node not found: "Body/Neck" (relative to "/root/@Node3D@14/@CharacterBody3D@16").
   at: get_node (scene/main/node.cpp:1963)
   GDScript backtrace (most recent call first):
       [0] @implicit_ready (res://main-autolysis/player/autolysis_player.gd:118)
       [1] _prepare (res://main-autolysis/systems/quest-print-system/tests/quest_machine_behavior_test.gd:78)
       [2] _run_case (res://main-autolysis/systems/quest-print-system/tests/quest_machine_behavior_test.gd:115)
       [3] run_checks (res://main-autolysis/systems/quest-print-system/tests/quest_machine_behavior_test.gd:56)
       [4] _run_case (res://main-autolysis/systems/quest-print-system/tests/quest_machine_behavior_test.gd:124)
       [5] _dispose (res://main-autolysis/systems/quest-print-system/tests/quest_machine_behavior_test.gd:425)
       [6] frames (res://main-autolysis/systems/quest-print-system/tests/quest_machine_behavior_test.gd:430)
ERROR: Node not found: "Body/Neck/Head" (relative to "/root/@Node3D@14/@CharacterBody3D@16").
   at: get_node (scene/main/node.cpp:1963)
   GDScript backtrace (most recent call first):
       [0] @implicit_ready (res://main-autolysis/player/autolysis_player.gd:119)
       [1] _prepare (res://main-autolysis/systems/quest-print-system/tests/quest_machine_behavior_test.gd:78)
       [2] _run_case (res://main-autolysis/systems/quest-print-system/tests/quest_machine_behavior_test.gd:115)
       [3] run_checks (res://main-autolysis/systems/quest-print-system/tests/quest_machine_behavior_test.gd:56)
       [4] _run_case (res://main-autolysis/systems/quest-print-system/tests/quest_machine_behavior_test.gd:124)
       [5] _dispose (res://main-autolysis/systems/quest-print-system/tests/quest_machine_behavior_test.gd:425)
       [6] frames (res://main-autolysis/systems/quest-print-system/tests/quest_machine_behavior_test.gd:430)
ERROR: Node not found: "Body/Neck/Head/Eyes" (relative to "/root/@Node3D@14/@CharacterBody3D@16").
   at: get_node (scene/main/node.cpp:1963)
   GDScript backtrace (most recent call first):
       [0] @implicit_ready (res://main-autolysis/player/autolysis_player.gd:120)
       [1] _prepare (res://main-autolysis/systems/quest-print-system/tests/quest_machine_behavior_test.gd:78)
       [2] _run_case (res://main-autolysis/systems/quest-print-system/tests/quest_machine_behavior_test.gd:115)
       [3] run_checks (res://main-autolysis/systems/quest-print-system/tests/quest_machine_behavior_test.gd:56)
       [4] _run_case (res://main-autolysis/systems/quest-print-system/tests/quest_machine_behavior_test.gd:124)
       [5] _dispose (res://main-autolysis/systems/quest-print-system/tests/quest_machine_behavior_test.gd:425)
       [6] frames (res://main-autolysis/systems/quest-print-system/tests/quest_machine_behavior_test.gd:430)
ERROR: Node not found: "Body/Neck/Head/Eyes/Camera" (relative to "/root/@Node3D@14/@CharacterBody3D@16").
   at: get_node (scene/main/node.cpp:1963)
   GDScript backtrace (most recent call first):
       [0] @implicit_ready (res://main-autolysis/player/autolysis_player.gd:121)
       [1] _prepare (res://main-autolysis/systems/quest-print-system/tests/quest_machine_behavior_test.gd:78)
       [2] _run_case (res://main-autolysis/systems/quest-print-system/tests/quest_machine_behavior_test.gd:115)
       [3] run_checks (res://main-autolysis/systems/quest-print-system/tests/quest_machine_behavior_test.gd:56)
       [4] _run_case (res://main-autolysis/systems/quest-print-system/tests/quest_machine_behavior_test.gd:124)
       [5] _dispose (res://main-autolysis/systems/quest-print-system/tests/quest_machine_behavior_test.gd:425)
       [6] frames (res://main-autolysis/systems/quest-print-system/tests/quest_machine_behavior_test.gd:430)
ERROR: Node not found: "Body/Neck/Head/Eyes/AnimationPlayer" (relative to "/root/@Node3D@14/@CharacterBody3D@16").
   at: get_node (scene/main/node.cpp:1963)
   GDScript backtrace (most recent call first):
       [0] @implicit_ready (res://main-autolysis/player/autolysis_player.gd:122)
       [1] _prepare (res://main-autolysis/systems/quest-print-system/tests/quest_machine_behavior_test.gd:78)
       [2] _run_case (res://main-autolysis/systems/quest-print-system/tests/quest_machine_behavior_test.gd:115)
       [3] run_checks (res://main-autolysis/systems/quest-print-system/tests/quest_machine_behavior_test.gd:56)
       [4] _run_case (res://main-autolysis/systems/quest-print-system/tests/quest_machine_behavior_test.gd:124)
       [5] _dispose (res://main-autolysis/systems/quest-print-system/tests/quest_machine_behavior_test.gd:425)
       [6] frames (res://main-autolysis/systems/quest-print-system/tests/quest_machine_behavior_test.gd:430)
ERROR: Node not found: "StandingCollisionShape" (relative to "/root/@Node3D@14/@CharacterBody3D@16").
   at: get_node (scene/main/node.cpp:1963)
   GDScript backtrace (most recent call first):
       [0] @implicit_ready (res://main-autolysis/player/autolysis_player.gd:123)
       [1] _prepare (res://main-autolysis/systems/quest-print-system/tests/quest_machine_behavior_test.gd:78)
       [2] _run_case (res://main-autolysis/systems/quest-print-system/tests/quest_machine_behavior_test.gd:115)
       [3] run_checks (res://main-autolysis/systems/quest-print-system/tests/quest_machine_behavior_test.gd:56)
       [4] _run_case (res://main-autolysis/systems/quest-print-system/tests/quest_machine_behavior_test.gd:124)
       [5] _dispose (res://main-autolysis/systems/quest-print-system/tests/quest_machine_behavior_test.gd:425)
       [6] frames (res://main-autolysis/systems/quest-print-system/tests/quest_machine_behavior_test.gd:430)
ERROR: Node not found: "CrouchingCollisionShape" (relative to "/root/@Node3D@14/@CharacterBody3D@16").
   at: get_node (scene/main/node.cpp:1963)
   GDScript backtrace (most recent call first):
       [0] @implicit_ready (res://main-autolysis/player/autolysis_player.gd:124)
       [1] _prepare (res://main-autolysis/systems/quest-print-system/tests/quest_machine_behavior_test.gd:78)
       [2] _run_case (res://main-autolysis/systems/quest-print-system/tests/quest_machine_behavior_test.gd:115)
       [3] run_checks (res://main-autolysis/systems/quest-print-system/tests/quest_machine_behavior_test.gd:56)
       [4] _run_case (res://main-autolysis/systems/quest-print-system/tests/quest_machine_behavior_test.gd:124)
       [5] _dispose (res://main-autolysis/systems/quest-print-system/tests/quest_machine_behavior_test.gd:425)
       [6] frames (res://main-autolysis/systems/quest-print-system/tests/quest_machine_behavior_test.gd:430)
ERROR: Node not found: "CrouchRayCast" (relative to "/root/@Node3D@14/@CharacterBody3D@16").
   at: get_node (scene/main/node.cpp:1963)
   GDScript backtrace (most recent call first):
       [0] @implicit_ready (res://main-autolysis/player/autolysis_player.gd:125)
       [1] _prepare (res://main-autolysis/systems/quest-print-system/tests/quest_machine_behavior_test.gd:78)
       [2] _run_case (res://main-autolysis/systems/quest-print-system/tests/quest_machine_behavior_test.gd:115)
       [3] run_checks (res://main-autolysis/systems/quest-print-system/tests/quest_machine_behavior_test.gd:56)
       [4] _run_case (res://main-autolysis/systems/quest-print-system/tests/quest_machine_behavior_test.gd:124)
       [5] _dispose (res://main-autolysis/systems/quest-print-system/tests/quest_machine_behavior_test.gd:425)
       [6] frames (res://main-autolysis/systems/quest-print-system/tests/quest_machine_behavior_test.gd:430)
ERROR: Node not found: "SlidingTimer" (relative to "/root/@Node3D@14/@CharacterBody3D@16").
   at: get_node (scene/main/node.cpp:1963)
   GDScript backtrace (most recent call first):
       [0] @implicit_ready (res://main-autolysis/player/autolysis_player.gd:126)
       [1] _prepare (res://main-autolysis/systems/quest-print-system/tests/quest_machine_behavior_test.gd:78)
       [2] _run_case (res://main-autolysis/systems/quest-print-system/tests/quest_machine_behavior_test.gd:115)
       [3] run_checks (res://main-autolysis/systems/quest-print-system/tests/quest_machine_behavior_test.gd:56)
       [4] _run_case (res://main-autolysis/systems/quest-print-system/tests/quest_machine_behavior_test.gd:124)
       [5] _dispose (res://main-autolysis/systems/quest-print-system/tests/quest_machine_behavior_test.gd:425)
       [6] frames (res://main-autolysis/systems/quest-print-system/tests/quest_machine_behavior_test.gd:430)
ERROR: Node not found: "JumpCooldownTimer" (relative to "/root/@Node3D@14/@CharacterBody3D@16").
   at: get_node (scene/main/node.cpp:1963)
   GDScript backtrace (most recent call first):
       [0] @implicit_ready (res://main-autolysis/player/autolysis_player.gd:127)
       [1] _prepare (res://main-autolysis/systems/quest-print-system/tests/quest_machine_behavior_test.gd:78)
       [2] _run_case (res://main-autolysis/systems/quest-print-system/tests/quest_machine_behavior_test.gd:115)
       [3] run_checks (res://main-autolysis/systems/quest-print-system/tests/quest_machine_behavior_test.gd:56)
       [4] _run_case (res://main-autolysis/systems/quest-print-system/tests/quest_machine_behavior_test.gd:124)
       [5] _dispose (res://main-autolysis/systems/quest-print-system/tests/quest_machine_behavior_test.gd:425)
       [6] frames (res://main-autolysis/systems/quest-print-system/tests/quest_machine_behavior_test.gd:430)
ERROR: Node not found: "DegaussPlayerFoundArea" (relative to "/root/@Node3D@14/@CharacterBody3D@16").
   at: get_node (scene/main/node.cpp:1963)
   GDScript backtrace (most recent call first):
       [0] @implicit_ready (res://main-autolysis/player/autolysis_player.gd:128)
       [1] _prepare (res://main-autolysis/systems/quest-print-system/tests/quest_machine_behavior_test.gd:78)
       [2] _run_case (res://main-autolysis/systems/quest-print-system/tests/quest_machine_behavior_test.gd:115)
       [3] run_checks (res://main-autolysis/systems/quest-print-system/tests/quest_machine_behavior_test.gd:56)
       [4] _run_case (res://main-autolysis/systems/quest-print-system/tests/quest_machine_behavior_test.gd:124)
       [5] _dispose (res://main-autolysis/systems/quest-print-system/tests/quest_machine_behavior_test.gd:425)
       [6] frames (res://main-autolysis/systems/quest-print-system/tests/quest_machine_behavior_test.gd:430)
ERROR: Node not found: "DegaussPlayerFoundArea/found_collision_standing" (relative to "/root/@Node3D@14/@CharacterBody3D@16").
   at: get_node (scene/main/node.cpp:1963)
   GDScript backtrace (most recent call first):
       [0] @implicit_ready (res://main-autolysis/player/autolysis_player.gd:129)
       [1] _prepare (res://main-autolysis/systems/quest-print-system/tests/quest_machine_behavior_test.gd:78)
       [2] _run_case (res://main-autolysis/systems/quest-print-system/tests/quest_machine_behavior_test.gd:115)
       [3] run_checks (res://main-autolysis/systems/quest-print-system/tests/quest_machine_behavior_test.gd:56)
       [4] _run_case (res://main-autolysis/systems/quest-print-system/tests/quest_machine_behavior_test.gd:124)
       [5] _dispose (res://main-autolysis/systems/quest-print-system/tests/quest_machine_behavior_test.gd:425)
       [6] frames (res://main-autolysis/systems/quest-print-system/tests/quest_machine_behavior_test.gd:430)
ERROR: Node not found: "DegaussPlayerFoundArea/found_collision_walking" (relative to "/root/@Node3D@14/@CharacterBody3D@16").
   at: get_node (scene/main/node.cpp:1963)
   GDScript backtrace (most recent call first):
       [0] @implicit_ready (res://main-autolysis/player/autolysis_player.gd:130)
       [1] _prepare (res://main-autolysis/systems/quest-print-system/tests/quest_machine_behavior_test.gd:78)
       [2] _run_case (res://main-autolysis/systems/quest-print-system/tests/quest_machine_behavior_test.gd:115)
       [3] run_checks (res://main-autolysis/systems/quest-print-system/tests/quest_machine_behavior_test.gd:56)
       [4] _run_case (res://main-autolysis/systems/quest-print-system/tests/quest_machine_behavior_test.gd:124)
       [5] _dispose (res://main-autolysis/systems/quest-print-system/tests/quest_machine_behavior_test.gd:425)
       [6] frames (res://main-autolysis/systems/quest-print-system/tests/quest_machine_behavior_test.gd:430)
ERROR: Node not found: "DegaussPlayerFoundArea/found_collision_crouching" (relative to "/root/@Node3D@14/@CharacterBody3D@16").
   at: get_node (scene/main/node.cpp:1963)
   GDScript backtrace (most recent call first):
       [0] @implicit_ready (res://main-autolysis/player/autolysis_player.gd:131)
       [1] _prepare (res://main-autolysis/systems/quest-print-system/tests/quest_machine_behavior_test.gd:78)
       [2] _run_case (res://main-autolysis/systems/quest-print-system/tests/quest_machine_behavior_test.gd:115)
       [3] run_checks (res://main-autolysis/systems/quest-print-system/tests/quest_machine_behavior_test.gd:56)
       [4] _run_case (res://main-autolysis/systems/quest-print-system/tests/quest_machine_behavior_test.gd:124)
       [5] _dispose (res://main-autolysis/systems/quest-print-system/tests/quest_machine_behavior_test.gd:425)
       [6] frames (res://main-autolysis/systems/quest-print-system/tests/quest_machine_behavior_test.gd:430)
ERROR: Node not found: "DegaussPlayerFoundArea/found_collision_running" (relative to "/root/@Node3D@14/@CharacterBody3D@16").
   at: get_node (scene/main/node.cpp:1963)
   GDScript backtrace (most recent call first):
       [0] @implicit_ready (res://main-autolysis/player/autolysis_player.gd:132)
       [1] _prepare (res://main-autolysis/systems/quest-print-system/tests/quest_machine_behavior_test.gd:78)
       [2] _run_case (res://main-autolysis/systems/quest-print-system/tests/quest_machine_behavior_test.gd:115)
       [3] run_checks (res://main-autolysis/systems/quest-print-system/tests/quest_machine_behavior_test.gd:56)
       [4] _run_case (res://main-autolysis/systems/quest-print-system/tests/quest_machine_behavior_test.gd:124)
       [5] _dispose (res://main-autolysis/systems/quest-print-system/tests/quest_machine_behavior_test.gd:425)
       [6] frames (res://main-autolysis/systems/quest-print-system/tests/quest_machine_behavior_test.gd:430)
ERROR: Node not found: "Body/Neck/Head/Eyes/Camera/InteractionRaycast" (relative to "/root/@Node3D@14/@CharacterBody3D@16").
   at: get_node (scene/main/node.cpp:1963)
   GDScript backtrace (most recent call first):
       [0] @implicit_ready (res://main-autolysis/player/autolysis_player.gd:135)
       [1] _prepare (res://main-autolysis/systems/quest-print-system/tests/quest_machine_behavior_test.gd:78)
       [2] _run_case (res://main-autolysis/systems/quest-print-system/tests/quest_machine_behavior_test.gd:115)
       [3] run_checks (res://main-autolysis/systems/quest-print-system/tests/quest_machine_behavior_test.gd:56)
       [4] _run_case (res://main-autolysis/systems/quest-print-system/tests/quest_machine_behavior_test.gd:124)
       [5] _dispose (res://main-autolysis/systems/quest-print-system/tests/quest_machine_behavior_test.gd:425)
       [6] frames (res://main-autolysis/systems/quest-print-system/tests/quest_machine_behavior_test.gd:430)
ERROR: Node not found: "InteractionController" (relative to "/root/@Node3D@14/@CharacterBody3D@16").
   at: get_node (scene/main/node.cpp:1963)
   GDScript backtrace (most recent call first):
       [0] @implicit_ready (res://main-autolysis/player/autolysis_player.gd:136)
       [1] _prepare (res://main-autolysis/systems/quest-print-system/tests/quest_machine_behavior_test.gd:78)
       [2] _run_case (res://main-autolysis/systems/quest-print-system/tests/quest_machine_behavior_test.gd:115)
       [3] run_checks (res://main-autolysis/systems/quest-print-system/tests/quest_machine_behavior_test.gd:56)
       [4] _run_case (res://main-autolysis/systems/quest-print-system/tests/quest_machine_behavior_test.gd:124)
       [5] _dispose (res://main-autolysis/systems/quest-print-system/tests/quest_machine_behavior_test.gd:425)
       [6] frames (res://main-autolysis/systems/quest-print-system/tests/quest_machine_behavior_test.gd:430)
ERROR: Node not found: "InteractionHUD/Crosshair" (relative to "/root/@Node3D@14/@CharacterBody3D@16").
   at: get_node (scene/main/node.cpp:1963)
   GDScript backtrace (most recent call first):
       [0] @implicit_ready (res://main-autolysis/player/autolysis_player.gd:137)
       [1] _prepare (res://main-autolysis/systems/quest-print-system/tests/quest_machine_behavior_test.gd:78)
       [2] _run_case (res://main-autolysis/systems/quest-print-system/tests/quest_machine_behavior_test.gd:115)
       [3] run_checks (res://main-autolysis/systems/quest-print-system/tests/quest_machine_behavior_test.gd:56)
       [4] _run_case (res://main-autolysis/systems/quest-print-system/tests/quest_machine_behavior_test.gd:124)
       [5] _dispose (res://main-autolysis/systems/quest-print-system/tests/quest_machine_behavior_test.gd:425)
       [6] frames (res://main-autolysis/systems/quest-print-system/tests/quest_machine_behavior_test.gd:430)
ERROR: Node not found: "%Wieldables" (relative to "/root/@Node3D@14/@CharacterBody3D@16").
   at: get_node (scene/main/node.cpp:1963)
   GDScript backtrace (most recent call first):
       [0] @implicit_ready (res://main-autolysis/player/autolysis_player.gd:138)
       [1] _prepare (res://main-autolysis/systems/quest-print-system/tests/quest_machine_behavior_test.gd:78)
       [2] _run_case (res://main-autolysis/systems/quest-print-system/tests/quest_machine_behavior_test.gd:115)
       [3] run_checks (res://main-autolysis/systems/quest-print-system/tests/quest_machine_behavior_test.gd:56)
       [4] _run_case (res://main-autolysis/systems/quest-print-system/tests/quest_machine_behavior_test.gd:124)
       [5] _dispose (res://main-autolysis/systems/quest-print-system/tests/quest_machine_behavior_test.gd:425)
       [6] frames (res://main-autolysis/systems/quest-print-system/tests/quest_machine_behavior_test.gd:430)
ERROR: Node not found: "InventoryController" (relative to "/root/@Node3D@14/@CharacterBody3D@16").
   at: get_node (scene/main/node.cpp:1963)
   GDScript backtrace (most recent call first):
       [0] @implicit_ready (res://main-autolysis/player/autolysis_player.gd:139)
       [1] _prepare (res://main-autolysis/systems/quest-print-system/tests/quest_machine_behavior_test.gd:78)
       [2] _run_case (res://main-autolysis/systems/quest-print-system/tests/quest_machine_behavior_test.gd:115)
       [3] run_checks (res://main-autolysis/systems/quest-print-system/tests/quest_machine_behavior_test.gd:56)
       [4] _run_case (res://main-autolysis/systems/quest-print-system/tests/quest_machine_behavior_test.gd:124)
       [5] _dispose (res://main-autolysis/systems/quest-print-system/tests/quest_machine_behavior_test.gd:425)
       [6] frames (res://main-autolysis/systems/quest-print-system/tests/quest_machine_behavior_test.gd:430)
ERROR: Node not found: "%HeldItemPresenter" (relative to "/root/@Node3D@14/@CharacterBody3D@16").
   at: get_node (scene/main/node.cpp:1963)
   GDScript backtrace (most recent call first):
       [0] @implicit_ready (res://main-autolysis/player/autolysis_player.gd:140)
       [1] _prepare (res://main-autolysis/systems/quest-print-system/tests/quest_machine_behavior_test.gd:78)
       [2] _run_case (res://main-autolysis/systems/quest-print-system/tests/quest_machine_behavior_test.gd:115)
       [3] run_checks (res://main-autolysis/systems/quest-print-system/tests/quest_machine_behavior_test.gd:56)
       [4] _run_case (res://main-autolysis/systems/quest-print-system/tests/quest_machine_behavior_test.gd:124)
       [5] _dispose (res://main-autolysis/systems/quest-print-system/tests/quest_machine_behavior_test.gd:425)
       [6] frames (res://main-autolysis/systems/quest-print-system/tests/quest_machine_behavior_test.gd:430)
ERROR: Node not found: "InventoryBar" (relative to "/root/@Node3D@14/@CharacterBody3D@16").
   at: get_node (scene/main/node.cpp:1963)
   GDScript backtrace (most recent call first):
       [0] @implicit_ready (res://main-autolysis/player/autolysis_player.gd:141)
       [1] _prepare (res://main-autolysis/systems/quest-print-system/tests/quest_machine_behavior_test.gd:78)
       [2] _run_case (res://main-autolysis/systems/quest-print-system/tests/quest_machine_behavior_test.gd:115)
       [3] run_checks (res://main-autolysis/systems/quest-print-system/tests/quest_machine_behavior_test.gd:56)
       [4] _run_case (res://main-autolysis/systems/quest-print-system/tests/quest_machine_behavior_test.gd:124)
       [5] _dispose (res://main-autolysis/systems/quest-print-system/tests/quest_machine_behavior_test.gd:425)
       [6] frames (res://main-autolysis/systems/quest-print-system/tests/quest_machine_behavior_test.gd:430)
ERROR: Node not found: "DialoguePlayer" (relative to "/root/@Node3D@14/@CharacterBody3D@16").
   at: get_node (scene/main/node.cpp:1963)
   GDScript backtrace (most recent call first):
       [0] @implicit_ready (res://main-autolysis/player/autolysis_player.gd:142)
       [1] _prepare (res://main-autolysis/systems/quest-print-system/tests/quest_machine_behavior_test.gd:78)
       [2] _run_case (res://main-autolysis/systems/quest-print-system/tests/quest_machine_behavior_test.gd:115)
       [3] run_checks (res://main-autolysis/systems/quest-print-system/tests/quest_machine_behavior_test.gd:56)
       [4] _run_case (res://main-autolysis/systems/quest-print-system/tests/quest_machine_behavior_test.gd:124)
       [5] _dispose (res://main-autolysis/systems/quest-print-system/tests/quest_machine_behavior_test.gd:425)
       [6] frames (res://main-autolysis/systems/quest-print-system/tests/quest_machine_behavior_test.gd:430)
ERROR: Node not found: "LiquidContentsPanel" (relative to "/root/@Node3D@14/@CharacterBody3D@16").
   at: get_node (scene/main/node.cpp:1963)
   GDScript backtrace (most recent call first):
       [0] @implicit_ready (res://main-autolysis/player/autolysis_player.gd:143)
       [1] _prepare (res://main-autolysis/systems/quest-print-system/tests/quest_machine_behavior_test.gd:78)
       [2] _run_case (res://main-autolysis/systems/quest-print-system/tests/quest_machine_behavior_test.gd:115)
       [3] run_checks (res://main-autolysis/systems/quest-print-system/tests/quest_machine_behavior_test.gd:56)
       [4] _run_case (res://main-autolysis/systems/quest-print-system/tests/quest_machine_behavior_test.gd:124)
       [5] _dispose (res://main-autolysis/systems/quest-print-system/tests/quest_machine_behavior_test.gd:425)
       [6] frames (res://main-autolysis/systems/quest-print-system/tests/quest_machine_behavior_test.gd:430)
ERROR: Node not found: "NavigationAgent3D" (relative to "/root/@Node3D@14/@CharacterBody3D@16").
   at: get_node (scene/main/node.cpp:1963)
   GDScript backtrace (most recent call first):
       [0] @implicit_ready (res://main-autolysis/player/autolysis_player.gd:144)
       [1] _prepare (res://main-autolysis/systems/quest-print-system/tests/quest_machine_behavior_test.gd:78)
       [2] _run_case (res://main-autolysis/systems/quest-print-system/tests/quest_machine_behavior_test.gd:115)
       [3] run_checks (res://main-autolysis/systems/quest-print-system/tests/quest_machine_behavior_test.gd:56)
       [4] _run_case (res://main-autolysis/systems/quest-print-system/tests/quest_machine_behavior_test.gd:124)
       [5] _dispose (res://main-autolysis/systems/quest-print-system/tests/quest_machine_behavior_test.gd:425)
       [6] frames (res://main-autolysis/systems/quest-print-system/tests/quest_machine_behavior_test.gd:430)
ERROR: Node not found: "FocusController" (relative to "/root/@Node3D@14/@CharacterBody3D@16").
   at: get_node (scene/main/node.cpp:1963)
   GDScript backtrace (most recent call first):
       [0] @implicit_ready (res://main-autolysis/player/autolysis_player.gd:145)
       [1] _prepare (res://main-autolysis/systems/quest-print-system/tests/quest_machine_behavior_test.gd:78)
       [2] _run_case (res://main-autolysis/systems/quest-print-system/tests/quest_machine_behavior_test.gd:115)
       [3] run_checks (res://main-autolysis/systems/quest-print-system/tests/quest_machine_behavior_test.gd:56)
       [4] _run_case (res://main-autolysis/systems/quest-print-system/tests/quest_machine_behavior_test.gd:124)
       [5] _dispose (res://main-autolysis/systems/quest-print-system/tests/quest_machine_behavior_test.gd:425)
       [6] frames (res://main-autolysis/systems/quest-print-system/tests/quest_machine_behavior_test.gd:430)
SCRIPT ERROR: Invalid assignment of property or key 'state' with value of type 'int' on a base object of type 'null instance'.
   at: _prepare (res://main-autolysis/systems/quest-print-system/tests/quest_machine_behavior_test.gd:83)
   GDScript backtrace (most recent call first):
       [0] _prepare (res://main-autolysis/systems/quest-print-system/tests/quest_machine_behavior_test.gd:83)
       [1] _run_case (res://main-autolysis/systems/quest-print-system/tests/quest_machine_behavior_test.gd:115)
       [2] run_checks (res://main-autolysis/systems/quest-print-system/tests/quest_machine_behavior_test.gd:56)
       [3] _run_case (res://main-autolysis/systems/quest-print-system/tests/quest_machine_behavior_test.gd:124)
       [4] _dispose (res://main-autolysis/systems/quest-print-system/tests/quest_machine_behavior_test.gd:425)
       [5] frames (res://main-autolysis/systems/quest-print-system/tests/quest_machine_behavior_test.gd:430)
ERROR: 失败：唯一按钮入口建立一份空白纸张
   at: push_error (core/variant/variant_utility.cpp:1024)
   GDScript backtrace (most recent call first):
       [0] check (res://main-autolysis/systems/quest-print-system/tests/quest_machine_behavior_test.gd:440)
       [1] _start (res://main-autolysis/systems/quest-print-system/tests/quest_machine_behavior_test.gd:108)
       [2] _run_case (res://main-autolysis/systems/quest-print-system/tests/quest_machine_behavior_test.gd:120)
       [3] run_checks (res://main-autolysis/systems/quest-print-system/tests/quest_machine_behavior_test.gd:56)
       [4] _run_case (res://main-autolysis/systems/quest-print-system/tests/quest_machine_behavior_test.gd:124)
       [5] _dispose (res://main-autolysis/systems/quest-print-system/tests/quest_machine_behavior_test.gd:425)
       [6] frames (res://main-autolysis/systems/quest-print-system/tests/quest_machine_behavior_test.gd:430)
SCRIPT ERROR: Invalid call. Nonexistent function 'get_visible_data_line_indices' in base 'Nil'.
   at: _start (res://main-autolysis/systems/quest-print-system/tests/quest_machine_behavior_test.gd:110)
   GDScript backtrace (most recent call first):
       [0] _start (res://main-autolysis/systems/quest-print-system/tests/quest_machine_behavior_test.gd:110)
       [1] _run_case (res://main-autolysis/systems/quest-print-system/tests/quest_machine_behavior_test.gd:120)
       [2] run_checks (res://main-autolysis/systems/quest-print-system/tests/quest_machine_behavior_test.gd:56)
       [3] _run_case (res://main-autolysis/systems/quest-print-system/tests/quest_machine_behavior_test.gd:124)
       [4] _dispose (res://main-autolysis/systems/quest-print-system/tests/quest_machine_behavior_test.gd:425)
       [5] frames (res://main-autolysis/systems/quest-print-system/tests/quest_machine_behavior_test.gd:430)
ERROR: Node not found: "FootstepPlayer" (relative to "/root/@Node3D@18/@CharacterBody3D@20").
   at: get_node (scene/main/node.cpp:1963)
   GDScript backtrace (most recent call first):
       [0] @implicit_ready (res://main-autolysis/player/autolysis_player.gd:116)
       [1] _prepare (res://main-autolysis/systems/quest-print-system/tests/quest_machine_behavior_test.gd:78)
       [2] _run_case (res://main-autolysis/systems/quest-print-system/tests/quest_machine_behavior_test.gd:115)
       [3] run_checks (res://main-autolysis/systems/quest-print-system/tests/quest_machine_behavior_test.gd:56)
       [4] _run_case (res://main-autolysis/systems/quest-print-system/tests/quest_machine_behavior_test.gd:124)
       [5] _dispose (res://main-autolysis/systems/quest-print-system/tests/quest_machine_behavior_test.gd:425)
       [6] frames (res://main-autolysis/systems/quest-print-system/tests/quest_machine_behavior_test.gd:430)
ERROR: Node not found: "Body" (relative to "/root/@Node3D@18/@CharacterBody3D@20").
   at: get_node (scene/main/node.cpp:1963)
   GDScript backtrace (most recent call first):
       [0] @implicit_ready (res://main-autolysis/player/autolysis_player.gd:117)
       [1] _prepare (res://main-autolysis/systems/quest-print-system/tests/quest_machine_behavior_test.gd:78)
       [2] _run_case (res://main-autolysis/systems/quest-print-system/tests/quest_machine_behavior_test.gd:115)
       [3] run_checks (res://main-autolysis/systems/quest-print-system/tests/quest_machine_behavior_test.gd:56)
       [4] _run_case (res://main-autolysis/systems/quest-print-system/tests/quest_machine_behavior_test.gd:124)
       [5] _dispose (res://main-autolysis/systems/quest-print-system/tests/quest_machine_behavior_test.gd:425)
       [6] frames (res://main-autolysis/systems/quest-print-system/tests/quest_machine_behavior_test.gd:430)
ERROR: Node not found: "Body/Neck" (relative to "/root/@Node3D@18/@CharacterBody3D@20").
   at: get_node (scene/main/node.cpp:1963)
   GDScript backtrace (most recent call first):
       [0] @implicit_ready (res://main-autolysis/player/autolysis_player.gd:118)
       [1] _prepare (res://main-autolysis/systems/quest-print-system/tests/quest_machine_behavior_test.gd:78)
       [2] _run_case (res://main-autolysis/systems/quest-print-system/tests/quest_machine_behavior_test.gd:115)
       [3] run_checks (res://main-autolysis/systems/quest-print-system/tests/quest_machine_behavior_test.gd:56)
       [4] _run_case (res://main-autolysis/systems/quest-print-system/tests/quest_machine_behavior_test.gd:124)
       [5] _dispose (res://main-autolysis/systems/quest-print-system/tests/quest_machine_behavior_test.gd:425)
       [6] frames (res://main-autolysis/systems/quest-print-system/tests/quest_machine_behavior_test.gd:430)
ERROR: Node not found: "Body/Neck/Head" (relative to "/root/@Node3D@18/@CharacterBody3D@20").
   at: get_node (scene/main/node.cpp:1963)
   GDScript backtrace (most recent call first):
       [0] @implicit_ready (res://main-autolysis/player/autolysis_player.gd:119)
       [1] _prepare (res://main-autolysis/systems/quest-print-system/tests/quest_machine_behavior_test.gd:78)
       [2] _run_case (res://main-autolysis/systems/quest-print-system/tests/quest_machine_behavior_test.gd:115)
       [3] run_checks (res://main-autolysis/systems/quest-print-system/tests/quest_machine_behavior_test.gd:56)
       [4] _run_case (res://main-autolysis/systems/quest-print-system/tests/quest_machine_behavior_test.gd:124)
       [5] _dispose (res://main-autolysis/systems/quest-print-system/tests/quest_machine_behavior_test.gd:425)
       [6] frames (res://main-autolysis/systems/quest-print-system/tests/quest_machine_behavior_test.gd:430)
ERROR: Node not found: "Body/Neck/Head/Eyes" (relative to "/root/@Node3D@18/@CharacterBody3D@20").
   at: get_node (scene/main/node.cpp:1963)
   GDScript backtrace (most recent call first):
       [0] @implicit_ready (res://main-autolysis/player/autolysis_player.gd:120)
       [1] _prepare (res://main-autolysis/systems/quest-print-system/tests/quest_machine_behavior_test.gd:78)
       [2] _run_case (res://main-autolysis/systems/quest-print-system/tests/quest_machine_behavior_test.gd:115)
       [3] run_checks (res://main-autolysis/systems/quest-print-system/tests/quest_machine_behavior_test.gd:56)
       [4] _run_case (res://main-autolysis/systems/quest-print-system/tests/quest_machine_behavior_test.gd:124)
       [5] _dispose (res://main-autolysis/systems/quest-print-system/tests/quest_machine_behavior_test.gd:425)
       [6] frames (res://main-autolysis/systems/quest-print-system/tests/quest_machine_behavior_test.gd:430)
ERROR: Node not found: "Body/Neck/Head/Eyes/Camera" (relative to "/root/@Node3D@18/@CharacterBody3D@20").
   at: get_node (scene/main/node.cpp:1963)
   GDScript backtrace (most recent call first):
       [0] @implicit_ready (res://main-autolysis/player/autolysis_player.gd:121)
       [1] _prepare (res://main-autolysis/systems/quest-print-system/tests/quest_machine_behavior_test.gd:78)
       [2] _run_case (res://main-autolysis/systems/quest-print-system/tests/quest_machine_behavior_test.gd:115)
       [3] run_checks (res://main-autolysis/systems/quest-print-system/tests/quest_machine_behavior_test.gd:56)
       [4] _run_case (res://main-autolysis/systems/quest-print-system/tests/quest_machine_behavior_test.gd:124)
       [5] _dispose (res://main-autolysis/systems/quest-print-system/tests/quest_machine_behavior_test.gd:425)
       [6] frames (res://main-autolysis/systems/quest-print-system/tests/quest_machine_behavior_test.gd:430)
ERROR: Node not found: "Body/Neck/Head/Eyes/AnimationPlayer" (relative to "/root/@Node3D@18/@CharacterBody3D@20").
   at: get_node (scene/main/node.cpp:1963)
   GDScript backtrace (most recent call first):
       [0] @implicit_ready (res://main-autolysis/player/autolysis_player.gd:122)
       [1] _prepare (res://main-autolysis/systems/quest-print-system/tests/quest_machine_behavior_test.gd:78)
       [2] _run_case (res://main-autolysis/systems/quest-print-system/tests/quest_machine_behavior_test.gd:115)
       [3] run_checks (res://main-autolysis/systems/quest-print-system/tests/quest_machine_behavior_test.gd:56)
       [4] _run_case (res://main-autolysis/systems/quest-print-system/tests/quest_machine_behavior_test.gd:124)
       [5] _dispose (res://main-autolysis/systems/quest-print-system/tests/quest_machine_behavior_test.gd:425)
       [6] frames (res://main-autolysis/systems/quest-print-system/tests/quest_machine_behavior_test.gd:430)
ERROR: Node not found: "StandingCollisionShape" (relative to "/root/@Node3D@18/@CharacterBody3D@20").
   at: get_node (scene/main/node.cpp:1963)
   GDScript backtrace (most recent call first):
       [0] @implicit_ready (res://main-autolysis/player/autolysis_player.gd:123)
       [1] _prepare (res://main-autolysis/systems/quest-print-system/tests/quest_machine_behavior_test.gd:78)
       [2] _run_case (res://main-autolysis/systems/quest-print-system/tests/quest_machine_behavior_test.gd:115)
       [3] run_checks (res://main-autolysis/systems/quest-print-system/tests/quest_machine_behavior_test.gd:56)
       [4] _run_case (res://main-autolysis/systems/quest-print-system/tests/quest_machine_behavior_test.gd:124)
       [5] _dispose (res://main-autolysis/systems/quest-print-system/tests/quest_machine_behavior_test.gd:425)
       [6] frames (res://main-autolysis/systems/quest-print-system/tests/quest_machine_behavior_test.gd:430)
ERROR: Node not found: "CrouchingCollisionShape" (relative to "/root/@Node3D@18/@CharacterBody3D@20").
   at: get_node (scene/main/node.cpp:1963)
   GDScript backtrace (most recent call first):
       [0] @implicit_ready (res://main-autolysis/player/autolysis_player.gd:124)
       [1] _prepare (res://main-autolysis/systems/quest-print-system/tests/quest_machine_behavior_test.gd:78)
       [2] _run_case (res://main-autolysis/systems/quest-print-system/tests/quest_machine_behavior_test.gd:115)
       [3] run_checks (res://main-autolysis/systems/quest-print-system/tests/quest_machine_behavior_test.gd:56)
       [4] _run_case (res://main-autolysis/systems/quest-print-system/tests/quest_machine_behavior_test.gd:124)
       [5] _dispose (res://main-autolysis/systems/quest-print-system/tests/quest_machine_behavior_test.gd:425)
       [6] frames (res://main-autolysis/systems/quest-print-system/tests/quest_machine_behavior_test.gd:430)
ERROR: Node not found: "CrouchRayCast" (relative to "/root/@Node3D@18/@CharacterBody3D@20").
   at: get_node (scene/main/node.cpp:1963)
   GDScript backtrace (most recent call first):
       [0] @implicit_ready (res://main-autolysis/player/autolysis_player.gd:125)
       [1] _prepare (res://main-autolysis/systems/quest-print-system/tests/quest_machine_behavior_test.gd:78)
       [2] _run_case (res://main-autolysis/systems/quest-print-system/tests/quest_machine_behavior_test.gd:115)
       [3] run_checks (res://main-autolysis/systems/quest-print-system/tests/quest_machine_behavior_test.gd:56)
       [4] _run_case (res://main-autolysis/systems/quest-print-system/tests/quest_machine_behavior_test.gd:124)
       [5] _dispose (res://main-autolysis/systems/quest-print-system/tests/quest_machine_behavior_test.gd:425)
       [6] frames (res://main-autolysis/systems/quest-print-system/tests/quest_machine_behavior_test.gd:430)
ERROR: Node not found: "SlidingTimer" (relative to "/root/@Node3D@18/@CharacterBody3D@20").
   at: get_node (scene/main/node.cpp:1963)
   GDScript backtrace (most recent call first):
       [0] @implicit_ready (res://main-autolysis/player/autolysis_player.gd:126)
       [1] _prepare (res://main-autolysis/systems/quest-print-system/tests/quest_machine_behavior_test.gd:78)
       [2] _run_case (res://main-autolysis/systems/quest-print-system/tests/quest_machine_behavior_test.gd:115)
       [3] run_checks (res://main-autolysis/systems/quest-print-system/tests/quest_machine_behavior_test.gd:56)
       [4] _run_case (res://main-autolysis/systems/quest-print-system/tests/quest_machine_behavior_test.gd:124)
       [5] _dispose (res://main-autolysis/systems/quest-print-system/tests/quest_machine_behavior_test.gd:425)
       [6] frames (res://main-autolysis/systems/quest-print-system/tests/quest_machine_behavior_test.gd:430)
ERROR: Node not found: "JumpCooldownTimer" (relative to "/root/@Node3D@18/@CharacterBody3D@20").
   at: get_node (scene/main/node.cpp:1963)
   GDScript backtrace (most recent call first):
       [0] @implicit_ready (res://main-autolysis/player/autolysis_player.gd:127)
       [1] _prepare (res://main-autolysis/systems/quest-print-system/tests/quest_machine_behavior_test.gd:78)
       [2] _run_case (res://main-autolysis/systems/quest-print-system/tests/quest_machine_behavior_test.gd:115)
       [3] run_checks (res://main-autolysis/systems/quest-print-system/tests/quest_machine_behavior_test.gd:56)
       [4] _run_case (res://main-autolysis/systems/quest-print-system/tests/quest_machine_behavior_test.gd:124)
       [5] _dispose (res://main-autolysis/systems/quest-print-system/tests/quest_machine_behavior_test.gd:425)
       [6] frames (res://main-autolysis/systems/quest-print-system/tests/quest_machine_behavior_test.gd:430)
ERROR: Node not found: "DegaussPlayerFoundArea" (relative to "/root/@Node3D@18/@CharacterBody3D@20").
   at: get_node (scene/main/node.cpp:1963)
   GDScript backtrace (most recent call first):
       [0] @implicit_ready (res://main-autolysis/player/autolysis_player.gd:128)
       [1] _prepare (res://main-autolysis/systems/quest-print-system/tests/quest_machine_behavior_test.gd:78)
       [2] _run_case (res://main-autolysis/systems/quest-print-system/tests/quest_machine_behavior_test.gd:115)
       [3] run_checks (res://main-autolysis/systems/quest-print-system/tests/quest_machine_behavior_test.gd:56)
       [4] _run_case (res://main-autolysis/systems/quest-print-system/tests/quest_machine_behavior_test.gd:124)
       [5] _dispose (res://main-autolysis/systems/quest-print-system/tests/quest_machine_behavior_test.gd:425)
       [6] frames (res://main-autolysis/systems/quest-print-system/tests/quest_machine_behavior_test.gd:430)
ERROR: Node not found: "DegaussPlayerFoundArea/found_collision_standing" (relative to "/root/@Node3D@18/@CharacterBody3D@20").
   at: get_node (scene/main/node.cpp:1963)
   GDScript backtrace (most recent call first):
       [0] @implicit_ready (res://main-autolysis/player/autolysis_player.gd:129)
       [1] _prepare (res://main-autolysis/systems/quest-print-system/tests/quest_machine_behavior_test.gd:78)
       [2] _run_case (res://main-autolysis/systems/quest-print-system/tests/quest_machine_behavior_test.gd:115)
       [3] run_checks (res://main-autolysis/systems/quest-print-system/tests/quest_machine_behavior_test.gd:56)
       [4] _run_case (res://main-autolysis/systems/quest-print-system/tests/quest_machine_behavior_test.gd:124)
       [5] _dispose (res://main-autolysis/systems/quest-print-system/tests/quest_machine_behavior_test.gd:425)
       [6] frames (res://main-autolysis/systems/quest-print-system/tests/quest_machine_behavior_test.gd:430)
ERROR: Node not found: "DegaussPlayerFoundArea/found_collision_walking" (relative to "/root/@Node3D@18/@CharacterBody3D@20").
   at: get_node (scene/main/node.cpp:1963)
   GDScript backtrace (most recent call first):
       [0] @implicit_ready (res://main-autolysis/player/autolysis_player.gd:130)
       [1] _prepare (res://main-autolysis/systems/quest-print-system/tests/quest_machine_behavior_test.gd:78)
       [2] _run_case (res://main-autolysis/systems/quest-print-system/tests/quest_machine_behavior_test.gd:115)
       [3] run_checks (res://main-autolysis/systems/quest-print-system/tests/quest_machine_behavior_test.gd:56)
       [4] _run_case (res://main-autolysis/systems/quest-print-system/tests/quest_machine_behavior_test.gd:124)
       [5] _dispose (res://main-autolysis/systems/quest-print-system/tests/quest_machine_behavior_test.gd:425)
       [6] frames (res://main-autolysis/systems/quest-print-system/tests/quest_machine_behavior_test.gd:430)
ERROR: Node not found: "DegaussPlayerFoundArea/found_collision_crouching" (relative to "/root/@Node3D@18/@CharacterBody3D@20").
   at: get_node (scene/main/node.cpp:1963)
   GDScript backtrace (most recent call first):
       [0] @implicit_ready (res://main-autolysis/player/autolysis_player.gd:131)
       [1] _prepare (res://main-autolysis/systems/quest-print-system/tests/quest_machine_behavior_test.gd:78)
       [2] _run_case (res://main-autolysis/systems/quest-print-system/tests/quest_machine_behavior_test.gd:115)
       [3] run_checks (res://main-autolysis/systems/quest-print-system/tests/quest_machine_behavior_test.gd:56)
       [4] _run_case (res://main-autolysis/systems/quest-print-system/tests/quest_machine_behavior_test.gd:124)
       [5] _dispose (res://main-autolysis/systems/quest-print-system/tests/quest_machine_behavior_test.gd:425)
       [6] frames (res://main-autolysis/systems/quest-print-system/tests/quest_machine_behavior_test.gd:430)
ERROR: Node not found: "DegaussPlayerFoundArea/found_collision_running" (relative to "/root/@Node3D@18/@CharacterBody3D@20").
   at: get_node (scene/main/node.cpp:1963)
   GDScript backtrace (most recent call first):
       [0] @implicit_ready (res://main-autolysis/player/autolysis_player.gd:132)
       [1] _prepare (res://main-autolysis/systems/quest-print-system/tests/quest_machine_behavior_test.gd:78)
       [2] _run_case (res://main-autolysis/systems/quest-print-system/tests/quest_machine_behavior_test.gd:115)
       [3] run_checks (res://main-autolysis/systems/quest-print-system/tests/quest_machine_behavior_test.gd:56)
       [4] _run_case (res://main-autolysis/systems/quest-print-system/tests/quest_machine_behavior_test.gd:124)
       [5] _dispose (res://main-autolysis/systems/quest-print-system/tests/quest_machine_behavior_test.gd:425)
       [6] frames (res://main-autolysis/systems/quest-print-system/tests/quest_machine_behavior_test.gd:430)
ERROR: Node not found: "Body/Neck/Head/Eyes/Camera/InteractionRaycast" (relative to "/root/@Node3D@18/@CharacterBody3D@20").
   at: get_node (scene/main/node.cpp:1963)
   GDScript backtrace (most recent call first):
       [0] @implicit_ready (res://main-autolysis/player/autolysis_player.gd:135)
       [1] _prepare (res://main-autolysis/systems/quest-print-system/tests/quest_machine_behavior_test.gd:78)
       [2] _run_case (res://main-autolysis/systems/quest-print-system/tests/quest_machine_behavior_test.gd:115)
       [3] run_checks (res://main-autolysis/systems/quest-print-system/tests/quest_machine_behavior_test.gd:56)
       [4] _run_case (res://main-autolysis/systems/quest-print-system/tests/quest_machine_behavior_test.gd:124)
       [5] _dispose (res://main-autolysis/systems/quest-print-system/tests/quest_machine_behavior_test.gd:425)
       [6] frames (res://main-autolysis/systems/quest-print-system/tests/quest_machine_behavior_test.gd:430)
ERROR: Node not found: "InteractionController" (relative to "/root/@Node3D@18/@CharacterBody3D@20").
   at: get_node (scene/main/node.cpp:1963)
   GDScript backtrace (most recent call first):
       [0] @implicit_ready (res://main-autolysis/player/autolysis_player.gd:136)
       [1] _prepare (res://main-autolysis/systems/quest-print-system/tests/quest_machine_behavior_test.gd:78)
       [2] _run_case (res://main-autolysis/systems/quest-print-system/tests/quest_machine_behavior_test.gd:115)
       [3] run_checks (res://main-autolysis/systems/quest-print-system/tests/quest_machine_behavior_test.gd:56)
       [4] _run_case (res://main-autolysis/systems/quest-print-system/tests/quest_machine_behavior_test.gd:124)
       [5] _dispose (res://main-autolysis/systems/quest-print-system/tests/quest_machine_behavior_test.gd:425)
       [6] frames (res://main-autolysis/systems/quest-print-system/tests/quest_machine_behavior_test.gd:430)
ERROR: Node not found: "InteractionHUD/Crosshair" (relative to "/root/@Node3D@18/@CharacterBody3D@20").
   at: get_node (scene/main/node.cpp:1963)
   GDScript backtrace (most recent call first):
       [0] @implicit_ready (res://main-autolysis/player/autolysis_player.gd:137)
       [1] _prepare (res://main-autolysis/systems/quest-print-system/tests/quest_machine_behavior_test.gd:78)
       [2] _run_case (res://main-autolysis/systems/quest-print-system/tests/quest_machine_behavior_test.gd:115)
       [3] run_checks (res://main-autolysis/systems/quest-print-system/tests/quest_machine_behavior_test.gd:56)
       [4] _run_case (res://main-autolysis/systems/quest-print-system/tests/quest_machine_behavior_test.gd:124)
       [5] _dispose (res://main-autolysis/systems/quest-print-system/tests/quest_machine_behavior_test.gd:425)
       [6] frames (res://main-autolysis/systems/quest-print-system/tests/quest_machine_behavior_test.gd:430)
ERROR: Node not found: "%Wieldables" (relative to "/root/@Node3D@18/@CharacterBody3D@20").
   at: get_node (scene/main/node.cpp:1963)
   GDScript backtrace (most recent call first):
       [0] @implicit_ready (res://main-autolysis/player/autolysis_player.gd:138)
       [1] _prepare (res://main-autolysis/systems/quest-print-system/tests/quest_machine_behavior_test.gd:78)
       [2] _run_case (res://main-autolysis/systems/quest-print-system/tests/quest_machine_behavior_test.gd:115)
       [3] run_checks (res://main-autolysis/systems/quest-print-system/tests/quest_machine_behavior_test.gd:56)
       [4] _run_case (res://main-autolysis/systems/quest-print-system/tests/quest_machine_behavior_test.gd:124)
       [5] _dispose (res://main-autolysis/systems/quest-print-system/tests/quest_machine_behavior_test.gd:425)
       [6] frames (res://main-autolysis/systems/quest-print-system/tests/quest_machine_behavior_test.gd:430)
ERROR: Node not found: "InventoryController" (relative to "/root/@Node3D@18/@CharacterBody3D@20").
   at: get_node (scene/main/node.cpp:1963)
   GDScript backtrace (most recent call first):
       [0] @implicit_ready (res://main-autolysis/player/autolysis_player.gd:139)
       [1] _prepare (res://main-autolysis/systems/quest-print-system/tests/quest_machine_behavior_test.gd:78)
       [2] _run_case (res://main-autolysis/systems/quest-print-system/tests/quest_machine_behavior_test.gd:115)
       [3] run_checks (res://main-autolysis/systems/quest-print-system/tests/quest_machine_behavior_test.gd:56)
       [4] _run_case (res://main-autolysis/systems/quest-print-system/tests/quest_machine_behavior_test.gd:124)
       [5] _dispose (res://main-autolysis/systems/quest-print-system/tests/quest_machine_behavior_test.gd:425)
       [6] frames (res://main-autolysis/systems/quest-print-system/tests/quest_machine_behavior_test.gd:430)
ERROR: Node not found: "%HeldItemPresenter" (relative to "/root/@Node3D@18/@CharacterBody3D@20").
   at: get_node (scene/main/node.cpp:1963)
   GDScript backtrace (most recent call first):
       [0] @implicit_ready (res://main-autolysis/player/autolysis_player.gd:140)
       [1] _prepare (res://main-autolysis/systems/quest-print-system/tests/quest_machine_behavior_test.gd:78)
       [2] _run_case (res://main-autolysis/systems/quest-print-system/tests/quest_machine_behavior_test.gd:115)
       [3] run_checks (res://main-autolysis/systems/quest-print-system/tests/quest_machine_behavior_test.gd:56)
       [4] _run_case (res://main-autolysis/systems/quest-print-system/tests/quest_machine_behavior_test.gd:124)
       [5] _dispose (res://main-autolysis/systems/quest-print-system/tests/quest_machine_behavior_test.gd:425)
       [6] frames (res://main-autolysis/systems/quest-print-system/tests/quest_machine_behavior_test.gd:430)
ERROR: Node not found: "InventoryBar" (relative to "/root/@Node3D@18/@CharacterBody3D@20").
   at: get_node (scene/main/node.cpp:1963)
   GDScript backtrace (most recent call first):
       [0] @implicit_ready (res://main-autolysis/player/autolysis_player.gd:141)
       [1] _prepare (res://main-autolysis/systems/quest-print-system/tests/quest_machine_behavior_test.gd:78)
       [2] _run_case (res://main-autolysis/systems/quest-print-system/tests/quest_machine_behavior_test.gd:115)
       [3] run_checks (res://main-autolysis/systems/quest-print-system/tests/quest_machine_behavior_test.gd:56)
       [4] _run_case (res://main-autolysis/systems/quest-print-system/tests/quest_machine_behavior_test.gd:124)
       [5] _dispose (res://main-autolysis/systems/quest-print-system/tests/quest_machine_behavior_test.gd:425)
       [6] frames (res://main-autolysis/systems/quest-print-system/tests/quest_machine_behavior_test.gd:430)
ERROR: Node not found: "DialoguePlayer" (relative to "/root/@Node3D@18/@CharacterBody3D@20").
   at: get_node (scene/main/node.cpp:1963)
   GDScript backtrace (most recent call first):
       [0] @implicit_ready (res://main-autolysis/player/autolysis_player.gd:142)
       [1] _prepare (res://main-autolysis/systems/quest-print-system/tests/quest_machine_behavior_test.gd:78)
       [2] _run_case (res://main-autolysis/systems/quest-print-system/tests/quest_machine_behavior_test.gd:115)
       [3] run_checks (res://main-autolysis/systems/quest-print-system/tests/quest_machine_behavior_test.gd:56)
       [4] _run_case (res://main-autolysis/systems/quest-print-system/tests/quest_machine_behavior_test.gd:124)
       [5] _dispose (res://main-autolysis/systems/quest-print-system/tests/quest_machine_behavior_test.gd:425)
       [6] frames (res://main-autolysis/systems/quest-print-system/tests/quest_machine_behavior_test.gd:430)
ERROR: Node not found: "LiquidContentsPanel" (relative to "/root/@Node3D@18/@CharacterBody3D@20").
   at: get_node (scene/main/node.cpp:1963)
   GDScript backtrace (most recent call first):
       [0] @implicit_ready (res://main-autolysis/player/autolysis_player.gd:143)
       [1] _prepare (res://main-autolysis/systems/quest-print-system/tests/quest_machine_behavior_test.gd:78)
       [2] _run_case (res://main-autolysis/systems/quest-print-system/tests/quest_machine_behavior_test.gd:115)
       [3] run_checks (res://main-autolysis/systems/quest-print-system/tests/quest_machine_behavior_test.gd:56)
       [4] _run_case (res://main-autolysis/systems/quest-print-system/tests/quest_machine_behavior_test.gd:124)
       [5] _dispose (res://main-autolysis/systems/quest-print-system/tests/quest_machine_behavior_test.gd:425)
       [6] frames (res://main-autolysis/systems/quest-print-system/tests/quest_machine_behavior_test.gd:430)
ERROR: Node not found: "NavigationAgent3D" (relative to "/root/@Node3D@18/@CharacterBody3D@20").
   at: get_node (scene/main/node.cpp:1963)
   GDScript backtrace (most recent call first):
       [0] @implicit_ready (res://main-autolysis/player/autolysis_player.gd:144)
       [1] _prepare (res://main-autolysis/systems/quest-print-system/tests/quest_machine_behavior_test.gd:78)
       [2] _run_case (res://main-autolysis/systems/quest-print-system/tests/quest_machine_behavior_test.gd:115)
       [3] run_checks (res://main-autolysis/systems/quest-print-system/tests/quest_machine_behavior_test.gd:56)
       [4] _run_case (res://main-autolysis/systems/quest-print-system/tests/quest_machine_behavior_test.gd:124)
       [5] _dispose (res://main-autolysis/systems/quest-print-system/tests/quest_machine_behavior_test.gd:425)
       [6] frames (res://main-autolysis/systems/quest-print-system/tests/quest_machine_behavior_test.gd:430)
ERROR: Node not found: "FocusController" (relative to "/root/@Node3D@18/@CharacterBody3D@20").
   at: get_node (scene/main/node.cpp:1963)
   GDScript backtrace (most recent call first):
       [0] @implicit_ready (res://main-autolysis/player/autolysis_player.gd:145)
       [1] _prepare (res://main-autolysis/systems/quest-print-system/tests/quest_machine_behavior_test.gd:78)
       [2] _run_case (res://main-autolysis/systems/quest-print-system/tests/quest_machine_behavior_test.gd:115)
       [3] run_checks (res://main-autolysis/systems/quest-print-system/tests/quest_machine_behavior_test.gd:56)
       [4] _run_case (res://main-autolysis/systems/quest-print-system/tests/quest_machine_behavior_test.gd:124)
       [5] _dispose (res://main-autolysis/systems/quest-print-system/tests/quest_machine_behavior_test.gd:425)
       [6] frames (res://main-autolysis/systems/quest-print-system/tests/quest_machine_behavior_test.gd:430)
SCRIPT ERROR: Invalid assignment of property or key 'state' with value of type 'int' on a base object of type 'null instance'.
   at: _prepare (res://main-autolysis/systems/quest-print-system/tests/quest_machine_behavior_test.gd:83)
   GDScript backtrace (most recent call first):
       [0] _prepare (res://main-autolysis/systems/quest-print-system/tests/quest_machine_behavior_test.gd:83)
       [1] _run_case (res://main-autolysis/systems/quest-print-system/tests/quest_machine_behavior_test.gd:115)
       [2] run_checks (res://main-autolysis/systems/quest-print-system/tests/quest_machine_behavior_test.gd:56)
       [3] _run_case (res://main-autolysis/systems/quest-print-system/tests/quest_machine_behavior_test.gd:124)
       [4] _dispose (res://main-autolysis/systems/quest-print-system/tests/quest_machine_behavior_test.gd:425)
       [5] frames (res://main-autolysis/systems/quest-print-system/tests/quest_machine_behavior_test.gd:430)
ERROR: 失败：唯一按钮入口建立一份空白纸张
   at: push_error (core/variant/variant_utility.cpp:1024)
   GDScript backtrace (most recent call first):
       [0] check (res://main-autolysis/systems/quest-print-system/tests/quest_machine_behavior_test.gd:440)
       [1] _start (res://main-autolysis/systems/quest-print-system/tests/quest_machine_behavior_test.gd:108)
       [2] _run_case (res://main-autolysis/systems/quest-print-system/tests/quest_machine_behavior_test.gd:120)
       [3] run_checks (res://main-autolysis/systems/quest-print-system/tests/quest_machine_behavior_test.gd:56)
       [4] _run_case (res://main-autolysis/systems/quest-print-system/tests/quest_machine_behavior_test.gd:124)
       [5] _dispose (res://main-autolysis/systems/quest-print-system/tests/quest_machine_behavior_test.gd:425)
       [6] frames (res://main-autolysis/systems/quest-print-system/tests/quest_machine_behavior_test.gd:430)
SCRIPT ERROR: Invalid call. Nonexistent function 'get_visible_data_line_indices' in base 'Nil'.
   at: _start (res://main-autolysis/systems/quest-print-system/tests/quest_machine_behavior_test.gd:110)
   GDScript backtrace (most recent call first):
       [0] _start (res://main-autolysis/systems/quest-print-system/tests/quest_machine_behavior_test.gd:110)
       [1] _run_case (res://main-autolysis/systems/quest-print-system/tests/quest_machine_behavior_test.gd:120)
       [2] run_checks (res://main-autolysis/systems/quest-print-system/tests/quest_machine_behavior_test.gd:56)
       [3] _run_case (res://main-autolysis/systems/quest-print-system/tests/quest_machine_behavior_test.gd:124)
       [4] _dispose (res://main-autolysis/systems/quest-print-system/tests/quest_machine_behavior_test.gd:425)
       [5] frames (res://main-autolysis/systems/quest-print-system/tests/quest_machine_behavior_test.gd:430)
ERROR: Node not found: "FootstepPlayer" (relative to "/root/@Node3D@22/@CharacterBody3D@24").
   at: get_node (scene/main/node.cpp:1963)
   GDScript backtrace (most recent call first):
       [0] @implicit_ready (res://main-autolysis/player/autolysis_player.gd:116)
       [1] _prepare (res://main-autolysis/systems/quest-print-system/tests/quest_machine_behavior_test.gd:78)
       [2] _run_case (res://main-autolysis/systems/quest-print-system/tests/quest_machine_behavior_test.gd:115)
       [3] run_checks (res://main-autolysis/systems/quest-print-system/tests/quest_machine_behavior_test.gd:56)
       [4] _run_case (res://main-autolysis/systems/quest-print-system/tests/quest_machine_behavior_test.gd:124)
       [5] _dispose (res://main-autolysis/systems/quest-print-system/tests/quest_machine_behavior_test.gd:425)
       [6] frames (res://main-autolysis/systems/quest-print-system/tests/quest_machine_behavior_test.gd:430)
ERROR: Node not found: "Body" (relative to "/root/@Node3D@22/@CharacterBody3D@24").
   at: get_node (scene/main/node.cpp:1963)
   GDScript backtrace (most recent call first):
       [0] @implicit_ready (res://main-autolysis/player/autolysis_player.gd:117)
       [1] _prepare (res://main-autolysis/systems/quest-print-system/tests/quest_machine_behavior_test.gd:78)
       [2] _run_case (res://main-autolysis/systems/quest-print-system/tests/quest_machine_behavior_test.gd:115)
       [3] run_checks (res://main-autolysis/systems/quest-print-system/tests/quest_machine_behavior_test.gd:56)
       [4] _run_case (res://main-autolysis/systems/quest-print-system/tests/quest_machine_behavior_test.gd:124)
       [5] _dispose (res://main-autolysis/systems/quest-print-system/tests/quest_machine_behavior_test.gd:425)
       [6] frames (res://main-autolysis/systems/quest-print-system/tests/quest_machine_behavior_test.gd:430)
ERROR: Node not found: "Body/Neck" (relative to "/root/@Node3D@22/@CharacterBody3D@24").
   at: get_node (scene/main/node.cpp:1963)
   GDScript backtrace (most recent call first):
       [0] @implicit_ready (res://main-autolysis/player/autolysis_player.gd:118)
       [1] _prepare (res://main-autolysis/systems/quest-print-system/tests/quest_machine_behavior_test.gd:78)
       [2] _run_case (res://main-autolysis/systems/quest-print-system/tests/quest_machine_behavior_test.gd:115)
       [3] run_checks (res://main-autolysis/systems/quest-print-system/tests/quest_machine_behavior_test.gd:56)
       [4] _run_case (res://main-autolysis/systems/quest-print-system/tests/quest_machine_behavior_test.gd:124)
       [5] _dispose (res://main-autolysis/systems/quest-print-system/tests/quest_machine_behavior_test.gd:425)
       [6] frames (res://main-autolysis/systems/quest-print-system/tests/quest_machine_behavior_test.gd:430)
ERROR: Node not found: "Body/Neck/Head" (relative to "/root/@Node3D@22/@CharacterBody3D@24").
   at: get_node (scene/main/node.cpp:1963)
   GDScript backtrace (most recent call first):
       [0] @implicit_ready (res://main-autolysis/player/autolysis_player.gd:119)
       [1] _prepare (res://main-autolysis/systems/quest-print-system/tests/quest_machine_behavior_test.gd:78)
       [2] _run_case (res://main-autolysis/systems/quest-print-system/tests/quest_machine_behavior_test.gd:115)
       [3] run_checks (res://main-autolysis/systems/quest-print-system/tests/quest_machine_behavior_test.gd:56)
       [4] _run_case (res://main-autolysis/systems/quest-print-system/tests/quest_machine_behavior_test.gd:124)
       [5] _dispose (res://main-autolysis/systems/quest-print-system/tests/quest_machine_behavior_test.gd:425)
       [6] frames (res://main-autolysis/systems/quest-print-system/tests/quest_machine_behavior_test.gd:430)
ERROR: Node not found: "Body/Neck/Head/Eyes" (relative to "/root/@Node3D@22/@CharacterBody3D@24").
   at: get_node (scene/main/node.cpp:1963)
   GDScript backtrace (most recent call first):
       [0] @implicit_ready (res://main-autolysis/player/autolysis_player.gd:120)
       [1] _prepare (res://main-autolysis/systems/quest-print-system/tests/quest_machine_behavior_test.gd:78)
       [2] _run_case (res://main-autolysis/systems/quest-print-system/tests/quest_machine_behavior_test.gd:115)
       [3] run_checks (res://main-autolysis/systems/quest-print-system/tests/quest_machine_behavior_test.gd:56)
       [4] _run_case (res://main-autolysis/systems/quest-print-system/tests/quest_machine_behavior_test.gd:124)
       [5] _dispose (res://main-autolysis/systems/quest-print-system/tests/quest_machine_behavior_test.gd:425)
       [6] frames (res://main-autolysis/systems/quest-print-system/tests/quest_machine_behavior_test.gd:430)
ERROR: Node not found: "Body/Neck/Head/Eyes/Camera" (relative to "/root/@Node3D@22/@CharacterBody3D@24").
   at: get_node (scene/main/node.cpp:1963)
   GDScript backtrace (most recent call first):
       [0] @implicit_ready (res://main-autolysis/player/autolysis_player.gd:121)
       [1] _prepare (res://main-autolysis/systems/quest-print-system/tests/quest_machine_behavior_test.gd:78)
       [2] _run_case (res://main-autolysis/systems/quest-print-system/tests/quest_machine_behavior_test.gd:115)
       [3] run_checks (res://main-autolysis/systems/quest-print-system/tests/quest_machine_behavior_test.gd:56)
       [4] _run_case (res://main-autolysis/systems/quest-print-system/tests/quest_machine_behavior_test.gd:124)
       [5] _dispose (res://main-autolysis/systems/quest-print-system/tests/quest_machine_behavior_test.gd:425)
       [6] frames (res://main-autolysis/systems/quest-print-system/tests/quest_machine_behavior_test.gd:430)
ERROR: Node not found: "Body/Neck/Head/Eyes/AnimationPlayer" (relative to "/root/@Node3D@22/@CharacterBody3D@24").
   at: get_node (scene/main/node.cpp:1963)
   GDScript backtrace (most recent call first):
       [0] @implicit_ready (res://main-autolysis/player/autolysis_player.gd:122)
       [1] _prepare (res://main-autolysis/systems/quest-print-system/tests/quest_machine_behavior_test.gd:78)
       [2] _run_case (res://main-autolysis/systems/quest-print-system/tests/quest_machine_behavior_test.gd:115)
       [3] run_checks (res://main-autolysis/systems/quest-print-system/tests/quest_machine_behavior_test.gd:56)
       [4] _run_case (res://main-autolysis/systems/quest-print-system/tests/quest_machine_behavior_test.gd:124)
       [5] _dispose (res://main-autolysis/systems/quest-print-system/tests/quest_machine_behavior_test.gd:425)
       [6] frames (res://main-autolysis/systems/quest-print-system/tests/quest_machine_behavior_test.gd:430)
ERROR: Node not found: "StandingCollisionShape" (relative to "/root/@Node3D@22/@CharacterBody3D@24").
   at: get_node (scene/main/node.cpp:1963)
   GDScript backtrace (most recent call first):
       [0] @implicit_ready (res://main-autolysis/player/autolysis_player.gd:123)
       [1] _prepare (res://main-autolysis/systems/quest-print-system/tests/quest_machine_behavior_test.gd:78)
       [2] _run_case (res://main-autolysis/systems/quest-print-system/tests/quest_machine_behavior_test.gd:115)
       [3] run_checks (res://main-autolysis/systems/quest-print-system/tests/quest_machine_behavior_test.gd:56)
       [4] _run_case (res://main-autolysis/systems/quest-print-system/tests/quest_machine_behavior_test.gd:124)
       [5] _dispose (res://main-autolysis/systems/quest-print-system/tests/quest_machine_behavior_test.gd:425)
       [6] frames (res://main-autolysis/systems/quest-print-system/tests/quest_machine_behavior_test.gd:430)
ERROR: Node not found: "CrouchingCollisionShape" (relative to "/root/@Node3D@22/@CharacterBody3D@24").
   at: get_node (scene/main/node.cpp:1963)
   GDScript backtrace (most recent call first):
       [0] @implicit_ready (res://main-autolysis/player/autolysis_player.gd:124)
       [1] _prepare (res://main-autolysis/systems/quest-print-system/tests/quest_machine_behavior_test.gd:78)
       [2] _run_case (res://main-autolysis/systems/quest-print-system/tests/quest_machine_behavior_test.gd:115)
       [3] run_checks (res://main-autolysis/systems/quest-print-system/tests/quest_machine_behavior_test.gd:56)
       [4] _run_case (res://main-autolysis/systems/quest-print-system/tests/quest_machine_behavior_test.gd:124)
       [5] _dispose (res://main-autolysis/systems/quest-print-system/tests/quest_machine_behavior_test.gd:425)
       [6] frames (res://main-autolysis/systems/quest-print-system/tests/quest_machine_behavior_test.gd:430)
ERROR: Node not found: "CrouchRayCast" (relative to "/root/@Node3D@22/@CharacterBody3D@24").
   at: get_node (scene/main/node.cpp:1963)
   GDScript backtrace (most recent call first):
       [0] @implicit_ready (res://main-autolysis/player/autolysis_player.gd:125)
       [1] _prepare (res://main-autolysis/systems/quest-print-system/tests/quest_machine_behavior_test.gd:78)
       [2] _run_case (res://main-autolysis/systems/quest-print-system/tests/quest_machine_behavior_test.gd:115)
       [3] run_checks (res://main-autolysis/systems/quest-print-system/tests/quest_machine_behavior_test.gd:56)
       [4] _run_case (res://main-autolysis/systems/quest-print-system/tests/quest_machine_behavior_test.gd:124)
       [5] _dispose (res://main-autolysis/systems/quest-print-system/tests/quest_machine_behavior_test.gd:425)
       [6] frames (res://main-autolysis/systems/quest-print-system/tests/quest_machine_behavior_test.gd:430)
ERROR: Node not found: "SlidingTimer" (relative to "/root/@Node3D@22/@CharacterBody3D@24").
   at: get_node (scene/main/node.cpp:1963)
   GDScript backtrace (most recent call first):
       [0] @implicit_ready (res://main-autolysis/player/autolysis_player.gd:126)
       [1] _prepare (res://main-autolysis/systems/quest-print-system/tests/quest_machine_behavior_test.gd:78)
       [2] _run_case (res://main-autolysis/systems/quest-print-system/tests/quest_machine_behavior_test.gd:115)
       [3] run_checks (res://main-autolysis/systems/quest-print-system/tests/quest_machine_behavior_test.gd:56)
       [4] _run_case (res://main-autolysis/systems/quest-print-system/tests/quest_machine_behavior_test.gd:124)
       [5] _dispose (res://main-autolysis/systems/quest-print-system/tests/quest_machine_behavior_test.gd:425)
       [6] frames (res://main-autolysis/systems/quest-print-system/tests/quest_machine_behavior_test.gd:430)
ERROR: Node not found: "JumpCooldownTimer" (relative to "/root/@Node3D@22/@CharacterBody3D@24").
   at: get_node (scene/main/node.cpp:1963)
   GDScript backtrace (most recent call first):
       [0] @implicit_ready (res://main-autolysis/player/autolysis_player.gd:127)
       [1] _prepare (res://main-autolysis/systems/quest-print-system/tests/quest_machine_behavior_test.gd:78)
       [2] _run_case (res://main-autolysis/systems/quest-print-system/tests/quest_machine_behavior_test.gd:115)
       [3] run_checks (res://main-autolysis/systems/quest-print-system/tests/quest_machine_behavior_test.gd:56)
       [4] _run_case (res://main-autolysis/systems/quest-print-system/tests/quest_machine_behavior_test.gd:124)
       [5] _dispose (res://main-autolysis/systems/quest-print-system/tests/quest_machine_behavior_test.gd:425)
       [6] frames (res://main-autolysis/systems/quest-print-system/tests/quest_machine_behavior_test.gd:430)
ERROR: Node not found: "DegaussPlayerFoundArea" (relative to "/root/@Node3D@22/@CharacterBody3D@24").
   at: get_node (scene/main/node.cpp:1963)
   GDScript backtrace (most recent call first):
       [0] @implicit_ready (res://main-autolysis/player/autolysis_player.gd:128)
       [1] _prepare (res://main-autolysis/systems/quest-print-system/tests/quest_machine_behavior_test.gd:78)
       [2] _run_case (res://main-autolysis/systems/quest-print-system/tests/quest_machine_behavior_test.gd:115)
       [3] run_checks (res://main-autolysis/systems/quest-print-system/tests/quest_machine_behavior_test.gd:56)
       [4] _run_case (res://main-autolysis/systems/quest-print-system/tests/quest_machine_behavior_test.gd:124)
       [5] _dispose (res://main-autolysis/systems/quest-print-system/tests/quest_machine_behavior_test.gd:425)
       [6] frames (res://main-autolysis/systems/quest-print-system/tests/quest_machine_behavior_test.gd:430)
ERROR: Node not found: "DegaussPlayerFoundArea/found_collision_standing" (relative to "/root/@Node3D@22/@CharacterBody3D@24").
   at: get_node (scene/main/node.cpp:1963)
   GDScript backtrace (most recent call first):
       [0] @implicit_ready (res://main-autolysis/player/autolysis_player.gd:129)
       [1] _prepare (res://main-autolysis/systems/quest-print-system/tests/quest_machine_behavior_test.gd:78)
       [2] _run_case (res://main-autolysis/systems/quest-print-system/tests/quest_machine_behavior_test.gd:115)
       [3] run_checks (res://main-autolysis/systems/quest-print-system/tests/quest_machine_behavior_test.gd:56)
       [4] _run_case (res://main-autolysis/systems/quest-print-system/tests/quest_machine_behavior_test.gd:124)
       [5] _dispose (res://main-autolysis/systems/quest-print-system/tests/quest_machine_behavior_test.gd:425)
       [6] frames (res://main-autolysis/systems/quest-print-system/tests/quest_machine_behavior_test.gd:430)
ERROR: Node not found: "DegaussPlayerFoundArea/found_collision_walking" (relative to "/root/@Node3D@22/@CharacterBody3D@24").
   at: get_node (scene/main/node.cpp:1963)
   GDScript backtrace (most recent call first):
       [0] @implicit_ready (res://main-autolysis/player/autolysis_player.gd:130)
       [1] _prepare (res://main-autolysis/systems/quest-print-system/tests/quest_machine_behavior_test.gd:78)
       [2] _run_case (res://main-autolysis/systems/quest-print-system/tests/quest_machine_behavior_test.gd:115)
       [3] run_checks (res://main-autolysis/systems/quest-print-system/tests/quest_machine_behavior_test.gd:56)
       [4] _run_case (res://main-autolysis/systems/quest-print-system/tests/quest_machine_behavior_test.gd:124)
       [5] _dispose (res://main-autolysis/systems/quest-print-system/tests/quest_machine_behavior_test.gd:425)
       [6] frames (res://main-autolysis/systems/quest-print-system/tests/quest_machine_behavior_test.gd:430)
ERROR: Node not found: "DegaussPlayerFoundArea/found_collision_crouching" (relative to "/root/@Node3D@22/@CharacterBody3D@24").
   at: get_node (scene/main/node.cpp:1963)
   GDScript backtrace (most recent call first):
       [0] @implicit_ready (res://main-autolysis/player/autolysis_player.gd:131)
       [1] _prepare (res://main-autolysis/systems/quest-print-system/tests/quest_machine_behavior_test.gd:78)
       [2] _run_case (res://main-autolysis/systems/quest-print-system/tests/quest_machine_behavior_test.gd:115)
       [3] run_checks (res://main-autolysis/systems/quest-print-system/tests/quest_machine_behavior_test.gd:56)
       [4] _run_case (res://main-autolysis/systems/quest-print-system/tests/quest_machine_behavior_test.gd:124)
       [5] _dispose (res://main-autolysis/systems/quest-print-system/tests/quest_machine_behavior_test.gd:425)
       [6] frames (res://main-autolysis/systems/quest-print-system/tests/quest_machine_behavior_test.gd:430)
ERROR: Node not found: "DegaussPlayerFoundArea/found_collision_running" (relative to "/root/@Node3D@22/@CharacterBody3D@24").
   at: get_node (scene/main/node.cpp:1963)
   GDScript backtrace (most recent call first):
       [0] @implicit_ready (res://main-autolysis/player/autolysis_player.gd:132)
       [1] _prepare (res://main-autolysis/systems/quest-print-system/tests/quest_machine_behavior_test.gd:78)
       [2] _run_case (res://main-autolysis/systems/quest-print-system/tests/quest_machine_behavior_test.gd:115)
       [3] run_checks (res://main-autolysis/systems/quest-print-system/tests/quest_machine_behavior_test.gd:56)
       [4] _run_case (res://main-autolysis/systems/quest-print-system/tests/quest_machine_behavior_test.gd:124)
       [5] _dispose (res://main-autolysis/systems/quest-print-system/tests/quest_machine_behavior_test.gd:425)
       [6] frames (res://main-autolysis/systems/quest-print-system/tests/quest_machine_behavior_test.gd:430)
ERROR: Node not found: "Body/Neck/Head/Eyes/Camera/InteractionRaycast" (relative to "/root/@Node3D@22/@CharacterBody3D@24").
   at: get_node (scene/main/node.cpp:1963)
   GDScript backtrace (most recent call first):
       [0] @implicit_ready (res://main-autolysis/player/autolysis_player.gd:135)
       [1] _prepare (res://main-autolysis/systems/quest-print-system/tests/quest_machine_behavior_test.gd:78)
       [2] _run_case (res://main-autolysis/systems/quest-print-system/tests/quest_machine_behavior_test.gd:115)
       [3] run_checks (res://main-autolysis/systems/quest-print-system/tests/quest_machine_behavior_test.gd:56)
       [4] _run_case (res://main-autolysis/systems/quest-print-system/tests/quest_machine_behavior_test.gd:124)
       [5] _dispose (res://main-autolysis/systems/quest-print-system/tests/quest_machine_behavior_test.gd:425)
       [6] frames (res://main-autolysis/systems/quest-print-system/tests/quest_machine_behavior_test.gd:430)
ERROR: Node not found: "InteractionController" (relative to "/root/@Node3D@22/@CharacterBody3D@24").
   at: get_node (scene/main/node.cpp:1963)
   GDScript backtrace (most recent call first):
       [0] @implicit_ready (res://main-autolysis/player/autolysis_player.gd:136)
       [1] _prepare (res://main-autolysis/systems/quest-print-system/tests/quest_machine_behavior_test.gd:78)
       [2] _run_case (res://main-autolysis/systems/quest-print-system/tests/quest_machine_behavior_test.gd:115)
       [3] run_checks (res://main-autolysis/systems/quest-print-system/tests/quest_machine_behavior_test.gd:56)
       [4] _run_case (res://main-autolysis/systems/quest-print-system/tests/quest_machine_behavior_test.gd:124)
       [5] _dispose (res://main-autolysis/systems/quest-print-system/tests/quest_machine_behavior_test.gd:425)
       [6] frames (res://main-autolysis/systems/quest-print-system/tests/quest_machine_behavior_test.gd:430)
ERROR: Node not found: "InteractionHUD/Crosshair" (relative to "/root/@Node3D@22/@CharacterBody3D@24").
   at: get_node (scene/main/node.cpp:1963)
   GDScript backtrace (most recent call first):
       [0] @implicit_ready (res://main-autolysis/player/autolysis_player.gd:137)
       [1] _prepare (res://main-autolysis/systems/quest-print-system/tests/quest_machine_behavior_test.gd:78)
       [2] _run_case (res://main-autolysis/systems/quest-print-system/tests/quest_machine_behavior_test.gd:115)
       [3] run_checks (res://main-autolysis/systems/quest-print-system/tests/quest_machine_behavior_test.gd:56)
       [4] _run_case (res://main-autolysis/systems/quest-print-system/tests/quest_machine_behavior_test.gd:124)
       [5] _dispose (res://main-autolysis/systems/quest-print-system/tests/quest_machine_behavior_test.gd:425)
       [6] frames (res://main-autolysis/systems/quest-print-system/tests/quest_machine_behavior_test.gd:430)
ERROR: Node not found: "%Wieldables" (relative to "/root/@Node3D@22/@CharacterBody3D@24").
   at: get_node (scene/main/node.cpp:1963)
   GDScript backtrace (most recent call first):
       [0] @implicit_ready (res://main-autolysis/player/autolysis_player.gd:138)
       [1] _prepare (res://main-autolysis/systems/quest-print-system/tests/quest_machine_behavior_test.gd:78)
       [2] _run_case (res://main-autolysis/systems/quest-print-system/tests/quest_machine_behavior_test.gd:115)
       [3] run_checks (res://main-autolysis/systems/quest-print-system/tests/quest_machine_behavior_test.gd:56)
       [4] _run_case (res://main-autolysis/systems/quest-print-system/tests/quest_machine_behavior_test.gd:124)
       [5] _dispose (res://main-autolysis/systems/quest-print-system/tests/quest_machine_behavior_test.gd:425)
       [6] frames (res://main-autolysis/systems/quest-print-system/tests/quest_machine_behavior_test.gd:430)
ERROR: Node not found: "InventoryController" (relative to "/root/@Node3D@22/@CharacterBody3D@24").
   at: get_node (scene/main/node.cpp:1963)
   GDScript backtrace (most recent call first):
       [0] @implicit_ready (res://main-autolysis/player/autolysis_player.gd:139)
       [1] _prepare (res://main-autolysis/systems/quest-print-system/tests/quest_machine_behavior_test.gd:78)
       [2] _run_case (res://main-autolysis/systems/quest-print-system/tests/quest_machine_behavior_test.gd:115)
       [3] run_checks (res://main-autolysis/systems/quest-print-system/tests/quest_machine_behavior_test.gd:56)
       [4] _run_case (res://main-autolysis/systems/quest-print-system/tests/quest_machine_behavior_test.gd:124)
       [5] _dispose (res://main-autolysis/systems/quest-print-system/tests/quest_machine_behavior_test.gd:425)
       [6] frames (res://main-autolysis/systems/quest-print-system/tests/quest_machine_behavior_test.gd:430)
ERROR: Node not found: "%HeldItemPresenter" (relative to "/root/@Node3D@22/@CharacterBody3D@24").
   at: get_node (scene/main/node.cpp:1963)
   GDScript backtrace (most recent call first):
       [0] @implicit_ready (res://main-autolysis/player/autolysis_player.gd:140)
       [1] _prepare (res://main-autolysis/systems/quest-print-system/tests/quest_machine_behavior_test.gd:78)
       [2] _run_case (res://main-autolysis/systems/quest-print-system/tests/quest_machine_behavior_test.gd:115)
       [3] run_checks (res://main-autolysis/systems/quest-print-system/tests/quest_machine_behavior_test.gd:56)
       [4] _run_case (res://main-autolysis/systems/quest-print-system/tests/quest_machine_behavior_test.gd:124)
       [5] _dispose (res://main-autolysis/systems/quest-print-system/tests/quest_machine_behavior_test.gd:425)
       [6] frames (res://main-autolysis/systems/quest-print-system/tests/quest_machine_behavior_test.gd:430)
ERROR: Node not found: "InventoryBar" (relative to "/root/@Node3D@22/@CharacterBody3D@24").
   at: get_node (scene/main/node.cpp:1963)
   GDScript backtrace (most recent call first):
       [0] @implicit_ready (res://main-autolysis/player/autolysis_player.gd:141)
       [1] _prepare (res://main-autolysis/systems/quest-print-system/tests/quest_machine_behavior_test.gd:78)
       [2] _run_case (res://main-autolysis/systems/quest-print-system/tests/quest_machine_behavior_test.gd:115)
       [3] run_checks (res://main-autolysis/systems/quest-print-system/tests/quest_machine_behavior_test.gd:56)
       [4] _run_case (res://main-autolysis/systems/quest-print-system/tests/quest_machine_behavior_test.gd:124)
       [5] _dispose (res://main-autolysis/systems/quest-print-system/tests/quest_machine_behavior_test.gd:425)
       [6] frames (res://main-autolysis/systems/quest-print-system/tests/quest_machine_behavior_test.gd:430)
ERROR: Node not found: "DialoguePlayer" (relative to "/root/@Node3D@22/@CharacterBody3D@24").
   at: get_node (scene/main/node.cpp:1963)
   GDScript backtrace (most recent call first):
       [0] @implicit_ready (res://main-autolysis/player/autolysis_player.gd:142)
       [1] _prepare (res://main-autolysis/systems/quest-print-system/tests/quest_machine_behavior_test.gd:78)
       [2] _run_case (res://main-autolysis/systems/quest-print-system/tests/quest_machine_behavior_test.gd:115)
       [3] run_checks (res://main-autolysis/systems/quest-print-system/tests/quest_machine_behavior_test.gd:56)
       [4] _run_case (res://main-autolysis/systems/quest-print-system/tests/quest_machine_behavior_test.gd:124)
       [5] _dispose (res://main-autolysis/systems/quest-print-system/tests/quest_machine_behavior_test.gd:425)
       [6] frames (res://main-autolysis/systems/quest-print-system/tests/quest_machine_behavior_test.gd:430)
ERROR: Node not found: "LiquidContentsPanel" (relative to "/root/@Node3D@22/@CharacterBody3D@24").
   at: get_node (scene/main/node.cpp:1963)
   GDScript backtrace (most recent call first):
       [0] @implicit_ready (res://main-autolysis/player/autolysis_player.gd:143)
       [1] _prepare (res://main-autolysis/systems/quest-print-system/tests/quest_machine_behavior_test.gd:78)
       [2] _run_case (res://main-autolysis/systems/quest-print-system/tests/quest_machine_behavior_test.gd:115)
       [3] run_checks (res://main-autolysis/systems/quest-print-system/tests/quest_machine_behavior_test.gd:56)
       [4] _run_case (res://main-autolysis/systems/quest-print-system/tests/quest_machine_behavior_test.gd:124)
       [5] _dispose (res://main-autolysis/systems/quest-print-system/tests/quest_machine_behavior_test.gd:425)
       [6] frames (res://main-autolysis/systems/quest-print-system/tests/quest_machine_behavior_test.gd:430)
ERROR: Node not found: "NavigationAgent3D" (relative to "/root/@Node3D@22/@CharacterBody3D@24").
   at: get_node (scene/main/node.cpp:1963)
   GDScript backtrace (most recent call first):
       [0] @implicit_ready (res://main-autolysis/player/autolysis_player.gd:144)
       [1] _prepare (res://main-autolysis/systems/quest-print-system/tests/quest_machine_behavior_test.gd:78)
       [2] _run_case (res://main-autolysis/systems/quest-print-system/tests/quest_machine_behavior_test.gd:115)
       [3] run_checks (res://main-autolysis/systems/quest-print-system/tests/quest_machine_behavior_test.gd:56)
       [4] _run_case (res://main-autolysis/systems/quest-print-system/tests/quest_machine_behavior_test.gd:124)
       [5] _dispose (res://main-autolysis/systems/quest-print-system/tests/quest_machine_behavior_test.gd:425)
       [6] frames (res://main-autolysis/systems/quest-print-system/tests/quest_machine_behavior_test.gd:430)
ERROR: Node not found: "FocusController" (relative to "/root/@Node3D@22/@CharacterBody3D@24").
   at: get_node (scene/main/node.cpp:1963)
   GDScript backtrace (most recent call first):
       [0] @implicit_ready (res://main-autolysis/player/autolysis_player.gd:145)
       [1] _prepare (res://main-autolysis/systems/quest-print-system/tests/quest_machine_behavior_test.gd:78)
       [2] _run_case (res://main-autolysis/systems/quest-print-system/tests/quest_machine_behavior_test.gd:115)
       [3] run_checks (res://main-autolysis/systems/quest-print-system/tests/quest_machine_behavior_test.gd:56)
       [4] _run_case (res://main-autolysis/systems/quest-print-system/tests/quest_machine_behavior_test.gd:124)
       [5] _dispose (res://main-autolysis/systems/quest-print-system/tests/quest_machine_behavior_test.gd:425)
       [6] frames (res://main-autolysis/systems/quest-print-system/tests/quest_machine_behavior_test.gd:430)
SCRIPT ERROR: Invalid assignment of property or key 'state' with value of type 'int' on a base object of type 'null instance'.
   at: _prepare (res://main-autolysis/systems/quest-print-system/tests/quest_machine_behavior_test.gd:83)
   GDScript backtrace (most recent call first):
       [0] _prepare (res://main-autolysis/systems/quest-print-system/tests/quest_machine_behavior_test.gd:83)
       [1] _run_case (res://main-autolysis/systems/quest-print-system/tests/quest_machine_behavior_test.gd:115)
       [2] run_checks (res://main-autolysis/systems/quest-print-system/tests/quest_machine_behavior_test.gd:56)
       [3] _run_case (res://main-autolysis/systems/quest-print-system/tests/quest_machine_behavior_test.gd:124)
       [4] _dispose (res://main-autolysis/systems/quest-print-system/tests/quest_machine_behavior_test.gd:425)
       [5] frames (res://main-autolysis/systems/quest-print-system/tests/quest_machine_behavior_test.gd:430)
ERROR: 失败：唯一按钮入口建立一份空白纸张
   at: push_error (core/variant/variant_utility.cpp:1024)
   GDScript backtrace (most recent call first):
       [0] check (res://main-autolysis/systems/quest-print-system/tests/quest_machine_behavior_test.gd:440)
       [1] _start (res://main-autolysis/systems/quest-print-system/tests/quest_machine_behavior_test.gd:108)
       [2] _run_case (res://main-autolysis/systems/quest-print-system/tests/quest_machine_behavior_test.gd:120)
       [3] run_checks (res://main-autolysis/systems/quest-print-system/tests/quest_machine_behavior_test.gd:56)
       [4] _run_case (res://main-autolysis/systems/quest-print-system/tests/quest_machine_behavior_test.gd:124)
       [5] _dispose (res://main-autolysis/systems/quest-print-system/tests/quest_machine_behavior_test.gd:425)
       [6] frames (res://main-autolysis/systems/quest-print-system/tests/quest_machine_behavior_test.gd:430)
SCRIPT ERROR: Invalid call. Nonexistent function 'get_visible_data_line_indices' in base 'Nil'.
   at: _start (res://main-autolysis/systems/quest-print-system/tests/quest_machine_behavior_test.gd:110)
   GDScript backtrace (most recent call first):
       [0] _start (res://main-autolysis/systems/quest-print-system/tests/quest_machine_behavior_test.gd:110)
       [1] _run_case (res://main-autolysis/systems/quest-print-system/tests/quest_machine_behavior_test.gd:120)
       [2] run_checks (res://main-autolysis/systems/quest-print-system/tests/quest_machine_behavior_test.gd:56)
       [3] _run_case (res://main-autolysis/systems/quest-print-system/tests/quest_machine_behavior_test.gd:124)
       [4] _dispose (res://main-autolysis/systems/quest-print-system/tests/quest_machine_behavior_test.gd:425)
       [5] frames (res://main-autolysis/systems/quest-print-system/tests/quest_machine_behavior_test.gd:430)
ERROR: Node not found: "FootstepPlayer" (relative to "/root/@Node3D@26/@CharacterBody3D@28").
   at: get_node (scene/main/node.cpp:1963)
   GDScript backtrace (most recent call first):
       [0] @implicit_ready (res://main-autolysis/player/autolysis_player.gd:116)
       [1] _prepare (res://main-autolysis/systems/quest-print-system/tests/quest_machine_behavior_test.gd:78)
       [2] _run_case (res://main-autolysis/systems/quest-print-system/tests/quest_machine_behavior_test.gd:115)
       [3] run_checks (res://main-autolysis/systems/quest-print-system/tests/quest_machine_behavior_test.gd:58)
       [4] _run_case (res://main-autolysis/systems/quest-print-system/tests/quest_machine_behavior_test.gd:124)
       [5] _dispose (res://main-autolysis/systems/quest-print-system/tests/quest_machine_behavior_test.gd:425)
       [6] frames (res://main-autolysis/systems/quest-print-system/tests/quest_machine_behavior_test.gd:430)
ERROR: Node not found: "Body" (relative to "/root/@Node3D@26/@CharacterBody3D@28").
   at: get_node (scene/main/node.cpp:1963)
   GDScript backtrace (most recent call first):
       [0] @implicit_ready (res://main-autolysis/player/autolysis_player.gd:117)
       [1] _prepare (res://main-autolysis/systems/quest-print-system/tests/quest_machine_behavior_test.gd:78)
       [2] _run_case (res://main-autolysis/systems/quest-print-system/tests/quest_machine_behavior_test.gd:115)
       [3] run_checks (res://main-autolysis/systems/quest-print-system/tests/quest_machine_behavior_test.gd:58)
       [4] _run_case (res://main-autolysis/systems/quest-print-system/tests/quest_machine_behavior_test.gd:124)
       [5] _dispose (res://main-autolysis/systems/quest-print-system/tests/quest_machine_behavior_test.gd:425)
       [6] frames (res://main-autolysis/systems/quest-print-system/tests/quest_machine_behavior_test.gd:430)
ERROR: Node not found: "Body/Neck" (relative to "/root/@Node3D@26/@CharacterBody3D@28").
   at: get_node (scene/main/node.cpp:1963)
   GDScript backtrace (most recent call first):
       [0] @implicit_ready (res://main-autolysis/player/autolysis_player.gd:118)
       [1] _prepare (res://main-autolysis/systems/quest-print-system/tests/quest_machine_behavior_test.gd:78)
       [2] _run_case (res://main-autolysis/systems/quest-print-system/tests/quest_machine_behavior_test.gd:115)
       [3] run_checks (res://main-autolysis/systems/quest-print-system/tests/quest_machine_behavior_test.gd:58)
       [4] _run_case (res://main-autolysis/systems/quest-print-system/tests/quest_machine_behavior_test.gd:124)
       [5] _dispose (res://main-autolysis/systems/quest-print-system/tests/quest_machine_behavior_test.gd:425)
       [6] frames (res://main-autolysis/systems/quest-print-system/tests/quest_machine_behavior_test.gd:430)
ERROR: Node not found: "Body/Neck/Head" (relative to "/root/@Node3D@26/@CharacterBody3D@28").
   at: get_node (scene/main/node.cpp:1963)
   GDScript backtrace (most recent call first):
       [0] @implicit_ready (res://main-autolysis/player/autolysis_player.gd:119)
       [1] _prepare (res://main-autolysis/systems/quest-print-system/tests/quest_machine_behavior_test.gd:78)
       [2] _run_case (res://main-autolysis/systems/quest-print-system/tests/quest_machine_behavior_test.gd:115)
       [3] run_checks (res://main-autolysis/systems/quest-print-system/tests/quest_machine_behavior_test.gd:58)
       [4] _run_case (res://main-autolysis/systems/quest-print-system/tests/quest_machine_behavior_test.gd:124)
       [5] _dispose (res://main-autolysis/systems/quest-print-system/tests/quest_machine_behavior_test.gd:425)
       [6] frames (res://main-autolysis/systems/quest-print-system/tests/quest_machine_behavior_test.gd:430)
ERROR: Node not found: "Body/Neck/Head/Eyes" (relative to "/root/@Node3D@26/@CharacterBody3D@28").
   at: get_node (scene/main/node.cpp:1963)
   GDScript backtrace (most recent call first):
       [0] @implicit_ready (res://main-autolysis/player/autolysis_player.gd:120)
       [1] _prepare (res://main-autolysis/systems/quest-print-system/tests/quest_machine_behavior_test.gd:78)
       [2] _run_case (res://main-autolysis/systems/quest-print-system/tests/quest_machine_behavior_test.gd:115)
       [3] run_checks (res://main-autolysis/systems/quest-print-system/tests/quest_machine_behavior_test.gd:58)
       [4] _run_case (res://main-autolysis/systems/quest-print-system/tests/quest_machine_behavior_test.gd:124)
       [5] _dispose (res://main-autolysis/systems/quest-print-system/tests/quest_machine_behavior_test.gd:425)
       [6] frames (res://main-autolysis/systems/quest-print-system/tests/quest_machine_behavior_test.gd:430)
ERROR: Node not found: "Body/Neck/Head/Eyes/Camera" (relative to "/root/@Node3D@26/@CharacterBody3D@28").
   at: get_node (scene/main/node.cpp:1963)
   GDScript backtrace (most recent call first):
       [0] @implicit_ready (res://main-autolysis/player/autolysis_player.gd:121)
       [1] _prepare (res://main-autolysis/systems/quest-print-system/tests/quest_machine_behavior_test.gd:78)
       [2] _run_case (res://main-autolysis/systems/quest-print-system/tests/quest_machine_behavior_test.gd:115)
       [3] run_checks (res://main-autolysis/systems/quest-print-system/tests/quest_machine_behavior_test.gd:58)
       [4] _run_case (res://main-autolysis/systems/quest-print-system/tests/quest_machine_behavior_test.gd:124)
       [5] _dispose (res://main-autolysis/systems/quest-print-system/tests/quest_machine_behavior_test.gd:425)
       [6] frames (res://main-autolysis/systems/quest-print-system/tests/quest_machine_behavior_test.gd:430)
ERROR: Node not found: "Body/Neck/Head/Eyes/AnimationPlayer" (relative to "/root/@Node3D@26/@CharacterBody3D@28").
   at: get_node (scene/main/node.cpp:1963)
   GDScript backtrace (most recent call first):
       [0] @implicit_ready (res://main-autolysis/player/autolysis_player.gd:122)
       [1] _prepare (res://main-autolysis/systems/quest-print-system/tests/quest_machine_behavior_test.gd:78)
       [2] _run_case (res://main-autolysis/systems/quest-print-system/tests/quest_machine_behavior_test.gd:115)
       [3] run_checks (res://main-autolysis/systems/quest-print-system/tests/quest_machine_behavior_test.gd:58)
       [4] _run_case (res://main-autolysis/systems/quest-print-system/tests/quest_machine_behavior_test.gd:124)
       [5] _dispose (res://main-autolysis/systems/quest-print-system/tests/quest_machine_behavior_test.gd:425)
       [6] frames (res://main-autolysis/systems/quest-print-system/tests/quest_machine_behavior_test.gd:430)
ERROR: Node not found: "StandingCollisionShape" (relative to "/root/@Node3D@26/@CharacterBody3D@28").
   at: get_node (scene/main/node.cpp:1963)
   GDScript backtrace (most recent call first):
       [0] @implicit_ready (res://main-autolysis/player/autolysis_player.gd:123)
       [1] _prepare (res://main-autolysis/systems/quest-print-system/tests/quest_machine_behavior_test.gd:78)
       [2] _run_case (res://main-autolysis/systems/quest-print-system/tests/quest_machine_behavior_test.gd:115)
       [3] run_checks (res://main-autolysis/systems/quest-print-system/tests/quest_machine_behavior_test.gd:58)
       [4] _run_case (res://main-autolysis/systems/quest-print-system/tests/quest_machine_behavior_test.gd:124)
       [5] _dispose (res://main-autolysis/systems/quest-print-system/tests/quest_machine_behavior_test.gd:425)
       [6] frames (res://main-autolysis/systems/quest-print-system/tests/quest_machine_behavior_test.gd:430)
ERROR: Node not found: "CrouchingCollisionShape" (relative to "/root/@Node3D@26/@CharacterBody3D@28").
   at: get_node (scene/main/node.cpp:1963)
   GDScript backtrace (most recent call first):
       [0] @implicit_ready (res://main-autolysis/player/autolysis_player.gd:124)
       [1] _prepare (res://main-autolysis/systems/quest-print-system/tests/quest_machine_behavior_test.gd:78)
       [2] _run_case (res://main-autolysis/systems/quest-print-system/tests/quest_machine_behavior_test.gd:115)
       [3] run_checks (res://main-autolysis/systems/quest-print-system/tests/quest_machine_behavior_test.gd:58)
       [4] _run_case (res://main-autolysis/systems/quest-print-system/tests/quest_machine_behavior_test.gd:124)
       [5] _dispose (res://main-autolysis/systems/quest-print-system/tests/quest_machine_behavior_test.gd:425)
       [6] frames (res://main-autolysis/systems/quest-print-system/tests/quest_machine_behavior_test.gd:430)
ERROR: Node not found: "CrouchRayCast" (relative to "/root/@Node3D@26/@CharacterBody3D@28").
   at: get_node (scene/main/node.cpp:1963)
   GDScript backtrace (most recent call first):
       [0] @implicit_ready (res://main-autolysis/player/autolysis_player.gd:125)
       [1] _prepare (res://main-autolysis/systems/quest-print-system/tests/quest_machine_behavior_test.gd:78)
       [2] _run_case (res://main-autolysis/systems/quest-print-system/tests/quest_machine_behavior_test.gd:115)
       [3] run_checks (res://main-autolysis/systems/quest-print-system/tests/quest_machine_behavior_test.gd:58)
       [4] _run_case (res://main-autolysis/systems/quest-print-system/tests/quest_machine_behavior_test.gd:124)
       [5] _dispose (res://main-autolysis/systems/quest-print-system/tests/quest_machine_behavior_test.gd:425)
       [6] frames (res://main-autolysis/systems/quest-print-system/tests/quest_machine_behavior_test.gd:430)
ERROR: Node not found: "SlidingTimer" (relative to "/root/@Node3D@26/@CharacterBody3D@28").
   at: get_node (scene/main/node.cpp:1963)
   GDScript backtrace (most recent call first):
       [0] @implicit_ready (res://main-autolysis/player/autolysis_player.gd:126)
       [1] _prepare (res://main-autolysis/systems/quest-print-system/tests/quest_machine_behavior_test.gd:78)
       [2] _run_case (res://main-autolysis/systems/quest-print-system/tests/quest_machine_behavior_test.gd:115)
       [3] run_checks (res://main-autolysis/systems/quest-print-system/tests/quest_machine_behavior_test.gd:58)
       [4] _run_case (res://main-autolysis/systems/quest-print-system/tests/quest_machine_behavior_test.gd:124)
       [5] _dispose (res://main-autolysis/systems/quest-print-system/tests/quest_machine_behavior_test.gd:425)
       [6] frames (res://main-autolysis/systems/quest-print-system/tests/quest_machine_behavior_test.gd:430)
ERROR: Node not found: "JumpCooldownTimer" (relative to "/root/@Node3D@26/@CharacterBody3D@28").
   at: get_node (scene/main/node.cpp:1963)
   GDScript backtrace (most recent call first):
       [0] @implicit_ready (res://main-autolysis/player/autolysis_player.gd:127)
       [1] _prepare (res://main-autolysis/systems/quest-print-system/tests/quest_machine_behavior_test.gd:78)
       [2] _run_case (res://main-autolysis/systems/quest-print-system/tests/quest_machine_behavior_test.gd:115)
       [3] run_checks (res://main-autolysis/systems/quest-print-system/tests/quest_machine_behavior_test.gd:58)
       [4] _run_case (res://main-autolysis/systems/quest-print-system/tests/quest_machine_behavior_test.gd:124)
       [5] _dispose (res://main-autolysis/systems/quest-print-system/tests/quest_machine_behavior_test.gd:425)
       [6] frames (res://main-autolysis/systems/quest-print-system/tests/quest_machine_behavior_test.gd:430)
ERROR: Node not found: "DegaussPlayerFoundArea" (relative to "/root/@Node3D@26/@CharacterBody3D@28").
   at: get_node (scene/main/node.cpp:1963)
   GDScript backtrace (most recent call first):
       [0] @implicit_ready (res://main-autolysis/player/autolysis_player.gd:128)
       [1] _prepare (res://main-autolysis/systems/quest-print-system/tests/quest_machine_behavior_test.gd:78)
       [2] _run_case (res://main-autolysis/systems/quest-print-system/tests/quest_machine_behavior_test.gd:115)
       [3] run_checks (res://main-autolysis/systems/quest-print-system/tests/quest_machine_behavior_test.gd:58)
       [4] _run_case (res://main-autolysis/systems/quest-print-system/tests/quest_machine_behavior_test.gd:124)
       [5] _dispose (res://main-autolysis/systems/quest-print-system/tests/quest_machine_behavior_test.gd:425)
       [6] frames (res://main-autolysis/systems/quest-print-system/tests/quest_machine_behavior_test.gd:430)
ERROR: Node not found: "DegaussPlayerFoundArea/found_collision_standing" (relative to "/root/@Node3D@26/@CharacterBody3D@28").
   at: get_node (scene/main/node.cpp:1963)
   GDScript backtrace (most recent call first):
       [0] @implicit_ready (res://main-autolysis/player/autolysis_player.gd:129)
       [1] _prepare (res://main-autolysis/systems/quest-print-system/tests/quest_machine_behavior_test.gd:78)
       [2] _run_case (res://main-autolysis/systems/quest-print-system/tests/quest_machine_behavior_test.gd:115)
       [3] run_checks (res://main-autolysis/systems/quest-print-system/tests/quest_machine_behavior_test.gd:58)
       [4] _run_case (res://main-autolysis/systems/quest-print-system/tests/quest_machine_behavior_test.gd:124)
       [5] _dispose (res://main-autolysis/systems/quest-print-system/tests/quest_machine_behavior_test.gd:425)
       [6] frames (res://main-autolysis/systems/quest-print-system/tests/quest_machine_behavior_test.gd:430)
ERROR: Node not found: "DegaussPlayerFoundArea/found_collision_walking" (relative to "/root/@Node3D@26/@CharacterBody3D@28").
   at: get_node (scene/main/node.cpp:1963)
   GDScript backtrace (most recent call first):
       [0] @implicit_ready (res://main-autolysis/player/autolysis_player.gd:130)
       [1] _prepare (res://main-autolysis/systems/quest-print-system/tests/quest_machine_behavior_test.gd:78)
       [2] _run_case (res://main-autolysis/systems/quest-print-system/tests/quest_machine_behavior_test.gd:115)
       [3] run_checks (res://main-autolysis/systems/quest-print-system/tests/quest_machine_behavior_test.gd:58)
       [4] _run_case (res://main-autolysis/systems/quest-print-system/tests/quest_machine_behavior_test.gd:124)
       [5] _dispose (res://main-autolysis/systems/quest-print-system/tests/quest_machine_behavior_test.gd:425)
       [6] frames (res://main-autolysis/systems/quest-print-system/tests/quest_machine_behavior_test.gd:430)
ERROR: Node not found: "DegaussPlayerFoundArea/found_collision_crouching" (relative to "/root/@Node3D@26/@CharacterBody3D@28").
   at: get_node (scene/main/node.cpp:1963)
   GDScript backtrace (most recent call first):
       [0] @implicit_ready (res://main-autolysis/player/autolysis_player.gd:131)
       [1] _prepare (res://main-autolysis/systems/quest-print-system/tests/quest_machine_behavior_test.gd:78)
       [2] _run_case (res://main-autolysis/systems/quest-print-system/tests/quest_machine_behavior_test.gd:115)
       [3] run_checks (res://main-autolysis/systems/quest-print-system/tests/quest_machine_behavior_test.gd:58)
       [4] _run_case (res://main-autolysis/systems/quest-print-system/tests/quest_machine_behavior_test.gd:124)
       [5] _dispose (res://main-autolysis/systems/quest-print-system/tests/quest_machine_behavior_test.gd:425)
       [6] frames (res://main-autolysis/systems/quest-print-system/tests/quest_machine_behavior_test.gd:430)
ERROR: Node not found: "DegaussPlayerFoundArea/found_collision_running" (relative to "/root/@Node3D@26/@CharacterBody3D@28").
   at: get_node (scene/main/node.cpp:1963)
   GDScript backtrace (most recent call first):
       [0] @implicit_ready (res://main-autolysis/player/autolysis_player.gd:132)
       [1] _prepare (res://main-autolysis/systems/quest-print-system/tests/quest_machine_behavior_test.gd:78)
       [2] _run_case (res://main-autolysis/systems/quest-print-system/tests/quest_machine_behavior_test.gd:115)
       [3] run_checks (res://main-autolysis/systems/quest-print-system/tests/quest_machine_behavior_test.gd:58)
       [4] _run_case (res://main-autolysis/systems/quest-print-system/tests/quest_machine_behavior_test.gd:124)
       [5] _dispose (res://main-autolysis/systems/quest-print-system/tests/quest_machine_behavior_test.gd:425)
       [6] frames (res://main-autolysis/systems/quest-print-system/tests/quest_machine_behavior_test.gd:430)
ERROR: Node not found: "Body/Neck/Head/Eyes/Camera/InteractionRaycast" (relative to "/root/@Node3D@26/@CharacterBody3D@28").
   at: get_node (scene/main/node.cpp:1963)
   GDScript backtrace (most recent call first):
       [0] @implicit_ready (res://main-autolysis/player/autolysis_player.gd:135)
       [1] _prepare (res://main-autolysis/systems/quest-print-system/tests/quest_machine_behavior_test.gd:78)
       [2] _run_case (res://main-autolysis/systems/quest-print-system/tests/quest_machine_behavior_test.gd:115)
       [3] run_checks (res://main-autolysis/systems/quest-print-system/tests/quest_machine_behavior_test.gd:58)
       [4] _run_case (res://main-autolysis/systems/quest-print-system/tests/quest_machine_behavior_test.gd:124)
       [5] _dispose (res://main-autolysis/systems/quest-print-system/tests/quest_machine_behavior_test.gd:425)
       [6] frames (res://main-autolysis/systems/quest-print-system/tests/quest_machine_behavior_test.gd:430)
ERROR: Node not found: "InteractionController" (relative to "/root/@Node3D@26/@CharacterBody3D@28").
   at: get_node (scene/main/node.cpp:1963)
   GDScript backtrace (most recent call first):
       [0] @implicit_ready (res://main-autolysis/player/autolysis_player.gd:136)
       [1] _prepare (res://main-autolysis/systems/quest-print-system/tests/quest_machine_behavior_test.gd:78)
       [2] _run_case (res://main-autolysis/systems/quest-print-system/tests/quest_machine_behavior_test.gd:115)
       [3] run_checks (res://main-autolysis/systems/quest-print-system/tests/quest_machine_behavior_test.gd:58)
       [4] _run_case (res://main-autolysis/systems/quest-print-system/tests/quest_machine_behavior_test.gd:124)
       [5] _dispose (res://main-autolysis/systems/quest-print-system/tests/quest_machine_behavior_test.gd:425)
       [6] frames (res://main-autolysis/systems/quest-print-system/tests/quest_machine_behavior_test.gd:430)
ERROR: Node not found: "InteractionHUD/Crosshair" (relative to "/root/@Node3D@26/@CharacterBody3D@28").
   at: get_node (scene/main/node.cpp:1963)
   GDScript backtrace (most recent call first):
       [0] @implicit_ready (res://main-autolysis/player/autolysis_player.gd:137)
       [1] _prepare (res://main-autolysis/systems/quest-print-system/tests/quest_machine_behavior_test.gd:78)
       [2] _run_case (res://main-autolysis/systems/quest-print-system/tests/quest_machine_behavior_test.gd:115)
       [3] run_checks (res://main-autolysis/systems/quest-print-system/tests/quest_machine_behavior_test.gd:58)
       [4] _run_case (res://main-autolysis/systems/quest-print-system/tests/quest_machine_behavior_test.gd:124)
       [5] _dispose (res://main-autolysis/systems/quest-print-system/tests/quest_machine_behavior_test.gd:425)
       [6] frames (res://main-autolysis/systems/quest-print-system/tests/quest_machine_behavior_test.gd:430)
ERROR: Node not found: "%Wieldables" (relative to "/root/@Node3D@26/@CharacterBody3D@28").
   at: get_node (scene/main/node.cpp:1963)
   GDScript backtrace (most recent call first):
       [0] @implicit_ready (res://main-autolysis/player/autolysis_player.gd:138)
       [1] _prepare (res://main-autolysis/systems/quest-print-system/tests/quest_machine_behavior_test.gd:78)
       [2] _run_case (res://main-autolysis/systems/quest-print-system/tests/quest_machine_behavior_test.gd:115)
       [3] run_checks (res://main-autolysis/systems/quest-print-system/tests/quest_machine_behavior_test.gd:58)
       [4] _run_case (res://main-autolysis/systems/quest-print-system/tests/quest_machine_behavior_test.gd:124)
       [5] _dispose (res://main-autolysis/systems/quest-print-system/tests/quest_machine_behavior_test.gd:425)
       [6] frames (res://main-autolysis/systems/quest-print-system/tests/quest_machine_behavior_test.gd:430)
ERROR: Node not found: "InventoryController" (relative to "/root/@Node3D@26/@CharacterBody3D@28").
   at: get_node (scene/main/node.cpp:1963)
   GDScript backtrace (most recent call first):
       [0] @implicit_ready (res://main-autolysis/player/autolysis_player.gd:139)
       [1] _prepare (res://main-autolysis/systems/quest-print-system/tests/quest_machine_behavior_test.gd:78)
       [2] _run_case (res://main-autolysis/systems/quest-print-system/tests/quest_machine_behavior_test.gd:115)
       [3] run_checks (res://main-autolysis/systems/quest-print-system/tests/quest_machine_behavior_test.gd:58)
       [4] _run_case (res://main-autolysis/systems/quest-print-system/tests/quest_machine_behavior_test.gd:124)
       [5] _dispose (res://main-autolysis/systems/quest-print-system/tests/quest_machine_behavior_test.gd:425)
       [6] frames (res://main-autolysis/systems/quest-print-system/tests/quest_machine_behavior_test.gd:430)
ERROR: Node not found: "%HeldItemPresenter" (relative to "/root/@Node3D@26/@CharacterBody3D@28").
   at: get_node (scene/main/node.cpp:1963)
   GDScript backtrace (most recent call first):
       [0] @implicit_ready (res://main-autolysis/player/autolysis_player.gd:140)
       [1] _prepare (res://main-autolysis/systems/quest-print-system/tests/quest_machine_behavior_test.gd:78)
       [2] _run_case (res://main-autolysis/systems/quest-print-system/tests/quest_machine_behavior_test.gd:115)
       [3] run_checks (res://main-autolysis/systems/quest-print-system/tests/quest_machine_behavior_test.gd:58)
       [4] _run_case (res://main-autolysis/systems/quest-print-system/tests/quest_machine_behavior_test.gd:124)
       [5] _dispose (res://main-autolysis/systems/quest-print-system/tests/quest_machine_behavior_test.gd:425)
       [6] frames (res://main-autolysis/systems/quest-print-system/tests/quest_machine_behavior_test.gd:430)
ERROR: Node not found: "InventoryBar" (relative to "/root/@Node3D@26/@CharacterBody3D@28").
   at: get_node (scene/main/node.cpp:1963)
   GDScript backtrace (most recent call first):
       [0] @implicit_ready (res://main-autolysis/player/autolysis_player.gd:141)
       [1] _prepare (res://main-autolysis/systems/quest-print-system/tests/quest_machine_behavior_test.gd:78)
       [2] _run_case (res://main-autolysis/systems/quest-print-system/tests/quest_machine_behavior_test.gd:115)
       [3] run_checks (res://main-autolysis/systems/quest-print-system/tests/quest_machine_behavior_test.gd:58)
       [4] _run_case (res://main-autolysis/systems/quest-print-system/tests/quest_machine_behavior_test.gd:124)
       [5] _dispose (res://main-autolysis/systems/quest-print-system/tests/quest_machine_behavior_test.gd:425)
       [6] frames (res://main-autolysis/systems/quest-print-system/tests/quest_machine_behavior_test.gd:430)
ERROR: Node not found: "DialoguePlayer" (relative to "/root/@Node3D@26/@CharacterBody3D@28").
   at: get_node (scene/main/node.cpp:1963)
   GDScript backtrace (most recent call first):
       [0] @implicit_ready (res://main-autolysis/player/autolysis_player.gd:142)
       [1] _prepare (res://main-autolysis/systems/quest-print-system/tests/quest_machine_behavior_test.gd:78)
       [2] _run_case (res://main-autolysis/systems/quest-print-system/tests/quest_machine_behavior_test.gd:115)
       [3] run_checks (res://main-autolysis/systems/quest-print-system/tests/quest_machine_behavior_test.gd:58)
       [4] _run_case (res://main-autolysis/systems/quest-print-system/tests/quest_machine_behavior_test.gd:124)
       [5] _dispose (res://main-autolysis/systems/quest-print-system/tests/quest_machine_behavior_test.gd:425)
       [6] frames (res://main-autolysis/systems/quest-print-system/tests/quest_machine_behavior_test.gd:430)
ERROR: Node not found: "LiquidContentsPanel" (relative to "/root/@Node3D@26/@CharacterBody3D@28").
   at: get_node (scene/main/node.cpp:1963)
   GDScript backtrace (most recent call first):
       [0] @implicit_ready (res://main-autolysis/player/autolysis_player.gd:143)
       [1] _prepare (res://main-autolysis/systems/quest-print-system/tests/quest_machine_behavior_test.gd:78)
       [2] _run_case (res://main-autolysis/systems/quest-print-system/tests/quest_machine_behavior_test.gd:115)
       [3] run_checks (res://main-autolysis/systems/quest-print-system/tests/quest_machine_behavior_test.gd:58)
       [4] _run_case (res://main-autolysis/systems/quest-print-system/tests/quest_machine_behavior_test.gd:124)
       [5] _dispose (res://main-autolysis/systems/quest-print-system/tests/quest_machine_behavior_test.gd:425)
       [6] frames (res://main-autolysis/systems/quest-print-system/tests/quest_machine_behavior_test.gd:430)
ERROR: Node not found: "NavigationAgent3D" (relative to "/root/@Node3D@26/@CharacterBody3D@28").
   at: get_node (scene/main/node.cpp:1963)
   GDScript backtrace (most recent call first):
       [0] @implicit_ready (res://main-autolysis/player/autolysis_player.gd:144)
       [1] _prepare (res://main-autolysis/systems/quest-print-system/tests/quest_machine_behavior_test.gd:78)
       [2] _run_case (res://main-autolysis/systems/quest-print-system/tests/quest_machine_behavior_test.gd:115)
       [3] run_checks (res://main-autolysis/systems/quest-print-system/tests/quest_machine_behavior_test.gd:58)
       [4] _run_case (res://main-autolysis/systems/quest-print-system/tests/quest_machine_behavior_test.gd:124)
       [5] _dispose (res://main-autolysis/systems/quest-print-system/tests/quest_machine_behavior_test.gd:425)
       [6] frames (res://main-autolysis/systems/quest-print-system/tests/quest_machine_behavior_test.gd:430)
ERROR: Node not found: "FocusController" (relative to "/root/@Node3D@26/@CharacterBody3D@28").
   at: get_node (scene/main/node.cpp:1963)
   GDScript backtrace (most recent call first):
       [0] @implicit_ready (res://main-autolysis/player/autolysis_player.gd:145)
       [1] _prepare (res://main-autolysis/systems/quest-print-system/tests/quest_machine_behavior_test.gd:78)
       [2] _run_case (res://main-autolysis/systems/quest-print-system/tests/quest_machine_behavior_test.gd:115)
       [3] run_checks (res://main-autolysis/systems/quest-print-system/tests/quest_machine_behavior_test.gd:58)
       [4] _run_case (res://main-autolysis/systems/quest-print-system/tests/quest_machine_behavior_test.gd:124)
       [5] _dispose (res://main-autolysis/systems/quest-print-system/tests/quest_machine_behavior_test.gd:425)
       [6] frames (res://main-autolysis/systems/quest-print-system/tests/quest_machine_behavior_test.gd:430)
SCRIPT ERROR: Invalid assignment of property or key 'state' with value of type 'int' on a base object of type 'null instance'.
   at: _prepare (res://main-autolysis/systems/quest-print-system/tests/quest_machine_behavior_test.gd:83)
   GDScript backtrace (most recent call first):
       [0] _prepare (res://main-autolysis/systems/quest-print-system/tests/quest_machine_behavior_test.gd:83)
       [1] _run_case (res://main-autolysis/systems/quest-print-system/tests/quest_machine_behavior_test.gd:115)
       [2] run_checks (res://main-autolysis/systems/quest-print-system/tests/quest_machine_behavior_test.gd:58)
       [3] _run_case (res://main-autolysis/systems/quest-print-system/tests/quest_machine_behavior_test.gd:124)
       [4] _dispose (res://main-autolysis/systems/quest-print-system/tests/quest_machine_behavior_test.gd:425)
       [5] frames (res://main-autolysis/systems/quest-print-system/tests/quest_machine_behavior_test.gd:430)
ERROR: 失败：唯一按钮入口建立一份空白纸张
   at: push_error (core/variant/variant_utility.cpp:1024)
   GDScript backtrace (most recent call first):
       [0] check (res://main-autolysis/systems/quest-print-system/tests/quest_machine_behavior_test.gd:440)
       [1] _start (res://main-autolysis/systems/quest-print-system/tests/quest_machine_behavior_test.gd:108)
       [2] _run_case (res://main-autolysis/systems/quest-print-system/tests/quest_machine_behavior_test.gd:120)
       [3] run_checks (res://main-autolysis/systems/quest-print-system/tests/quest_machine_behavior_test.gd:58)
       [4] _run_case (res://main-autolysis/systems/quest-print-system/tests/quest_machine_behavior_test.gd:124)
       [5] _dispose (res://main-autolysis/systems/quest-print-system/tests/quest_machine_behavior_test.gd:425)
       [6] frames (res://main-autolysis/systems/quest-print-system/tests/quest_machine_behavior_test.gd:430)
SCRIPT ERROR: Invalid call. Nonexistent function 'get_visible_data_line_indices' in base 'Nil'.
   at: _start (res://main-autolysis/systems/quest-print-system/tests/quest_machine_behavior_test.gd:110)
   GDScript backtrace (most recent call first):
       [0] _start (res://main-autolysis/systems/quest-print-system/tests/quest_machine_behavior_test.gd:110)
       [1] _run_case (res://main-autolysis/systems/quest-print-system/tests/quest_machine_behavior_test.gd:120)
       [2] run_checks (res://main-autolysis/systems/quest-print-system/tests/quest_machine_behavior_test.gd:58)
       [3] _run_case (res://main-autolysis/systems/quest-print-system/tests/quest_machine_behavior_test.gd:124)
       [4] _dispose (res://main-autolysis/systems/quest-print-system/tests/quest_machine_behavior_test.gd:425)
       [5] frames (res://main-autolysis/systems/quest-print-system/tests/quest_machine_behavior_test.gd:430)
ERROR: Node not found: "FootstepPlayer" (relative to "/root/@Node3D@30/@CharacterBody3D@32").
   at: get_node (scene/main/node.cpp:1963)
   GDScript backtrace (most recent call first):
       [0] @implicit_ready (res://main-autolysis/player/autolysis_player.gd:116)
       [1] _prepare (res://main-autolysis/systems/quest-print-system/tests/quest_machine_behavior_test.gd:78)
       [2] _run_case (res://main-autolysis/systems/quest-print-system/tests/quest_machine_behavior_test.gd:115)
       [3] run_checks (res://main-autolysis/systems/quest-print-system/tests/quest_machine_behavior_test.gd:58)
       [4] _run_case (res://main-autolysis/systems/quest-print-system/tests/quest_machine_behavior_test.gd:124)
       [5] _dispose (res://main-autolysis/systems/quest-print-system/tests/quest_machine_behavior_test.gd:425)
       [6] frames (res://main-autolysis/systems/quest-print-system/tests/quest_machine_behavior_test.gd:430)
ERROR: Node not found: "Body" (relative to "/root/@Node3D@30/@CharacterBody3D@32").
   at: get_node (scene/main/node.cpp:1963)
   GDScript backtrace (most recent call first):
       [0] @implicit_ready (res://main-autolysis/player/autolysis_player.gd:117)
       [1] _prepare (res://main-autolysis/systems/quest-print-system/tests/quest_machine_behavior_test.gd:78)
       [2] _run_case (res://main-autolysis/systems/quest-print-system/tests/quest_machine_behavior_test.gd:115)
       [3] run_checks (res://main-autolysis/systems/quest-print-system/tests/quest_machine_behavior_test.gd:58)
       [4] _run_case (res://main-autolysis/systems/quest-print-system/tests/quest_machine_behavior_test.gd:124)
       [5] _dispose (res://main-autolysis/systems/quest-print-system/tests/quest_machine_behavior_test.gd:425)
       [6] frames (res://main-autolysis/systems/quest-print-system/tests/quest_machine_behavior_test.gd:430)
ERROR: Node not found: "Body/Neck" (relative to "/root/@Node3D@30/@CharacterBody3D@32").
   at: get_node (scene/main/node.cpp:1963)
   GDScript backtrace (most recent call first):
       [0] @implicit_ready (res://main-autolysis/player/autolysis_player.gd:118)
       [1] _prepare (res://main-autolysis/systems/quest-print-system/tests/quest_machine_behavior_test.gd:78)
       [2] _run_case (res://main-autolysis/systems/quest-print-system/tests/quest_machine_behavior_test.gd:115)
       [3] run_checks (res://main-autolysis/systems/quest-print-system/tests/quest_machine_behavior_test.gd:58)
       [4] _run_case (res://main-autolysis/systems/quest-print-system/tests/quest_machine_behavior_test.gd:124)
       [5] _dispose (res://main-autolysis/systems/quest-print-system/tests/quest_machine_behavior_test.gd:425)
       [6] frames (res://main-autolysis/systems/quest-print-system/tests/quest_machine_behavior_test.gd:430)
ERROR: Node not found: "Body/Neck/Head" (relative to "/root/@Node3D@30/@CharacterBody3D@32").
   at: get_node (scene/main/node.cpp:1963)
   GDScript backtrace (most recent call first):
       [0] @implicit_ready (res://main-autolysis/player/autolysis_player.gd:119)
       [1] _prepare (res://main-autolysis/systems/quest-print-system/tests/quest_machine_behavior_test.gd:78)
       [2] _run_case (res://main-autolysis/systems/quest-print-system/tests/quest_machine_behavior_test.gd:115)
       [3] run_checks (res://main-autolysis/systems/quest-print-system/tests/quest_machine_behavior_test.gd:58)
       [4] _run_case (res://main-autolysis/systems/quest-print-system/tests/quest_machine_behavior_test.gd:124)
       [5] _dispose (res://main-autolysis/systems/quest-print-system/tests/quest_machine_behavior_test.gd:425)
       [6] frames (res://main-autolysis/systems/quest-print-system/tests/quest_machine_behavior_test.gd:430)
ERROR: Node not found: "Body/Neck/Head/Eyes" (relative to "/root/@Node3D@30/@CharacterBody3D@32").
   at: get_node (scene/main/node.cpp:1963)
   GDScript backtrace (most recent call first):
       [0] @implicit_ready (res://main-autolysis/player/autolysis_player.gd:120)
       [1] _prepare (res://main-autolysis/systems/quest-print-system/tests/quest_machine_behavior_test.gd:78)
       [2] _run_case (res://main-autolysis/systems/quest-print-system/tests/quest_machine_behavior_test.gd:115)
       [3] run_checks (res://main-autolysis/systems/quest-print-system/tests/quest_machine_behavior_test.gd:58)
       [4] _run_case (res://main-autolysis/systems/quest-print-system/tests/quest_machine_behavior_test.gd:124)
       [5] _dispose (res://main-autolysis/systems/quest-print-system/tests/quest_machine_behavior_test.gd:425)
       [6] frames (res://main-autolysis/systems/quest-print-system/tests/quest_machine_behavior_test.gd:430)
ERROR: Node not found: "Body/Neck/Head/Eyes/Camera" (relative to "/root/@Node3D@30/@CharacterBody3D@32").
   at: get_node (scene/main/node.cpp:1963)
   GDScript backtrace (most recent call first):
       [0] @implicit_ready (res://main-autolysis/player/autolysis_player.gd:121)
       [1] _prepare (res://main-autolysis/systems/quest-print-system/tests/quest_machine_behavior_test.gd:78)
       [2] _run_case (res://main-autolysis/systems/quest-print-system/tests/quest_machine_behavior_test.gd:115)
       [3] run_checks (res://main-autolysis/systems/quest-print-system/tests/quest_machine_behavior_test.gd:58)
       [4] _run_case (res://main-autolysis/systems/quest-print-system/tests/quest_machine_behavior_test.gd:124)
       [5] _dispose (res://main-autolysis/systems/quest-print-system/tests/quest_machine_behavior_test.gd:425)
       [6] frames (res://main-autolysis/systems/quest-print-system/tests/quest_machine_behavior_test.gd:430)
ERROR: Node not found: "Body/Neck/Head/Eyes/AnimationPlayer" (relative to "/root/@Node3D@30/@CharacterBody3D@32").
   at: get_node (scene/main/node.cpp:1963)
   GDScript backtrace (most recent call first):
       [0] @implicit_ready (res://main-autolysis/player/autolysis_player.gd:122)
       [1] _prepare (res://main-autolysis/systems/quest-print-system/tests/quest_machine_behavior_test.gd:78)
       [2] _run_case (res://main-autolysis/systems/quest-print-system/tests/quest_machine_behavior_test.gd:115)
       [3] run_checks (res://main-autolysis/systems/quest-print-system/tests/quest_machine_behavior_test.gd:58)
       [4] _run_case (res://main-autolysis/systems/quest-print-system/tests/quest_machine_behavior_test.gd:124)
       [5] _dispose (res://main-autolysis/systems/quest-print-system/tests/quest_machine_behavior_test.gd:425)
       [6] frames (res://main-autolysis/systems/quest-print-system/tests/quest_machine_behavior_test.gd:430)
ERROR: Node not found: "StandingCollisionShape" (relative to "/root/@Node3D@30/@CharacterBody3D@32").
   at: get_node (scene/main/node.cpp:1963)
   GDScript backtrace (most recent call first):
       [0] @implicit_ready (res://main-autolysis/player/autolysis_player.gd:123)
       [1] _prepare (res://main-autolysis/systems/quest-print-system/tests/quest_machine_behavior_test.gd:78)
       [2] _run_case (res://main-autolysis/systems/quest-print-system/tests/quest_machine_behavior_test.gd:115)
       [3] run_checks (res://main-autolysis/systems/quest-print-system/tests/quest_machine_behavior_test.gd:58)
       [4] _run_case (res://main-autolysis/systems/quest-print-system/tests/quest_machine_behavior_test.gd:124)
       [5] _dispose (res://main-autolysis/systems/quest-print-system/tests/quest_machine_behavior_test.gd:425)
       [6] frames (res://main-autolysis/systems/quest-print-system/tests/quest_machine_behavior_test.gd:430)
ERROR: Node not found: "CrouchingCollisionShape" (relative to "/root/@Node3D@30/@CharacterBody3D@32").
   at: get_node (scene/main/node.cpp:1963)
   GDScript backtrace (most recent call first):
       [0] @implicit_ready (res://main-autolysis/player/autolysis_player.gd:124)
       [1] _prepare (res://main-autolysis/systems/quest-print-system/tests/quest_machine_behavior_test.gd:78)
       [2] _run_case (res://main-autolysis/systems/quest-print-system/tests/quest_machine_behavior_test.gd:115)
       [3] run_checks (res://main-autolysis/systems/quest-print-system/tests/quest_machine_behavior_test.gd:58)
       [4] _run_case (res://main-autolysis/systems/quest-print-system/tests/quest_machine_behavior_test.gd:124)
       [5] _dispose (res://main-autolysis/systems/quest-print-system/tests/quest_machine_behavior_test.gd:425)
       [6] frames (res://main-autolysis/systems/quest-print-system/tests/quest_machine_behavior_test.gd:430)
ERROR: Node not found: "CrouchRayCast" (relative to "/root/@Node3D@30/@CharacterBody3D@32").
   at: get_node (scene/main/node.cpp:1963)
   GDScript backtrace (most recent call first):
       [0] @implicit_ready (res://main-autolysis/player/autolysis_player.gd:125)
       [1] _prepare (res://main-autolysis/systems/quest-print-system/tests/quest_machine_behavior_test.gd:78)
       [2] _run_case (res://main-autolysis/systems/quest-print-system/tests/quest_machine_behavior_test.gd:115)
       [3] run_checks (res://main-autolysis/systems/quest-print-system/tests/quest_machine_behavior_test.gd:58)
       [4] _run_case (res://main-autolysis/systems/quest-print-system/tests/quest_machine_behavior_test.gd:124)
       [5] _dispose (res://main-autolysis/systems/quest-print-system/tests/quest_machine_behavior_test.gd:425)
       [6] frames (res://main-autolysis/systems/quest-print-system/tests/quest_machine_behavior_test.gd:430)
ERROR: Node not found: "SlidingTimer" (relative to "/root/@Node3D@30/@CharacterBody3D@32").
   at: get_node (scene/main/node.cpp:1963)
   GDScript backtrace (most recent call first):
       [0] @implicit_ready (res://main-autolysis/player/autolysis_player.gd:126)
       [1] _prepare (res://main-autolysis/systems/quest-print-system/tests/quest_machine_behavior_test.gd:78)
       [2] _run_case (res://main-autolysis/systems/quest-print-system/tests/quest_machine_behavior_test.gd:115)
       [3] run_checks (res://main-autolysis/systems/quest-print-system/tests/quest_machine_behavior_test.gd:58)
       [4] _run_case (res://main-autolysis/systems/quest-print-system/tests/quest_machine_behavior_test.gd:124)
       [5] _dispose (res://main-autolysis/systems/quest-print-system/tests/quest_machine_behavior_test.gd:425)
       [6] frames (res://main-autolysis/systems/quest-print-system/tests/quest_machine_behavior_test.gd:430)
ERROR: Node not found: "JumpCooldownTimer" (relative to "/root/@Node3D@30/@CharacterBody3D@32").
   at: get_node (scene/main/node.cpp:1963)
   GDScript backtrace (most recent call first):
       [0] @implicit_ready (res://main-autolysis/player/autolysis_player.gd:127)
       [1] _prepare (res://main-autolysis/systems/quest-print-system/tests/quest_machine_behavior_test.gd:78)
       [2] _run_case (res://main-autolysis/systems/quest-print-system/tests/quest_machine_behavior_test.gd:115)
       [3] run_checks (res://main-autolysis/systems/quest-print-system/tests/quest_machine_behavior_test.gd:58)
       [4] _run_case (res://main-autolysis/systems/quest-print-system/tests/quest_machine_behavior_test.gd:124)
       [5] _dispose (res://main-autolysis/systems/quest-print-system/tests/quest_machine_behavior_test.gd:425)
       [6] frames (res://main-autolysis/systems/quest-print-system/tests/quest_machine_behavior_test.gd:430)
ERROR: Node not found: "DegaussPlayerFoundArea" (relative to "/root/@Node3D@30/@CharacterBody3D@32").
   at: get_node (scene/main/node.cpp:1963)
   GDScript backtrace (most recent call first):
       [0] @implicit_ready (res://main-autolysis/player/autolysis_player.gd:128)
       [1] _prepare (res://main-autolysis/systems/quest-print-system/tests/quest_machine_behavior_test.gd:78)
       [2] _run_case (res://main-autolysis/systems/quest-print-system/tests/quest_machine_behavior_test.gd:115)
       [3] run_checks (res://main-autolysis/systems/quest-print-system/tests/quest_machine_behavior_test.gd:58)
       [4] _run_case (res://main-autolysis/systems/quest-print-system/tests/quest_machine_behavior_test.gd:124)
       [5] _dispose (res://main-autolysis/systems/quest-print-system/tests/quest_machine_behavior_test.gd:425)
       [6] frames (res://main-autolysis/systems/quest-print-system/tests/quest_machine_behavior_test.gd:430)
ERROR: Node not found: "DegaussPlayerFoundArea/found_collision_standing" (relative to "/root/@Node3D@30/@CharacterBody3D@32").
   at: get_node (scene/main/node.cpp:1963)
   GDScript backtrace (most recent call first):
       [0] @implicit_ready (res://main-autolysis/player/autolysis_player.gd:129)
       [1] _prepare (res://main-autolysis/systems/quest-print-system/tests/quest_machine_behavior_test.gd:78)
       [2] _run_case (res://main-autolysis/systems/quest-print-system/tests/quest_machine_behavior_test.gd:115)
       [3] run_checks (res://main-autolysis/systems/quest-print-system/tests/quest_machine_behavior_test.gd:58)
       [4] _run_case (res://main-autolysis/systems/quest-print-system/tests/quest_machine_behavior_test.gd:124)
       [5] _dispose (res://main-autolysis/systems/quest-print-system/tests/quest_machine_behavior_test.gd:425)
       [6] frames (res://main-autolysis/systems/quest-print-system/tests/quest_machine_behavior_test.gd:430)
ERROR: Node not found: "DegaussPlayerFoundArea/found_collision_walking" (relative to "/root/@Node3D@30/@CharacterBody3D@32").
   at: get_node (scene/main/node.cpp:1963)
   GDScript backtrace (most recent call first):
       [0] @implicit_ready (res://main-autolysis/player/autolysis_player.gd:130)
       [1] _prepare (res://main-autolysis/systems/quest-print-system/tests/quest_machine_behavior_test.gd:78)
       [2] _run_case (res://main-autolysis/systems/quest-print-system/tests/quest_machine_behavior_test.gd:115)
       [3] run_checks (res://main-autolysis/systems/quest-print-system/tests/quest_machine_behavior_test.gd:58)
       [4] _run_case (res://main-autolysis/systems/quest-print-system/tests/quest_machine_behavior_test.gd:124)
       [5] _dispose (res://main-autolysis/systems/quest-print-system/tests/quest_machine_behavior_test.gd:425)
       [6] frames (res://main-autolysis/systems/quest-print-system/tests/quest_machine_behavior_test.gd:430)
ERROR: Node not found: "DegaussPlayerFoundArea/found_collision_crouching" (relative to "/root/@Node3D@30/@CharacterBody3D@32").
   at: get_node (scene/main/node.cpp:1963)
   GDScript backtrace (most recent call first):
       [0] @implicit_ready (res://main-autolysis/player/autolysis_player.gd:131)
       [1] _prepare (res://main-autolysis/systems/quest-print-system/tests/quest_machine_behavior_test.gd:78)
       [2] _run_case (res://main-autolysis/systems/quest-print-system/tests/quest_machine_behavior_test.gd:115)
       [3] run_checks (res://main-autolysis/systems/quest-print-system/tests/quest_machine_behavior_test.gd:58)
       [4] _run_case (res://main-autolysis/systems/quest-print-system/tests/quest_machine_behavior_test.gd:124)
       [5] _dispose (res://main-autolysis/systems/quest-print-system/tests/quest_machine_behavior_test.gd:425)
       [6] frames (res://main-autolysis/systems/quest-print-system/tests/quest_machine_behavior_test.gd:430)
ERROR: Node not found: "DegaussPlayerFoundArea/found_collision_running" (relative to "/root/@Node3D@30/@CharacterBody3D@32").
   at: get_node (scene/main/node.cpp:1963)
   GDScript backtrace (most recent call first):
       [0] @implicit_ready (res://main-autolysis/player/autolysis_player.gd:132)
       [1] _prepare (res://main-autolysis/systems/quest-print-system/tests/quest_machine_behavior_test.gd:78)
       [2] _run_case (res://main-autolysis/systems/quest-print-system/tests/quest_machine_behavior_test.gd:115)
       [3] run_checks (res://main-autolysis/systems/quest-print-system/tests/quest_machine_behavior_test.gd:58)
       [4] _run_case (res://main-autolysis/systems/quest-print-system/tests/quest_machine_behavior_test.gd:124)
       [5] _dispose (res://main-autolysis/systems/quest-print-system/tests/quest_machine_behavior_test.gd:425)
       [6] frames (res://main-autolysis/systems/quest-print-system/tests/quest_machine_behavior_test.gd:430)
ERROR: Node not found: "Body/Neck/Head/Eyes/Camera/InteractionRaycast" (relative to "/root/@Node3D@30/@CharacterBody3D@32").
   at: get_node (scene/main/node.cpp:1963)
   GDScript backtrace (most recent call first):
       [0] @implicit_ready (res://main-autolysis/player/autolysis_player.gd:135)
       [1] _prepare (res://main-autolysis/systems/quest-print-system/tests/quest_machine_behavior_test.gd:78)
       [2] _run_case (res://main-autolysis/systems/quest-print-system/tests/quest_machine_behavior_test.gd:115)
       [3] run_checks (res://main-autolysis/systems/quest-print-system/tests/quest_machine_behavior_test.gd:58)
       [4] _run_case (res://main-autolysis/systems/quest-print-system/tests/quest_machine_behavior_test.gd:124)
       [5] _dispose (res://main-autolysis/systems/quest-print-system/tests/quest_machine_behavior_test.gd:425)
       [6] frames (res://main-autolysis/systems/quest-print-system/tests/quest_machine_behavior_test.gd:430)
ERROR: Node not found: "InteractionController" (relative to "/root/@Node3D@30/@CharacterBody3D@32").
   at: get_node (scene/main/node.cpp:1963)
   GDScript backtrace (most recent call first):
       [0] @implicit_ready (res://main-autolysis/player/autolysis_player.gd:136)
       [1] _prepare (res://main-autolysis/systems/quest-print-system/tests/quest_machine_behavior_test.gd:78)
       [2] _run_case (res://main-autolysis/systems/quest-print-system/tests/quest_machine_behavior_test.gd:115)
       [3] run_checks (res://main-autolysis/systems/quest-print-system/tests/quest_machine_behavior_test.gd:58)
       [4] _run_case (res://main-autolysis/systems/quest-print-system/tests/quest_machine_behavior_test.gd:124)
       [5] _dispose (res://main-autolysis/systems/quest-print-system/tests/quest_machine_behavior_test.gd:425)
       [6] frames (res://main-autolysis/systems/quest-print-system/tests/quest_machine_behavior_test.gd:430)
ERROR: Node not found: "InteractionHUD/Crosshair" (relative to "/root/@Node3D@30/@CharacterBody3D@32").
   at: get_node (scene/main/node.cpp:1963)
   GDScript backtrace (most recent call first):
       [0] @implicit_ready (res://main-autolysis/player/autolysis_player.gd:137)
       [1] _prepare (res://main-autolysis/systems/quest-print-system/tests/quest_machine_behavior_test.gd:78)
       [2] _run_case (res://main-autolysis/systems/quest-print-system/tests/quest_machine_behavior_test.gd:115)
       [3] run_checks (res://main-autolysis/systems/quest-print-system/tests/quest_machine_behavior_test.gd:58)
       [4] _run_case (res://main-autolysis/systems/quest-print-system/tests/quest_machine_behavior_test.gd:124)
       [5] _dispose (res://main-autolysis/systems/quest-print-system/tests/quest_machine_behavior_test.gd:425)
       [6] frames (res://main-autolysis/systems/quest-print-system/tests/quest_machine_behavior_test.gd:430)
ERROR: Node not found: "%Wieldables" (relative to "/root/@Node3D@30/@CharacterBody3D@32").
   at: get_node (scene/main/node.cpp:1963)
   GDScript backtrace (most recent call first):
       [0] @implicit_ready (res://main-autolysis/player/autolysis_player.gd:138)
       [1] _prepare (res://main-autolysis/systems/quest-print-system/tests/quest_machine_behavior_test.gd:78)
       [2] _run_case (res://main-autolysis/systems/quest-print-system/tests/quest_machine_behavior_test.gd:115)
       [3] run_checks (res://main-autolysis/systems/quest-print-system/tests/quest_machine_behavior_test.gd:58)
       [4] _run_case (res://main-autolysis/systems/quest-print-system/tests/quest_machine_behavior_test.gd:124)
       [5] _dispose (res://main-autolysis/systems/quest-print-system/tests/quest_machine_behavior_test.gd:425)
       [6] frames (res://main-autolysis/systems/quest-print-system/tests/quest_machine_behavior_test.gd:430)
ERROR: Node not found: "InventoryController" (relative to "/root/@Node3D@30/@CharacterBody3D@32").
   at: get_node (scene/main/node.cpp:1963)
   GDScript backtrace (most recent call first):
       [0] @implicit_ready (res://main-autolysis/player/autolysis_player.gd:139)
       [1] _prepare (res://main-autolysis/systems/quest-print-system/tests/quest_machine_behavior_test.gd:78)
       [2] _run_case (res://main-autolysis/systems/quest-print-system/tests/quest_machine_behavior_test.gd:115)
       [3] run_checks (res://main-autolysis/systems/quest-print-system/tests/quest_machine_behavior_test.gd:58)
       [4] _run_case (res://main-autolysis/systems/quest-print-system/tests/quest_machine_behavior_test.gd:124)
       [5] _dispose (res://main-autolysis/systems/quest-print-system/tests/quest_machine_behavior_test.gd:425)
       [6] frames (res://main-autolysis/systems/quest-print-system/tests/quest_machine_behavior_test.gd:430)
ERROR: Node not found: "%HeldItemPresenter" (relative to "/root/@Node3D@30/@CharacterBody3D@32").
   at: get_node (scene/main/node.cpp:1963)
   GDScript backtrace (most recent call first):
       [0] @implicit_ready (res://main-autolysis/player/autolysis_player.gd:140)
       [1] _prepare (res://main-autolysis/systems/quest-print-system/tests/quest_machine_behavior_test.gd:78)
       [2] _run_case (res://main-autolysis/systems/quest-print-system/tests/quest_machine_behavior_test.gd:115)
       [3] run_checks (res://main-autolysis/systems/quest-print-system/tests/quest_machine_behavior_test.gd:58)
       [4] _run_case (res://main-autolysis/systems/quest-print-system/tests/quest_machine_behavior_test.gd:124)
       [5] _dispose (res://main-autolysis/systems/quest-print-system/tests/quest_machine_behavior_test.gd:425)
       [6] frames (res://main-autolysis/systems/quest-print-system/tests/quest_machine_behavior_test.gd:430)
ERROR: Node not found: "InventoryBar" (relative to "/root/@Node3D@30/@CharacterBody3D@32").
   at: get_node (scene/main/node.cpp:1963)
   GDScript backtrace (most recent call first):
       [0] @implicit_ready (res://main-autolysis/player/autolysis_player.gd:141)
       [1] _prepare (res://main-autolysis/systems/quest-print-system/tests/quest_machine_behavior_test.gd:78)
       [2] _run_case (res://main-autolysis/systems/quest-print-system/tests/quest_machine_behavior_test.gd:115)
       [3] run_checks (res://main-autolysis/systems/quest-print-system/tests/quest_machine_behavior_test.gd:58)
       [4] _run_case (res://main-autolysis/systems/quest-print-system/tests/quest_machine_behavior_test.gd:124)
       [5] _dispose (res://main-autolysis/systems/quest-print-system/tests/quest_machine_behavior_test.gd:425)
       [6] frames (res://main-autolysis/systems/quest-print-system/tests/quest_machine_behavior_test.gd:430)
ERROR: Node not found: "DialoguePlayer" (relative to "/root/@Node3D@30/@CharacterBody3D@32").
   at: get_node (scene/main/node.cpp:1963)
   GDScript backtrace (most recent call first):
       [0] @implicit_ready (res://main-autolysis/player/autolysis_player.gd:142)
       [1] _prepare (res://main-autolysis/systems/quest-print-system/tests/quest_machine_behavior_test.gd:78)
       [2] _run_case (res://main-autolysis/systems/quest-print-system/tests/quest_machine_behavior_test.gd:115)
       [3] run_checks (res://main-autolysis/systems/quest-print-system/tests/quest_machine_behavior_test.gd:58)
       [4] _run_case (res://main-autolysis/systems/quest-print-system/tests/quest_machine_behavior_test.gd:124)
       [5] _dispose (res://main-autolysis/systems/quest-print-system/tests/quest_machine_behavior_test.gd:425)
       [6] frames (res://main-autolysis/systems/quest-print-system/tests/quest_machine_behavior_test.gd:430)
ERROR: Node not found: "LiquidContentsPanel" (relative to "/root/@Node3D@30/@CharacterBody3D@32").
   at: get_node (scene/main/node.cpp:1963)
   GDScript backtrace (most recent call first):
       [0] @implicit_ready (res://main-autolysis/player/autolysis_player.gd:143)
       [1] _prepare (res://main-autolysis/systems/quest-print-system/tests/quest_machine_behavior_test.gd:78)
       [2] _run_case (res://main-autolysis/systems/quest-print-system/tests/quest_machine_behavior_test.gd:115)
       [3] run_checks (res://main-autolysis/systems/quest-print-system/tests/quest_machine_behavior_test.gd:58)
       [4] _run_case (res://main-autolysis/systems/quest-print-system/tests/quest_machine_behavior_test.gd:124)
       [5] _dispose (res://main-autolysis/systems/quest-print-system/tests/quest_machine_behavior_test.gd:425)
       [6] frames (res://main-autolysis/systems/quest-print-system/tests/quest_machine_behavior_test.gd:430)
ERROR: Node not found: "NavigationAgent3D" (relative to "/root/@Node3D@30/@CharacterBody3D@32").
   at: get_node (scene/main/node.cpp:1963)
   GDScript backtrace (most recent call first):
       [0] @implicit_ready (res://main-autolysis/player/autolysis_player.gd:144)
       [1] _prepare (res://main-autolysis/systems/quest-print-system/tests/quest_machine_behavior_test.gd:78)
       [2] _run_case (res://main-autolysis/systems/quest-print-system/tests/quest_machine_behavior_test.gd:115)
       [3] run_checks (res://main-autolysis/systems/quest-print-system/tests/quest_machine_behavior_test.gd:58)
       [4] _run_case (res://main-autolysis/systems/quest-print-system/tests/quest_machine_behavior_test.gd:124)
       [5] _dispose (res://main-autolysis/systems/quest-print-system/tests/quest_machine_behavior_test.gd:425)
       [6] frames (res://main-autolysis/systems/quest-print-system/tests/quest_machine_behavior_test.gd:430)
ERROR: Node not found: "FocusController" (relative to "/root/@Node3D@30/@CharacterBody3D@32").
   at: get_node (scene/main/node.cpp:1963)
   GDScript backtrace (most recent call first):
       [0] @implicit_ready (res://main-autolysis/player/autolysis_player.gd:145)
       [1] _prepare (res://main-autolysis/systems/quest-print-system/tests/quest_machine_behavior_test.gd:78)
       [2] _run_case (res://main-autolysis/systems/quest-print-system/tests/quest_machine_behavior_test.gd:115)
       [3] run_checks (res://main-autolysis/systems/quest-print-system/tests/quest_machine_behavior_test.gd:58)
       [4] _run_case (res://main-autolysis/systems/quest-print-system/tests/quest_machine_behavior_test.gd:124)
       [5] _dispose (res://main-autolysis/systems/quest-print-system/tests/quest_machine_behavior_test.gd:425)
       [6] frames (res://main-autolysis/systems/quest-print-system/tests/quest_machine_behavior_test.gd:430)
SCRIPT ERROR: Invalid assignment of property or key 'state' with value of type 'int' on a base object of type 'null instance'.
   at: _prepare (res://main-autolysis/systems/quest-print-system/tests/quest_machine_behavior_test.gd:83)
   GDScript backtrace (most recent call first):
       [0] _prepare (res://main-autolysis/systems/quest-print-system/tests/quest_machine_behavior_test.gd:83)
       [1] _run_case (res://main-autolysis/systems/quest-print-system/tests/quest_machine_behavior_test.gd:115)
       [2] run_checks (res://main-autolysis/systems/quest-print-system/tests/quest_machine_behavior_test.gd:58)
       [3] _run_case (res://main-autolysis/systems/quest-print-system/tests/quest_machine_behavior_test.gd:124)
       [4] _dispose (res://main-autolysis/systems/quest-print-system/tests/quest_machine_behavior_test.gd:425)
       [5] frames (res://main-autolysis/systems/quest-print-system/tests/quest_machine_behavior_test.gd:430)
ERROR: 失败：唯一按钮入口建立一份空白纸张
   at: push_error (core/variant/variant_utility.cpp:1024)
   GDScript backtrace (most recent call first):
       [0] check (res://main-autolysis/systems/quest-print-system/tests/quest_machine_behavior_test.gd:440)
       [1] _start (res://main-autolysis/systems/quest-print-system/tests/quest_machine_behavior_test.gd:108)
       [2] _run_case (res://main-autolysis/systems/quest-print-system/tests/quest_machine_behavior_test.gd:120)
       [3] run_checks (res://main-autolysis/systems/quest-print-system/tests/quest_machine_behavior_test.gd:58)
       [4] _run_case (res://main-autolysis/systems/quest-print-system/tests/quest_machine_behavior_test.gd:124)
       [5] _dispose (res://main-autolysis/systems/quest-print-system/tests/quest_machine_behavior_test.gd:425)
       [6] frames (res://main-autolysis/systems/quest-print-system/tests/quest_machine_behavior_test.gd:430)
SCRIPT ERROR: Invalid call. Nonexistent function 'get_visible_data_line_indices' in base 'Nil'.
   at: _start (res://main-autolysis/systems/quest-print-system/tests/quest_machine_behavior_test.gd:110)
   GDScript backtrace (most recent call first):
       [0] _start (res://main-autolysis/systems/quest-print-system/tests/quest_machine_behavior_test.gd:110)
       [1] _run_case (res://main-autolysis/systems/quest-print-system/tests/quest_machine_behavior_test.gd:120)
       [2] run_checks (res://main-autolysis/systems/quest-print-system/tests/quest_machine_behavior_test.gd:58)
       [3] _run_case (res://main-autolysis/systems/quest-print-system/tests/quest_machine_behavior_test.gd:124)
       [4] _dispose (res://main-autolysis/systems/quest-print-system/tests/quest_machine_behavior_test.gd:425)
       [5] frames (res://main-autolysis/systems/quest-print-system/tests/quest_machine_behavior_test.gd:430)
ERROR: Node not found: "FootstepPlayer" (relative to "/root/@Node3D@34/@CharacterBody3D@36").
   at: get_node (scene/main/node.cpp:1963)
   GDScript backtrace (most recent call first):
       [0] @implicit_ready (res://main-autolysis/player/autolysis_player.gd:116)
       [1] _prepare (res://main-autolysis/systems/quest-print-system/tests/quest_machine_behavior_test.gd:78)
       [2] _run_case (res://main-autolysis/systems/quest-print-system/tests/quest_machine_behavior_test.gd:115)
       [3] run_checks (res://main-autolysis/systems/quest-print-system/tests/quest_machine_behavior_test.gd:58)
       [4] _run_case (res://main-autolysis/systems/quest-print-system/tests/quest_machine_behavior_test.gd:124)
       [5] _dispose (res://main-autolysis/systems/quest-print-system/tests/quest_machine_behavior_test.gd:425)
       [6] frames (res://main-autolysis/systems/quest-print-system/tests/quest_machine_behavior_test.gd:430)
ERROR: Node not found: "Body" (relative to "/root/@Node3D@34/@CharacterBody3D@36").
   at: get_node (scene/main/node.cpp:1963)
   GDScript backtrace (most recent call first):
       [0] @implicit_ready (res://main-autolysis/player/autolysis_player.gd:117)
       [1] _prepare (res://main-autolysis/systems/quest-print-system/tests/quest_machine_behavior_test.gd:78)
       [2] _run_case (res://main-autolysis/systems/quest-print-system/tests/quest_machine_behavior_test.gd:115)
       [3] run_checks (res://main-autolysis/systems/quest-print-system/tests/quest_machine_behavior_test.gd:58)
       [4] _run_case (res://main-autolysis/systems/quest-print-system/tests/quest_machine_behavior_test.gd:124)
       [5] _dispose (res://main-autolysis/systems/quest-print-system/tests/quest_machine_behavior_test.gd:425)
       [6] frames (res://main-autolysis/systems/quest-print-system/tests/quest_machine_behavior_test.gd:430)
ERROR: Node not found: "Body/Neck" (relative to "/root/@Node3D@34/@CharacterBody3D@36").
   at: get_node (scene/main/node.cpp:1963)
   GDScript backtrace (most recent call first):
       [0] @implicit_ready (res://main-autolysis/player/autolysis_player.gd:118)
       [1] _prepare (res://main-autolysis/systems/quest-print-system/tests/quest_machine_behavior_test.gd:78)
       [2] _run_case (res://main-autolysis/systems/quest-print-system/tests/quest_machine_behavior_test.gd:115)
       [3] run_checks (res://main-autolysis/systems/quest-print-system/tests/quest_machine_behavior_test.gd:58)
       [4] _run_case (res://main-autolysis/systems/quest-print-system/tests/quest_machine_behavior_test.gd:124)
       [5] _dispose (res://main-autolysis/systems/quest-print-system/tests/quest_machine_behavior_test.gd:425)
       [6] frames (res://main-autolysis/systems/quest-print-system/tests/quest_machine_behavior_test.gd:430)
ERROR: Node not found: "Body/Neck/Head" (relative to "/root/@Node3D@34/@CharacterBody3D@36").
   at: get_node (scene/main/node.cpp:1963)
   GDScript backtrace (most recent call first):
       [0] @implicit_ready (res://main-autolysis/player/autolysis_player.gd:119)
       [1] _prepare (res://main-autolysis/systems/quest-print-system/tests/quest_machine_behavior_test.gd:78)
       [2] _run_case (res://main-autolysis/systems/quest-print-system/tests/quest_machine_behavior_test.gd:115)
       [3] run_checks (res://main-autolysis/systems/quest-print-system/tests/quest_machine_behavior_test.gd:58)
       [4] _run_case (res://main-autolysis/systems/quest-print-system/tests/quest_machine_behavior_test.gd:124)
       [5] _dispose (res://main-autolysis/systems/quest-print-system/tests/quest_machine_behavior_test.gd:425)
       [6] frames (res://main-autolysis/systems/quest-print-system/tests/quest_machine_behavior_test.gd:430)
ERROR: Node not found: "Body/Neck/Head/Eyes" (relative to "/root/@Node3D@34/@CharacterBody3D@36").
   at: get_node (scene/main/node.cpp:1963)
   GDScript backtrace (most recent call first):
       [0] @implicit_ready (res://main-autolysis/player/autolysis_player.gd:120)
       [1] _prepare (res://main-autolysis/systems/quest-print-system/tests/quest_machine_behavior_test.gd:78)
       [2] _run_case (res://main-autolysis/systems/quest-print-system/tests/quest_machine_behavior_test.gd:115)
       [3] run_checks (res://main-autolysis/systems/quest-print-system/tests/quest_machine_behavior_test.gd:58)
       [4] _run_case (res://main-autolysis/systems/quest-print-system/tests/quest_machine_behavior_test.gd:124)
       [5] _dispose (res://main-autolysis/systems/quest-print-system/tests/quest_machine_behavior_test.gd:425)
       [6] frames (res://main-autolysis/systems/quest-print-system/tests/quest_machine_behavior_test.gd:430)
ERROR: Node not found: "Body/Neck/Head/Eyes/Camera" (relative to "/root/@Node3D@34/@CharacterBody3D@36").
   at: get_node (scene/main/node.cpp:1963)
   GDScript backtrace (most recent call first):
       [0] @implicit_ready (res://main-autolysis/player/autolysis_player.gd:121)
       [1] _prepare (res://main-autolysis/systems/quest-print-system/tests/quest_machine_behavior_test.gd:78)
       [2] _run_case (res://main-autolysis/systems/quest-print-system/tests/quest_machine_behavior_test.gd:115)
       [3] run_checks (res://main-autolysis/systems/quest-print-system/tests/quest_machine_behavior_test.gd:58)
       [4] _run_case (res://main-autolysis/systems/quest-print-system/tests/quest_machine_behavior_test.gd:124)
       [5] _dispose (res://main-autolysis/systems/quest-print-system/tests/quest_machine_behavior_test.gd:425)
       [6] frames (res://main-autolysis/systems/quest-print-system/tests/quest_machine_behavior_test.gd:430)
ERROR: Node not found: "Body/Neck/Head/Eyes/AnimationPlayer" (relative to "/root/@Node3D@34/@CharacterBody3D@36").
   at: get_node (scene/main/node.cpp:1963)
   GDScript backtrace (most recent call first):
       [0] @implicit_ready (res://main-autolysis/player/autolysis_player.gd:122)
       [1] _prepare (res://main-autolysis/systems/quest-print-system/tests/quest_machine_behavior_test.gd:78)
       [2] _run_case (res://main-autolysis/systems/quest-print-system/tests/quest_machine_behavior_test.gd:115)
       [3] run_checks (res://main-autolysis/systems/quest-print-system/tests/quest_machine_behavior_test.gd:58)
       [4] _run_case (res://main-autolysis/systems/quest-print-system/tests/quest_machine_behavior_test.gd:124)
       [5] _dispose (res://main-autolysis/systems/quest-print-system/tests/quest_machine_behavior_test.gd:425)
       [6] frames (res://main-autolysis/systems/quest-print-system/tests/quest_machine_behavior_test.gd:430)
ERROR: Node not found: "StandingCollisionShape" (relative to "/root/@Node3D@34/@CharacterBody3D@36").
   at: get_node (scene/main/node.cpp:1963)
   GDScript backtrace (most recent call first):
       [0] @implicit_ready (res://main-autolysis/player/autolysis_player.gd:123)
       [1] _prepare (res://main-autolysis/systems/quest-print-system/tests/quest_machine_behavior_test.gd:78)
       [2] _run_case (res://main-autolysis/systems/quest-print-system/tests/quest_machine_behavior_test.gd:115)
       [3] run_checks (res://main-autolysis/systems/quest-print-system/tests/quest_machine_behavior_test.gd:58)
       [4] _run_case (res://main-autolysis/systems/quest-print-system/tests/quest_machine_behavior_test.gd:124)
       [5] _dispose (res://main-autolysis/systems/quest-print-system/tests/quest_machine_behavior_test.gd:425)
       [6] frames (res://main-autolysis/systems/quest-print-system/tests/quest_machine_behavior_test.gd:430)
ERROR: Node not found: "CrouchingCollisionShape" (relative to "/root/@Node3D@34/@CharacterBody3D@36").
   at: get_node (scene/main/node.cpp:1963)
   GDScript backtrace (most recent call first):
       [0] @implicit_ready (res://main-autolysis/player/autolysis_player.gd:124)
       [1] _prepare (res://main-autolysis/systems/quest-print-system/tests/quest_machine_behavior_test.gd:78)
       [2] _run_case (res://main-autolysis/systems/quest-print-system/tests/quest_machine_behavior_test.gd:115)
       [3] run_checks (res://main-autolysis/systems/quest-print-system/tests/quest_machine_behavior_test.gd:58)
       [4] _run_case (res://main-autolysis/systems/quest-print-system/tests/quest_machine_behavior_test.gd:124)
       [5] _dispose (res://main-autolysis/systems/quest-print-system/tests/quest_machine_behavior_test.gd:425)
       [6] frames (res://main-autolysis/systems/quest-print-system/tests/quest_machine_behavior_test.gd:430)
ERROR: Node not found: "CrouchRayCast" (relative to "/root/@Node3D@34/@CharacterBody3D@36").
   at: get_node (scene/main/node.cpp:1963)
   GDScript backtrace (most recent call first):
       [0] @implicit_ready (res://main-autolysis/player/autolysis_player.gd:125)
       [1] _prepare (res://main-autolysis/systems/quest-print-system/tests/quest_machine_behavior_test.gd:78)
       [2] _run_case (res://main-autolysis/systems/quest-print-system/tests/quest_machine_behavior_test.gd:115)
       [3] run_checks (res://main-autolysis/systems/quest-print-system/tests/quest_machine_behavior_test.gd:58)
       [4] _run_case (res://main-autolysis/systems/quest-print-system/tests/quest_machine_behavior_test.gd:124)
       [5] _dispose (res://main-autolysis/systems/quest-print-system/tests/quest_machine_behavior_test.gd:425)
       [6] frames (res://main-autolysis/systems/quest-print-system/tests/quest_machine_behavior_test.gd:430)
ERROR: Node not found: "SlidingTimer" (relative to "/root/@Node3D@34/@CharacterBody3D@36").
   at: get_node (scene/main/node.cpp:1963)
   GDScript backtrace (most recent call first):
       [0] @implicit_ready (res://main-autolysis/player/autolysis_player.gd:126)
       [1] _prepare (res://main-autolysis/systems/quest-print-system/tests/quest_machine_behavior_test.gd:78)
       [2] _run_case (res://main-autolysis/systems/quest-print-system/tests/quest_machine_behavior_test.gd:115)
       [3] run_checks (res://main-autolysis/systems/quest-print-system/tests/quest_machine_behavior_test.gd:58)
       [4] _run_case (res://main-autolysis/systems/quest-print-system/tests/quest_machine_behavior_test.gd:124)
       [5] _dispose (res://main-autolysis/systems/quest-print-system/tests/quest_machine_behavior_test.gd:425)
       [6] frames (res://main-autolysis/systems/quest-print-system/tests/quest_machine_behavior_test.gd:430)
ERROR: Node not found: "JumpCooldownTimer" (relative to "/root/@Node3D@34/@CharacterBody3D@36").
   at: get_node (scene/main/node.cpp:1963)
   GDScript backtrace (most recent call first):
       [0] @implicit_ready (res://main-autolysis/player/autolysis_player.gd:127)
       [1] _prepare (res://main-autolysis/systems/quest-print-system/tests/quest_machine_behavior_test.gd:78)
       [2] _run_case (res://main-autolysis/systems/quest-print-system/tests/quest_machine_behavior_test.gd:115)
       [3] run_checks (res://main-autolysis/systems/quest-print-system/tests/quest_machine_behavior_test.gd:58)
       [4] _run_case (res://main-autolysis/systems/quest-print-system/tests/quest_machine_behavior_test.gd:124)
       [5] _dispose (res://main-autolysis/systems/quest-print-system/tests/quest_machine_behavior_test.gd:425)
       [6] frames (res://main-autolysis/systems/quest-print-system/tests/quest_machine_behavior_test.gd:430)
ERROR: Node not found: "DegaussPlayerFoundArea" (relative to "/root/@Node3D@34/@CharacterBody3D@36").
   at: get_node (scene/main/node.cpp:1963)
   GDScript backtrace (most recent call first):
       [0] @implicit_ready (res://main-autolysis/player/autolysis_player.gd:128)
       [1] _prepare (res://main-autolysis/systems/quest-print-system/tests/quest_machine_behavior_test.gd:78)
       [2] _run_case (res://main-autolysis/systems/quest-print-system/tests/quest_machine_behavior_test.gd:115)
       [3] run_checks (res://main-autolysis/systems/quest-print-system/tests/quest_machine_behavior_test.gd:58)
       [4] _run_case (res://main-autolysis/systems/quest-print-system/tests/quest_machine_behavior_test.gd:124)
       [5] _dispose (res://main-autolysis/systems/quest-print-system/tests/quest_machine_behavior_test.gd:425)
       [6] frames (res://main-autolysis/systems/quest-print-system/tests/quest_machine_behavior_test.gd:430)
ERROR: Node not found: "DegaussPlayerFoundArea/found_collision_standing" (relative to "/root/@Node3D@34/@CharacterBody3D@36").
   at: get_node (scene/main/node.cpp:1963)
   GDScript backtrace (most recent call first):
       [0] @implicit_ready (res://main-autolysis/player/autolysis_player.gd:129)
       [1] _prepare (res://main-autolysis/systems/quest-print-system/tests/quest_machine_behavior_test.gd:78)
       [2] _run_case (res://main-autolysis/systems/quest-print-system/tests/quest_machine_behavior_test.gd:115)
       [3] run_checks (res://main-autolysis/systems/quest-print-system/tests/quest_machine_behavior_test.gd:58)
       [4] _run_case (res://main-autolysis/systems/quest-print-system/tests/quest_machine_behavior_test.gd:124)
       [5] _dispose (res://main-autolysis/systems/quest-print-system/tests/quest_machine_behavior_test.gd:425)
       [6] frames (res://main-autolysis/systems/quest-print-system/tests/quest_machine_behavior_test.gd:430)
ERROR: Node not found: "DegaussPlayerFoundArea/found_collision_walking" (relative to "/root/@Node3D@34/@CharacterBody3D@36").
   at: get_node (scene/main/node.cpp:1963)
   GDScript backtrace (most recent call first):
       [0] @implicit_ready (res://main-autolysis/player/autolysis_player.gd:130)
       [1] _prepare (res://main-autolysis/systems/quest-print-system/tests/quest_machine_behavior_test.gd:78)
       [2] _run_case (res://main-autolysis/systems/quest-print-system/tests/quest_machine_behavior_test.gd:115)
       [3] run_checks (res://main-autolysis/systems/quest-print-system/tests/quest_machine_behavior_test.gd:58)
       [4] _run_case (res://main-autolysis/systems/quest-print-system/tests/quest_machine_behavior_test.gd:124)
       [5] _dispose (res://main-autolysis/systems/quest-print-system/tests/quest_machine_behavior_test.gd:425)
       [6] frames (res://main-autolysis/systems/quest-print-system/tests/quest_machine_behavior_test.gd:430)
ERROR: Node not found: "DegaussPlayerFoundArea/found_collision_crouching" (relative to "/root/@Node3D@34/@CharacterBody3D@36").
   at: get_node (scene/main/node.cpp:1963)
   GDScript backtrace (most recent call first):
       [0] @implicit_ready (res://main-autolysis/player/autolysis_player.gd:131)
       [1] _prepare (res://main-autolysis/systems/quest-print-system/tests/quest_machine_behavior_test.gd:78)
       [2] _run_case (res://main-autolysis/systems/quest-print-system/tests/quest_machine_behavior_test.gd:115)
       [3] run_checks (res://main-autolysis/systems/quest-print-system/tests/quest_machine_behavior_test.gd:58)
       [4] _run_case (res://main-autolysis/systems/quest-print-system/tests/quest_machine_behavior_test.gd:124)
       [5] _dispose (res://main-autolysis/systems/quest-print-system/tests/quest_machine_behavior_test.gd:425)
       [6] frames (res://main-autolysis/systems/quest-print-system/tests/quest_machine_behavior_test.gd:430)
ERROR: Node not found: "DegaussPlayerFoundArea/found_collision_running" (relative to "/root/@Node3D@34/@CharacterBody3D@36").
   at: get_node (scene/main/node.cpp:1963)
   GDScript backtrace (most recent call first):
       [0] @implicit_ready (res://main-autolysis/player/autolysis_player.gd:132)
       [1] _prepare (res://main-autolysis/systems/quest-print-system/tests/quest_machine_behavior_test.gd:78)
       [2] _run_case (res://main-autolysis/systems/quest-print-system/tests/quest_machine_behavior_test.gd:115)
       [3] run_checks (res://main-autolysis/systems/quest-print-system/tests/quest_machine_behavior_test.gd:58)
       [4] _run_case (res://main-autolysis/systems/quest-print-system/tests/quest_machine_behavior_test.gd:124)
       [5] _dispose (res://main-autolysis/systems/quest-print-system/tests/quest_machine_behavior_test.gd:425)
       [6] frames (res://main-autolysis/systems/quest-print-system/tests/quest_machine_behavior_test.gd:430)
ERROR: Node not found: "Body/Neck/Head/Eyes/Camera/InteractionRaycast" (relative to "/root/@Node3D@34/@CharacterBody3D@36").
   at: get_node (scene/main/node.cpp:1963)
   GDScript backtrace (most recent call first):
       [0] @implicit_ready (res://main-autolysis/player/autolysis_player.gd:135)
       [1] _prepare (res://main-autolysis/systems/quest-print-system/tests/quest_machine_behavior_test.gd:78)
       [2] _run_case (res://main-autolysis/systems/quest-print-system/tests/quest_machine_behavior_test.gd:115)
       [3] run_checks (res://main-autolysis/systems/quest-print-system/tests/quest_machine_behavior_test.gd:58)
       [4] _run_case (res://main-autolysis/systems/quest-print-system/tests/quest_machine_behavior_test.gd:124)
       [5] _dispose (res://main-autolysis/systems/quest-print-system/tests/quest_machine_behavior_test.gd:425)
       [6] frames (res://main-autolysis/systems/quest-print-system/tests/quest_machine_behavior_test.gd:430)
ERROR: Node not found: "InteractionController" (relative to "/root/@Node3D@34/@CharacterBody3D@36").
   at: get_node (scene/main/node.cpp:1963)
   GDScript backtrace (most recent call first):
       [0] @implicit_ready (res://main-autolysis/player/autolysis_player.gd:136)
       [1] _prepare (res://main-autolysis/systems/quest-print-system/tests/quest_machine_behavior_test.gd:78)
       [2] _run_case (res://main-autolysis/systems/quest-print-system/tests/quest_machine_behavior_test.gd:115)
       [3] run_checks (res://main-autolysis/systems/quest-print-system/tests/quest_machine_behavior_test.gd:58)
       [4] _run_case (res://main-autolysis/systems/quest-print-system/tests/quest_machine_behavior_test.gd:124)
       [5] _dispose (res://main-autolysis/systems/quest-print-system/tests/quest_machine_behavior_test.gd:425)
       [6] frames (res://main-autolysis/systems/quest-print-system/tests/quest_machine_behavior_test.gd:430)
ERROR: Node not found: "InteractionHUD/Crosshair" (relative to "/root/@Node3D@34/@CharacterBody3D@36").
   at: get_node (scene/main/node.cpp:1963)
   GDScript backtrace (most recent call first):
       [0] @implicit_ready (res://main-autolysis/player/autolysis_player.gd:137)
       [1] _prepare (res://main-autolysis/systems/quest-print-system/tests/quest_machine_behavior_test.gd:78)
       [2] _run_case (res://main-autolysis/systems/quest-print-system/tests/quest_machine_behavior_test.gd:115)
       [3] run_checks (res://main-autolysis/systems/quest-print-system/tests/quest_machine_behavior_test.gd:58)
       [4] _run_case (res://main-autolysis/systems/quest-print-system/tests/quest_machine_behavior_test.gd:124)
       [5] _dispose (res://main-autolysis/systems/quest-print-system/tests/quest_machine_behavior_test.gd:425)
       [6] frames (res://main-autolysis/systems/quest-print-system/tests/quest_machine_behavior_test.gd:430)
ERROR: Node not found: "%Wieldables" (relative to "/root/@Node3D@34/@CharacterBody3D@36").
   at: get_node (scene/main/node.cpp:1963)
   GDScript backtrace (most recent call first):
       [0] @implicit_ready (res://main-autolysis/player/autolysis_player.gd:138)
       [1] _prepare (res://main-autolysis/systems/quest-print-system/tests/quest_machine_behavior_test.gd:78)
       [2] _run_case (res://main-autolysis/systems/quest-print-system/tests/quest_machine_behavior_test.gd:115)
       [3] run_checks (res://main-autolysis/systems/quest-print-system/tests/quest_machine_behavior_test.gd:58)
       [4] _run_case (res://main-autolysis/systems/quest-print-system/tests/quest_machine_behavior_test.gd:124)
       [5] _dispose (res://main-autolysis/systems/quest-print-system/tests/quest_machine_behavior_test.gd:425)
       [6] frames (res://main-autolysis/systems/quest-print-system/tests/quest_machine_behavior_test.gd:430)
ERROR: Node not found: "InventoryController" (relative to "/root/@Node3D@34/@CharacterBody3D@36").
   at: get_node (scene/main/node.cpp:1963)
   GDScript backtrace (most recent call first):
       [0] @implicit_ready (res://main-autolysis/player/autolysis_player.gd:139)
       [1] _prepare (res://main-autolysis/systems/quest-print-system/tests/quest_machine_behavior_test.gd:78)
       [2] _run_case (res://main-autolysis/systems/quest-print-system/tests/quest_machine_behavior_test.gd:115)
       [3] run_checks (res://main-autolysis/systems/quest-print-system/tests/quest_machine_behavior_test.gd:58)
       [4] _run_case (res://main-autolysis/systems/quest-print-system/tests/quest_machine_behavior_test.gd:124)
       [5] _dispose (res://main-autolysis/systems/quest-print-system/tests/quest_machine_behavior_test.gd:425)
       [6] frames (res://main-autolysis/systems/quest-print-system/tests/quest_machine_behavior_test.gd:430)
ERROR: Node not found: "%HeldItemPresenter" (relative to "/root/@Node3D@34/@CharacterBody3D@36").
   at: get_node (scene/main/node.cpp:1963)
   GDScript backtrace (most recent call first):
       [0] @implicit_ready (res://main-autolysis/player/autolysis_player.gd:140)
       [1] _prepare (res://main-autolysis/systems/quest-print-system/tests/quest_machine_behavior_test.gd:78)
       [2] _run_case (res://main-autolysis/systems/quest-print-system/tests/quest_machine_behavior_test.gd:115)
       [3] run_checks (res://main-autolysis/systems/quest-print-system/tests/quest_machine_behavior_test.gd:58)
       [4] _run_case (res://main-autolysis/systems/quest-print-system/tests/quest_machine_behavior_test.gd:124)
       [5] _dispose (res://main-autolysis/systems/quest-print-system/tests/quest_machine_behavior_test.gd:425)
       [6] frames (res://main-autolysis/systems/quest-print-system/tests/quest_machine_behavior_test.gd:430)
ERROR: Node not found: "InventoryBar" (relative to "/root/@Node3D@34/@CharacterBody3D@36").
   at: get_node (scene/main/node.cpp:1963)
   GDScript backtrace (most recent call first):
       [0] @implicit_ready (res://main-autolysis/player/autolysis_player.gd:141)
       [1] _prepare (res://main-autolysis/systems/quest-print-system/tests/quest_machine_behavior_test.gd:78)
       [2] _run_case (res://main-autolysis/systems/quest-print-system/tests/quest_machine_behavior_test.gd:115)
       [3] run_checks (res://main-autolysis/systems/quest-print-system/tests/quest_machine_behavior_test.gd:58)
       [4] _run_case (res://main-autolysis/systems/quest-print-system/tests/quest_machine_behavior_test.gd:124)
       [5] _dispose (res://main-autolysis/systems/quest-print-system/tests/quest_machine_behavior_test.gd:425)
       [6] frames (res://main-autolysis/systems/quest-print-system/tests/quest_machine_behavior_test.gd:430)
ERROR: Node not found: "DialoguePlayer" (relative to "/root/@Node3D@34/@CharacterBody3D@36").
   at: get_node (scene/main/node.cpp:1963)
   GDScript backtrace (most recent call first):
       [0] @implicit_ready (res://main-autolysis/player/autolysis_player.gd:142)
       [1] _prepare (res://main-autolysis/systems/quest-print-system/tests/quest_machine_behavior_test.gd:78)
       [2] _run_case (res://main-autolysis/systems/quest-print-system/tests/quest_machine_behavior_test.gd:115)
       [3] run_checks (res://main-autolysis/systems/quest-print-system/tests/quest_machine_behavior_test.gd:58)
       [4] _run_case (res://main-autolysis/systems/quest-print-system/tests/quest_machine_behavior_test.gd:124)
       [5] _dispose (res://main-autolysis/systems/quest-print-system/tests/quest_machine_behavior_test.gd:425)
       [6] frames (res://main-autolysis/systems/quest-print-system/tests/quest_machine_behavior_test.gd:430)
ERROR: Node not found: "LiquidContentsPanel" (relative to "/root/@Node3D@34/@CharacterBody3D@36").
   at: get_node (scene/main/node.cpp:1963)
   GDScript backtrace (most recent call first):
       [0] @implicit_ready (res://main-autolysis/player/autolysis_player.gd:143)
       [1] _prepare (res://main-autolysis/systems/quest-print-system/tests/quest_machine_behavior_test.gd:78)
       [2] _run_case (res://main-autolysis/systems/quest-print-system/tests/quest_machine_behavior_test.gd:115)
       [3] run_checks (res://main-autolysis/systems/quest-print-system/tests/quest_machine_behavior_test.gd:58)
       [4] _run_case (res://main-autolysis/systems/quest-print-system/tests/quest_machine_behavior_test.gd:124)
       [5] _dispose (res://main-autolysis/systems/quest-print-system/tests/quest_machine_behavior_test.gd:425)
       [6] frames (res://main-autolysis/systems/quest-print-system/tests/quest_machine_behavior_test.gd:430)
ERROR: Node not found: "NavigationAgent3D" (relative to "/root/@Node3D@34/@CharacterBody3D@36").
   at: get_node (scene/main/node.cpp:1963)
   GDScript backtrace (most recent call first):
       [0] @implicit_ready (res://main-autolysis/player/autolysis_player.gd:144)
       [1] _prepare (res://main-autolysis/systems/quest-print-system/tests/quest_machine_behavior_test.gd:78)
       [2] _run_case (res://main-autolysis/systems/quest-print-system/tests/quest_machine_behavior_test.gd:115)
       [3] run_checks (res://main-autolysis/systems/quest-print-system/tests/quest_machine_behavior_test.gd:58)
       [4] _run_case (res://main-autolysis/systems/quest-print-system/tests/quest_machine_behavior_test.gd:124)
       [5] _dispose (res://main-autolysis/systems/quest-print-system/tests/quest_machine_behavior_test.gd:425)
       [6] frames (res://main-autolysis/systems/quest-print-system/tests/quest_machine_behavior_test.gd:430)
ERROR: Node not found: "FocusController" (relative to "/root/@Node3D@34/@CharacterBody3D@36").
   at: get_node (scene/main/node.cpp:1963)
   GDScript backtrace (most recent call first):
       [0] @implicit_ready (res://main-autolysis/player/autolysis_player.gd:145)
       [1] _prepare (res://main-autolysis/systems/quest-print-system/tests/quest_machine_behavior_test.gd:78)
       [2] _run_case (res://main-autolysis/systems/quest-print-system/tests/quest_machine_behavior_test.gd:115)
       [3] run_checks (res://main-autolysis/systems/quest-print-system/tests/quest_machine_behavior_test.gd:58)
       [4] _run_case (res://main-autolysis/systems/quest-print-system/tests/quest_machine_behavior_test.gd:124)
       [5] _dispose (res://main-autolysis/systems/quest-print-system/tests/quest_machine_behavior_test.gd:425)
       [6] frames (res://main-autolysis/systems/quest-print-system/tests/quest_machine_behavior_test.gd:430)
SCRIPT ERROR: Invalid assignment of property or key 'state' with value of type 'int' on a base object of type 'null instance'.
   at: _prepare (res://main-autolysis/systems/quest-print-system/tests/quest_machine_behavior_test.gd:83)
   GDScript backtrace (most recent call first):
       [0] _prepare (res://main-autolysis/systems/quest-print-system/tests/quest_machine_behavior_test.gd:83)
       [1] _run_case (res://main-autolysis/systems/quest-print-system/tests/quest_machine_behavior_test.gd:115)
       [2] run_checks (res://main-autolysis/systems/quest-print-system/tests/quest_machine_behavior_test.gd:58)
       [3] _run_case (res://main-autolysis/systems/quest-print-system/tests/quest_machine_behavior_test.gd:124)
       [4] _dispose (res://main-autolysis/systems/quest-print-system/tests/quest_machine_behavior_test.gd:425)
       [5] frames (res://main-autolysis/systems/quest-print-system/tests/quest_machine_behavior_test.gd:430)
ERROR: 失败：唯一按钮入口建立一份空白纸张
   at: push_error (core/variant/variant_utility.cpp:1024)
   GDScript backtrace (most recent call first):
       [0] check (res://main-autolysis/systems/quest-print-system/tests/quest_machine_behavior_test.gd:440)
       [1] _start (res://main-autolysis/systems/quest-print-system/tests/quest_machine_behavior_test.gd:108)
       [2] _run_case (res://main-autolysis/systems/quest-print-system/tests/quest_machine_behavior_test.gd:120)
       [3] run_checks (res://main-autolysis/systems/quest-print-system/tests/quest_machine_behavior_test.gd:58)
       [4] _run_case (res://main-autolysis/systems/quest-print-system/tests/quest_machine_behavior_test.gd:124)
       [5] _dispose (res://main-autolysis/systems/quest-print-system/tests/quest_machine_behavior_test.gd:425)
       [6] frames (res://main-autolysis/systems/quest-print-system/tests/quest_machine_behavior_test.gd:430)
SCRIPT ERROR: Invalid call. Nonexistent function 'get_visible_data_line_indices' in base 'Nil'.
   at: _start (res://main-autolysis/systems/quest-print-system/tests/quest_machine_behavior_test.gd:110)
   GDScript backtrace (most recent call first):
       [0] _start (res://main-autolysis/systems/quest-print-system/tests/quest_machine_behavior_test.gd:110)
       [1] _run_case (res://main-autolysis/systems/quest-print-system/tests/quest_machine_behavior_test.gd:120)
       [2] run_checks (res://main-autolysis/systems/quest-print-system/tests/quest_machine_behavior_test.gd:58)
       [3] _run_case (res://main-autolysis/systems/quest-print-system/tests/quest_machine_behavior_test.gd:124)
       [4] _dispose (res://main-autolysis/systems/quest-print-system/tests/quest_machine_behavior_test.gd:425)
       [5] frames (res://main-autolysis/systems/quest-print-system/tests/quest_machine_behavior_test.gd:430)
ERROR: Node not found: "FootstepPlayer" (relative to "/root/@Node3D@38/@CharacterBody3D@40").
   at: get_node (scene/main/node.cpp:1963)
   GDScript backtrace (most recent call first):
       [0] @implicit_ready (res://main-autolysis/player/autolysis_player.gd:116)
       [1] _prepare (res://main-autolysis/systems/quest-print-system/tests/quest_machine_behavior_test.gd:78)
       [2] _run_case (res://main-autolysis/systems/quest-print-system/tests/quest_machine_behavior_test.gd:115)
       [3] run_checks (res://main-autolysis/systems/quest-print-system/tests/quest_machine_behavior_test.gd:58)
       [4] _run_case (res://main-autolysis/systems/quest-print-system/tests/quest_machine_behavior_test.gd:124)
       [5] _dispose (res://main-autolysis/systems/quest-print-system/tests/quest_machine_behavior_test.gd:425)
       [6] frames (res://main-autolysis/systems/quest-print-system/tests/quest_machine_behavior_test.gd:430)
ERROR: Node not found: "Body" (relative to "/root/@Node3D@38/@CharacterBody3D@40").
   at: get_node (scene/main/node.cpp:1963)
   GDScript backtrace (most recent call first):
       [0] @implicit_ready (res://main-autolysis/player/autolysis_player.gd:117)
       [1] _prepare (res://main-autolysis/systems/quest-print-system/tests/quest_machine_behavior_test.gd:78)
       [2] _run_case (res://main-autolysis/systems/quest-print-system/tests/quest_machine_behavior_test.gd:115)
       [3] run_checks (res://main-autolysis/systems/quest-print-system/tests/quest_machine_behavior_test.gd:58)
       [4] _run_case (res://main-autolysis/systems/quest-print-system/tests/quest_machine_behavior_test.gd:124)
       [5] _dispose (res://main-autolysis/systems/quest-print-system/tests/quest_machine_behavior_test.gd:425)
       [6] frames (res://main-autolysis/systems/quest-print-system/tests/quest_machine_behavior_test.gd:430)
ERROR: Node not found: "Body/Neck" (relative to "/root/@Node3D@38/@CharacterBody3D@40").
   at: get_node (scene/main/node.cpp:1963)
   GDScript backtrace (most recent call first):
       [0] @implicit_ready (res://main-autolysis/player/autolysis_player.gd:118)
       [1] _prepare (res://main-autolysis/systems/quest-print-system/tests/quest_machine_behavior_test.gd:78)
       [2] _run_case (res://main-autolysis/systems/quest-print-system/tests/quest_machine_behavior_test.gd:115)
       [3] run_checks (res://main-autolysis/systems/quest-print-system/tests/quest_machine_behavior_test.gd:58)
       [4] _run_case (res://main-autolysis/systems/quest-print-system/tests/quest_machine_behavior_test.gd:124)
       [5] _dispose (res://main-autolysis/systems/quest-print-system/tests/quest_machine_behavior_test.gd:425)
       [6] frames (res://main-autolysis/systems/quest-print-system/tests/quest_machine_behavior_test.gd:430)
ERROR: Node not found: "Body/Neck/Head" (relative to "/root/@Node3D@38/@CharacterBody3D@40").
   at: get_node (scene/main/node.cpp:1963)
   GDScript backtrace (most recent call first):
       [0] @implicit_ready (res://main-autolysis/player/autolysis_player.gd:119)
       [1] _prepare (res://main-autolysis/systems/quest-print-system/tests/quest_machine_behavior_test.gd:78)
       [2] _run_case (res://main-autolysis/systems/quest-print-system/tests/quest_machine_behavior_test.gd:115)
       [3] run_checks (res://main-autolysis/systems/quest-print-system/tests/quest_machine_behavior_test.gd:58)
       [4] _run_case (res://main-autolysis/systems/quest-print-system/tests/quest_machine_behavior_test.gd:124)
       [5] _dispose (res://main-autolysis/systems/quest-print-system/tests/quest_machine_behavior_test.gd:425)
       [6] frames (res://main-autolysis/systems/quest-print-system/tests/quest_machine_behavior_test.gd:430)
ERROR: Node not found: "Body/Neck/Head/Eyes" (relative to "/root/@Node3D@38/@CharacterBody3D@40").
   at: get_node (scene/main/node.cpp:1963)
   GDScript backtrace (most recent call first):
       [0] @implicit_ready (res://main-autolysis/player/autolysis_player.gd:120)
       [1] _prepare (res://main-autolysis/systems/quest-print-system/tests/quest_machine_behavior_test.gd:78)
       [2] _run_case (res://main-autolysis/systems/quest-print-system/tests/quest_machine_behavior_test.gd:115)
       [3] run_checks (res://main-autolysis/systems/quest-print-system/tests/quest_machine_behavior_test.gd:58)
       [4] _run_case (res://main-autolysis/systems/quest-print-system/tests/quest_machine_behavior_test.gd:124)
       [5] _dispose (res://main-autolysis/systems/quest-print-system/tests/quest_machine_behavior_test.gd:425)
       [6] frames (res://main-autolysis/systems/quest-print-system/tests/quest_machine_behavior_test.gd:430)
ERROR: Node not found: "Body/Neck/Head/Eyes/Camera" (relative to "/root/@Node3D@38/@CharacterBody3D@40").
   at: get_node (scene/main/node.cpp:1963)
   GDScript backtrace (most recent call first):
       [0] @implicit_ready (res://main-autolysis/player/autolysis_player.gd:121)
       [1] _prepare (res://main-autolysis/systems/quest-print-system/tests/quest_machine_behavior_test.gd:78)
       [2] _run_case (res://main-autolysis/systems/quest-print-system/tests/quest_machine_behavior_test.gd:115)
       [3] run_checks (res://main-autolysis/systems/quest-print-system/tests/quest_machine_behavior_test.gd:58)
       [4] _run_case (res://main-autolysis/systems/quest-print-system/tests/quest_machine_behavior_test.gd:124)
       [5] _dispose (res://main-autolysis/systems/quest-print-system/tests/quest_machine_behavior_test.gd:425)
       [6] frames (res://main-autolysis/systems/quest-print-system/tests/quest_machine_behavior_test.gd:430)
ERROR: Node not found: "Body/Neck/Head/Eyes/AnimationPlayer" (relative to "/root/@Node3D@38/@CharacterBody3D@40").
   at: get_node (scene/main/node.cpp:1963)
   GDScript backtrace (most recent call first):
       [0] @implicit_ready (res://main-autolysis/player/autolysis_player.gd:122)
       [1] _prepare (res://main-autolysis/systems/quest-print-system/tests/quest_machine_behavior_test.gd:78)
       [2] _run_case (res://main-autolysis/systems/quest-print-system/tests/quest_machine_behavior_test.gd:115)
       [3] run_checks (res://main-autolysis/systems/quest-print-system/tests/quest_machine_behavior_test.gd:58)
       [4] _run_case (res://main-autolysis/systems/quest-print-system/tests/quest_machine_behavior_test.gd:124)
       [5] _dispose (res://main-autolysis/systems/quest-print-system/tests/quest_machine_behavior_test.gd:425)
       [6] frames (res://main-autolysis/systems/quest-print-system/tests/quest_machine_behavior_test.gd:430)
ERROR: Node not found: "StandingCollisionShape" (relative to "/root/@Node3D@38/@CharacterBody3D@40").
   at: get_node (scene/main/node.cpp:1963)
   GDScript backtrace (most recent call first):
       [0] @implicit_ready (res://main-autolysis/player/autolysis_player.gd:123)
       [1] _prepare (res://main-autolysis/systems/quest-print-system/tests/quest_machine_behavior_test.gd:78)
       [2] _run_case (res://main-autolysis/systems/quest-print-system/tests/quest_machine_behavior_test.gd:115)
       [3] run_checks (res://main-autolysis/systems/quest-print-system/tests/quest_machine_behavior_test.gd:58)
       [4] _run_case (res://main-autolysis/systems/quest-print-system/tests/quest_machine_behavior_test.gd:124)
       [5] _dispose (res://main-autolysis/systems/quest-print-system/tests/quest_machine_behavior_test.gd:425)
       [6] frames (res://main-autolysis/systems/quest-print-system/tests/quest_machine_behavior_test.gd:430)
ERROR: Node not found: "CrouchingCollisionShape" (relative to "/root/@Node3D@38/@CharacterBody3D@40").
   at: get_node (scene/main/node.cpp:1963)
   GDScript backtrace (most recent call first):
       [0] @implicit_ready (res://main-autolysis/player/autolysis_player.gd:124)
       [1] _prepare (res://main-autolysis/systems/quest-print-system/tests/quest_machine_behavior_test.gd:78)
       [2] _run_case (res://main-autolysis/systems/quest-print-system/tests/quest_machine_behavior_test.gd:115)
       [3] run_checks (res://main-autolysis/systems/quest-print-system/tests/quest_machine_behavior_test.gd:58)
       [4] _run_case (res://main-autolysis/systems/quest-print-system/tests/quest_machine_behavior_test.gd:124)
       [5] _dispose (res://main-autolysis/systems/quest-print-system/tests/quest_machine_behavior_test.gd:425)
       [6] frames (res://main-autolysis/systems/quest-print-system/tests/quest_machine_behavior_test.gd:430)
ERROR: Node not found: "CrouchRayCast" (relative to "/root/@Node3D@38/@CharacterBody3D@40").
   at: get_node (scene/main/node.cpp:1963)
   GDScript backtrace (most recent call first):
       [0] @implicit_ready (res://main-autolysis/player/autolysis_player.gd:125)
       [1] _prepare (res://main-autolysis/systems/quest-print-system/tests/quest_machine_behavior_test.gd:78)
       [2] _run_case (res://main-autolysis/systems/quest-print-system/tests/quest_machine_behavior_test.gd:115)
       [3] run_checks (res://main-autolysis/systems/quest-print-system/tests/quest_machine_behavior_test.gd:58)
       [4] _run_case (res://main-autolysis/systems/quest-print-system/tests/quest_machine_behavior_test.gd:124)
       [5] _dispose (res://main-autolysis/systems/quest-print-system/tests/quest_machine_behavior_test.gd:425)
       [6] frames (res://main-autolysis/systems/quest-print-system/tests/quest_machine_behavior_test.gd:430)
ERROR: Node not found: "SlidingTimer" (relative to "/root/@Node3D@38/@CharacterBody3D@40").
   at: get_node (scene/main/node.cpp:1963)
   GDScript backtrace (most recent call first):
       [0] @implicit_ready (res://main-autolysis/player/autolysis_player.gd:126)
       [1] _prepare (res://main-autolysis/systems/quest-print-system/tests/quest_machine_behavior_test.gd:78)
       [2] _run_case (res://main-autolysis/systems/quest-print-system/tests/quest_machine_behavior_test.gd:115)
       [3] run_checks (res://main-autolysis/systems/quest-print-system/tests/quest_machine_behavior_test.gd:58)
       [4] _run_case (res://main-autolysis/systems/quest-print-system/tests/quest_machine_behavior_test.gd:124)
       [5] _dispose (res://main-autolysis/systems/quest-print-system/tests/quest_machine_behavior_test.gd:425)
       [6] frames (res://main-autolysis/systems/quest-print-system/tests/quest_machine_behavior_test.gd:430)
ERROR: Node not found: "JumpCooldownTimer" (relative to "/root/@Node3D@38/@CharacterBody3D@40").
   at: get_node (scene/main/node.cpp:1963)
   GDScript backtrace (most recent call first):
       [0] @implicit_ready (res://main-autolysis/player/autolysis_player.gd:127)
       [1] _prepare (res://main-autolysis/systems/quest-print-system/tests/quest_machine_behavior_test.gd:78)
       [2] _run_case (res://main-autolysis/systems/quest-print-system/tests/quest_machine_behavior_test.gd:115)
       [3] run_checks (res://main-autolysis/systems/quest-print-system/tests/quest_machine_behavior_test.gd:58)
       [4] _run_case (res://main-autolysis/systems/quest-print-system/tests/quest_machine_behavior_test.gd:124)
       [5] _dispose (res://main-autolysis/systems/quest-print-system/tests/quest_machine_behavior_test.gd:425)
       [6] frames (res://main-autolysis/systems/quest-print-system/tests/quest_machine_behavior_test.gd:430)
ERROR: Node not found: "DegaussPlayerFoundArea" (relative to "/root/@Node3D@38/@CharacterBody3D@40").
   at: get_node (scene/main/node.cpp:1963)
   GDScript backtrace (most recent call first):
       [0] @implicit_ready (res://main-autolysis/player/autolysis_player.gd:128)
       [1] _prepare (res://main-autolysis/systems/quest-print-system/tests/quest_machine_behavior_test.gd:78)
       [2] _run_case (res://main-autolysis/systems/quest-print-system/tests/quest_machine_behavior_test.gd:115)
       [3] run_checks (res://main-autolysis/systems/quest-print-system/tests/quest_machine_behavior_test.gd:58)
       [4] _run_case (res://main-autolysis/systems/quest-print-system/tests/quest_machine_behavior_test.gd:124)
       [5] _dispose (res://main-autolysis/systems/quest-print-system/tests/quest_machine_behavior_test.gd:425)
       [6] frames (res://main-autolysis/systems/quest-print-system/tests/quest_machine_behavior_test.gd:430)
ERROR: Node not found: "DegaussPlayerFoundArea/found_collision_standing" (relative to "/root/@Node3D@38/@CharacterBody3D@40").
   at: get_node (scene/main/node.cpp:1963)
   GDScript backtrace (most recent call first):
       [0] @implicit_ready (res://main-autolysis/player/autolysis_player.gd:129)
       [1] _prepare (res://main-autolysis/systems/quest-print-system/tests/quest_machine_behavior_test.gd:78)
       [2] _run_case (res://main-autolysis/systems/quest-print-system/tests/quest_machine_behavior_test.gd:115)
       [3] run_checks (res://main-autolysis/systems/quest-print-system/tests/quest_machine_behavior_test.gd:58)
       [4] _run_case (res://main-autolysis/systems/quest-print-system/tests/quest_machine_behavior_test.gd:124)
       [5] _dispose (res://main-autolysis/systems/quest-print-system/tests/quest_machine_behavior_test.gd:425)
       [6] frames (res://main-autolysis/systems/quest-print-system/tests/quest_machine_behavior_test.gd:430)
ERROR: Node not found: "DegaussPlayerFoundArea/found_collision_walking" (relative to "/root/@Node3D@38/@CharacterBody3D@40").
   at: get_node (scene/main/node.cpp:1963)
   GDScript backtrace (most recent call first):
       [0] @implicit_ready (res://main-autolysis/player/autolysis_player.gd:130)
       [1] _prepare (res://main-autolysis/systems/quest-print-system/tests/quest_machine_behavior_test.gd:78)
       [2] _run_case (res://main-autolysis/systems/quest-print-system/tests/quest_machine_behavior_test.gd:115)
       [3] run_checks (res://main-autolysis/systems/quest-print-system/tests/quest_machine_behavior_test.gd:58)
       [4] _run_case (res://main-autolysis/systems/quest-print-system/tests/quest_machine_behavior_test.gd:124)
       [5] _dispose (res://main-autolysis/systems/quest-print-system/tests/quest_machine_behavior_test.gd:425)
       [6] frames (res://main-autolysis/systems/quest-print-system/tests/quest_machine_behavior_test.gd:430)
ERROR: Node not found: "DegaussPlayerFoundArea/found_collision_crouching" (relative to "/root/@Node3D@38/@CharacterBody3D@40").
   at: get_node (scene/main/node.cpp:1963)
   GDScript backtrace (most recent call first):
       [0] @implicit_ready (res://main-autolysis/player/autolysis_player.gd:131)
       [1] _prepare (res://main-autolysis/systems/quest-print-system/tests/quest_machine_behavior_test.gd:78)
       [2] _run_case (res://main-autolysis/systems/quest-print-system/tests/quest_machine_behavior_test.gd:115)
       [3] run_checks (res://main-autolysis/systems/quest-print-system/tests/quest_machine_behavior_test.gd:58)
       [4] _run_case (res://main-autolysis/systems/quest-print-system/tests/quest_machine_behavior_test.gd:124)
       [5] _dispose (res://main-autolysis/systems/quest-print-system/tests/quest_machine_behavior_test.gd:425)
       [6] frames (res://main-autolysis/systems/quest-print-system/tests/quest_machine_behavior_test.gd:430)
ERROR: Node not found: "DegaussPlayerFoundArea/found_collision_running" (relative to "/root/@Node3D@38/@CharacterBody3D@40").
   at: get_node (scene/main/node.cpp:1963)
   GDScript backtrace (most recent call first):
       [0] @implicit_ready (res://main-autolysis/player/autolysis_player.gd:132)
       [1] _prepare (res://main-autolysis/systems/quest-print-system/tests/quest_machine_behavior_test.gd:78)
       [2] _run_case (res://main-autolysis/systems/quest-print-system/tests/quest_machine_behavior_test.gd:115)
       [3] run_checks (res://main-autolysis/systems/quest-print-system/tests/quest_machine_behavior_test.gd:58)
       [4] _run_case (res://main-autolysis/systems/quest-print-system/tests/quest_machine_behavior_test.gd:124)
       [5] _dispose (res://main-autolysis/systems/quest-print-system/tests/quest_machine_behavior_test.gd:425)
       [6] frames (res://main-autolysis/systems/quest-print-system/tests/quest_machine_behavior_test.gd:430)
ERROR: Node not found: "Body/Neck/Head/Eyes/Camera/InteractionRaycast" (relative to "/root/@Node3D@38/@CharacterBody3D@40").
   at: get_node (scene/main/node.cpp:1963)
   GDScript backtrace (most recent call first):
       [0] @implicit_ready (res://main-autolysis/player/autolysis_player.gd:135)
       [1] _prepare (res://main-autolysis/systems/quest-print-system/tests/quest_machine_behavior_test.gd:78)
       [2] _run_case (res://main-autolysis/systems/quest-print-system/tests/quest_machine_behavior_test.gd:115)
       [3] run_checks (res://main-autolysis/systems/quest-print-system/tests/quest_machine_behavior_test.gd:58)
       [4] _run_case (res://main-autolysis/systems/quest-print-system/tests/quest_machine_behavior_test.gd:124)
       [5] _dispose (res://main-autolysis/systems/quest-print-system/tests/quest_machine_behavior_test.gd:425)
       [6] frames (res://main-autolysis/systems/quest-print-system/tests/quest_machine_behavior_test.gd:430)
ERROR: Node not found: "InteractionController" (relative to "/root/@Node3D@38/@CharacterBody3D@40").
   at: get_node (scene/main/node.cpp:1963)
   GDScript backtrace (most recent call first):
       [0] @implicit_ready (res://main-autolysis/player/autolysis_player.gd:136)
       [1] _prepare (res://main-autolysis/systems/quest-print-system/tests/quest_machine_behavior_test.gd:78)
       [2] _run_case (res://main-autolysis/systems/quest-print-system/tests/quest_machine_behavior_test.gd:115)
       [3] run_checks (res://main-autolysis/systems/quest-print-system/tests/quest_machine_behavior_test.gd:58)
       [4] _run_case (res://main-autolysis/systems/quest-print-system/tests/quest_machine_behavior_test.gd:124)
       [5] _dispose (res://main-autolysis/systems/quest-print-system/tests/quest_machine_behavior_test.gd:425)
       [6] frames (res://main-autolysis/systems/quest-print-system/tests/quest_machine_behavior_test.gd:430)
ERROR: Node not found: "InteractionHUD/Crosshair" (relative to "/root/@Node3D@38/@CharacterBody3D@40").
   at: get_node (scene/main/node.cpp:1963)
   GDScript backtrace (most recent call first):
       [0] @implicit_ready (res://main-autolysis/player/autolysis_player.gd:137)
       [1] _prepare (res://main-autolysis/systems/quest-print-system/tests/quest_machine_behavior_test.gd:78)
       [2] _run_case (res://main-autolysis/systems/quest-print-system/tests/quest_machine_behavior_test.gd:115)
       [3] run_checks (res://main-autolysis/systems/quest-print-system/tests/quest_machine_behavior_test.gd:58)
       [4] _run_case (res://main-autolysis/systems/quest-print-system/tests/quest_machine_behavior_test.gd:124)
       [5] _dispose (res://main-autolysis/systems/quest-print-system/tests/quest_machine_behavior_test.gd:425)
       [6] frames (res://main-autolysis/systems/quest-print-system/tests/quest_machine_behavior_test.gd:430)
ERROR: Node not found: "%Wieldables" (relative to "/root/@Node3D@38/@CharacterBody3D@40").
   at: get_node (scene/main/node.cpp:1963)
   GDScript backtrace (most recent call first):
       [0] @implicit_ready (res://main-autolysis/player/autolysis_player.gd:138)
       [1] _prepare (res://main-autolysis/systems/quest-print-system/tests/quest_machine_behavior_test.gd:78)
       [2] _run_case (res://main-autolysis/systems/quest-print-system/tests/quest_machine_behavior_test.gd:115)
       [3] run_checks (res://main-autolysis/systems/quest-print-system/tests/quest_machine_behavior_test.gd:58)
       [4] _run_case (res://main-autolysis/systems/quest-print-system/tests/quest_machine_behavior_test.gd:124)
       [5] _dispose (res://main-autolysis/systems/quest-print-system/tests/quest_machine_behavior_test.gd:425)
       [6] frames (res://main-autolysis/systems/quest-print-system/tests/quest_machine_behavior_test.gd:430)
ERROR: Node not found: "InventoryController" (relative to "/root/@Node3D@38/@CharacterBody3D@40").
   at: get_node (scene/main/node.cpp:1963)
   GDScript backtrace (most recent call first):
       [0] @implicit_ready (res://main-autolysis/player/autolysis_player.gd:139)
       [1] _prepare (res://main-autolysis/systems/quest-print-system/tests/quest_machine_behavior_test.gd:78)
       [2] _run_case (res://main-autolysis/systems/quest-print-system/tests/quest_machine_behavior_test.gd:115)
       [3] run_checks (res://main-autolysis/systems/quest-print-system/tests/quest_machine_behavior_test.gd:58)
       [4] _run_case (res://main-autolysis/systems/quest-print-system/tests/quest_machine_behavior_test.gd:124)
       [5] _dispose (res://main-autolysis/systems/quest-print-system/tests/quest_machine_behavior_test.gd:425)
       [6] frames (res://main-autolysis/systems/quest-print-system/tests/quest_machine_behavior_test.gd:430)
ERROR: Node not found: "%HeldItemPresenter" (relative to "/root/@Node3D@38/@CharacterBody3D@40").
   at: get_node (scene/main/node.cpp:1963)
   GDScript backtrace (most recent call first):
       [0] @implicit_ready (res://main-autolysis/player/autolysis_player.gd:140)
       [1] _prepare (res://main-autolysis/systems/quest-print-system/tests/quest_machine_behavior_test.gd:78)
       [2] _run_case (res://main-autolysis/systems/quest-print-system/tests/quest_machine_behavior_test.gd:115)
       [3] run_checks (res://main-autolysis/systems/quest-print-system/tests/quest_machine_behavior_test.gd:58)
       [4] _run_case (res://main-autolysis/systems/quest-print-system/tests/quest_machine_behavior_test.gd:124)
       [5] _dispose (res://main-autolysis/systems/quest-print-system/tests/quest_machine_behavior_test.gd:425)
       [6] frames (res://main-autolysis/systems/quest-print-system/tests/quest_machine_behavior_test.gd:430)
ERROR: Node not found: "InventoryBar" (relative to "/root/@Node3D@38/@CharacterBody3D@40").
   at: get_node (scene/main/node.cpp:1963)
   GDScript backtrace (most recent call first):
       [0] @implicit_ready (res://main-autolysis/player/autolysis_player.gd:141)
       [1] _prepare (res://main-autolysis/systems/quest-print-system/tests/quest_machine_behavior_test.gd:78)
       [2] _run_case (res://main-autolysis/systems/quest-print-system/tests/quest_machine_behavior_test.gd:115)
       [3] run_checks (res://main-autolysis/systems/quest-print-system/tests/quest_machine_behavior_test.gd:58)
       [4] _run_case (res://main-autolysis/systems/quest-print-system/tests/quest_machine_behavior_test.gd:124)
       [5] _dispose (res://main-autolysis/systems/quest-print-system/tests/quest_machine_behavior_test.gd:425)
       [6] frames (res://main-autolysis/systems/quest-print-system/tests/quest_machine_behavior_test.gd:430)
ERROR: Node not found: "DialoguePlayer" (relative to "/root/@Node3D@38/@CharacterBody3D@40").
   at: get_node (scene/main/node.cpp:1963)
   GDScript backtrace (most recent call first):
       [0] @implicit_ready (res://main-autolysis/player/autolysis_player.gd:142)
       [1] _prepare (res://main-autolysis/systems/quest-print-system/tests/quest_machine_behavior_test.gd:78)
       [2] _run_case (res://main-autolysis/systems/quest-print-system/tests/quest_machine_behavior_test.gd:115)
       [3] run_checks (res://main-autolysis/systems/quest-print-system/tests/quest_machine_behavior_test.gd:58)
       [4] _run_case (res://main-autolysis/systems/quest-print-system/tests/quest_machine_behavior_test.gd:124)
       [5] _dispose (res://main-autolysis/systems/quest-print-system/tests/quest_machine_behavior_test.gd:425)
       [6] frames (res://main-autolysis/systems/quest-print-system/tests/quest_machine_behavior_test.gd:430)
ERROR: Node not found: "LiquidContentsPanel" (relative to "/root/@Node3D@38/@CharacterBody3D@40").
   at: get_node (scene/main/node.cpp:1963)
   GDScript backtrace (most recent call first):
       [0] @implicit_ready (res://main-autolysis/player/autolysis_player.gd:143)
       [1] _prepare (res://main-autolysis/systems/quest-print-system/tests/quest_machine_behavior_test.gd:78)
       [2] _run_case (res://main-autolysis/systems/quest-print-system/tests/quest_machine_behavior_test.gd:115)
       [3] run_checks (res://main-autolysis/systems/quest-print-system/tests/quest_machine_behavior_test.gd:58)
       [4] _run_case (res://main-autolysis/systems/quest-print-system/tests/quest_machine_behavior_test.gd:124)
       [5] _dispose (res://main-autolysis/systems/quest-print-system/tests/quest_machine_behavior_test.gd:425)
       [6] frames (res://main-autolysis/systems/quest-print-system/tests/quest_machine_behavior_test.gd:430)
ERROR: Node not found: "NavigationAgent3D" (relative to "/root/@Node3D@38/@CharacterBody3D@40").
   at: get_node (scene/main/node.cpp:1963)
   GDScript backtrace (most recent call first):
       [0] @implicit_ready (res://main-autolysis/player/autolysis_player.gd:144)
       [1] _prepare (res://main-autolysis/systems/quest-print-system/tests/quest_machine_behavior_test.gd:78)
       [2] _run_case (res://main-autolysis/systems/quest-print-system/tests/quest_machine_behavior_test.gd:115)
       [3] run_checks (res://main-autolysis/systems/quest-print-system/tests/quest_machine_behavior_test.gd:58)
       [4] _run_case (res://main-autolysis/systems/quest-print-system/tests/quest_machine_behavior_test.gd:124)
       [5] _dispose (res://main-autolysis/systems/quest-print-system/tests/quest_machine_behavior_test.gd:425)
       [6] frames (res://main-autolysis/systems/quest-print-system/tests/quest_machine_behavior_test.gd:430)
ERROR: Node not found: "FocusController" (relative to "/root/@Node3D@38/@CharacterBody3D@40").
   at: get_node (scene/main/node.cpp:1963)
   GDScript backtrace (most recent call first):
       [0] @implicit_ready (res://main-autolysis/player/autolysis_player.gd:145)
       [1] _prepare (res://main-autolysis/systems/quest-print-system/tests/quest_machine_behavior_test.gd:78)
       [2] _run_case (res://main-autolysis/systems/quest-print-system/tests/quest_machine_behavior_test.gd:115)
       [3] run_checks (res://main-autolysis/systems/quest-print-system/tests/quest_machine_behavior_test.gd:58)
       [4] _run_case (res://main-autolysis/systems/quest-print-system/tests/quest_machine_behavior_test.gd:124)
       [5] _dispose (res://main-autolysis/systems/quest-print-system/tests/quest_machine_behavior_test.gd:425)
       [6] frames (res://main-autolysis/systems/quest-print-system/tests/quest_machine_behavior_test.gd:430)
SCRIPT ERROR: Invalid assignment of property or key 'state' with value of type 'int' on a base object of type 'null instance'.
   at: _prepare (res://main-autolysis/systems/quest-print-system/tests/quest_machine_behavior_test.gd:83)
   GDScript backtrace (most recent call first):
       [0] _prepare (res://main-autolysis/systems/quest-print-system/tests/quest_machine_behavior_test.gd:83)
       [1] _run_case (res://main-autolysis/systems/quest-print-system/tests/quest_machine_behavior_test.gd:115)
       [2] run_checks (res://main-autolysis/systems/quest-print-system/tests/quest_machine_behavior_test.gd:58)
       [3] _run_case (res://main-autolysis/systems/quest-print-system/tests/quest_machine_behavior_test.gd:124)
       [4] _dispose (res://main-autolysis/systems/quest-print-system/tests/quest_machine_behavior_test.gd:425)
       [5] frames (res://main-autolysis/systems/quest-print-system/tests/quest_machine_behavior_test.gd:430)
ERROR: 失败：唯一按钮入口建立一份空白纸张
   at: push_error (core/variant/variant_utility.cpp:1024)
   GDScript backtrace (most recent call first):
       [0] check (res://main-autolysis/systems/quest-print-system/tests/quest_machine_behavior_test.gd:440)
       [1] _start (res://main-autolysis/systems/quest-print-system/tests/quest_machine_behavior_test.gd:108)
       [2] _run_case (res://main-autolysis/systems/quest-print-system/tests/quest_machine_behavior_test.gd:120)
       [3] run_checks (res://main-autolysis/systems/quest-print-system/tests/quest_machine_behavior_test.gd:58)
       [4] _run_case (res://main-autolysis/systems/quest-print-system/tests/quest_machine_behavior_test.gd:124)
       [5] _dispose (res://main-autolysis/systems/quest-print-system/tests/quest_machine_behavior_test.gd:425)
       [6] frames (res://main-autolysis/systems/quest-print-system/tests/quest_machine_behavior_test.gd:430)
SCRIPT ERROR: Invalid call. Nonexistent function 'get_visible_data_line_indices' in base 'Nil'.
   at: _start (res://main-autolysis/systems/quest-print-system/tests/quest_machine_behavior_test.gd:110)
   GDScript backtrace (most recent call first):
       [0] _start (res://main-autolysis/systems/quest-print-system/tests/quest_machine_behavior_test.gd:110)
       [1] _run_case (res://main-autolysis/systems/quest-print-system/tests/quest_machine_behavior_test.gd:120)
       [2] run_checks (res://main-autolysis/systems/quest-print-system/tests/quest_machine_behavior_test.gd:58)
       [3] _run_case (res://main-autolysis/systems/quest-print-system/tests/quest_machine_behavior_test.gd:124)
       [4] _dispose (res://main-autolysis/systems/quest-print-system/tests/quest_machine_behavior_test.gd:425)
       [5] frames (res://main-autolysis/systems/quest-print-system/tests/quest_machine_behavior_test.gd:430)
ERROR: Node not found: "FootstepPlayer" (relative to "/root/@Node3D@42/@CharacterBody3D@44").
   at: get_node (scene/main/node.cpp:1963)
   GDScript backtrace (most recent call first):
       [0] @implicit_ready (res://main-autolysis/player/autolysis_player.gd:116)
       [1] _prepare (res://main-autolysis/systems/quest-print-system/tests/quest_machine_behavior_test.gd:78)
       [2] _run_case (res://main-autolysis/systems/quest-print-system/tests/quest_machine_behavior_test.gd:115)
       [3] run_checks (res://main-autolysis/systems/quest-print-system/tests/quest_machine_behavior_test.gd:58)
       [4] _run_case (res://main-autolysis/systems/quest-print-system/tests/quest_machine_behavior_test.gd:124)
       [5] _dispose (res://main-autolysis/systems/quest-print-system/tests/quest_machine_behavior_test.gd:425)
       [6] frames (res://main-autolysis/systems/quest-print-system/tests/quest_machine_behavior_test.gd:430)
ERROR: Node not found: "Body" (relative to "/root/@Node3D@42/@CharacterBody3D@44").
   at: get_node (scene/main/node.cpp:1963)
   GDScript backtrace (most recent call first):
       [0] @implicit_ready (res://main-autolysis/player/autolysis_player.gd:117)
       [1] _prepare (res://main-autolysis/systems/quest-print-system/tests/quest_machine_behavior_test.gd:78)
       [2] _run_case (res://main-autolysis/systems/quest-print-system/tests/quest_machine_behavior_test.gd:115)
       [3] run_checks (res://main-autolysis/systems/quest-print-system/tests/quest_machine_behavior_test.gd:58)
       [4] _run_case (res://main-autolysis/systems/quest-print-system/tests/quest_machine_behavior_test.gd:124)
       [5] _dispose (res://main-autolysis/systems/quest-print-system/tests/quest_machine_behavior_test.gd:425)
       [6] frames (res://main-autolysis/systems/quest-print-system/tests/quest_machine_behavior_test.gd:430)
ERROR: Node not found: "Body/Neck" (relative to "/root/@Node3D@42/@CharacterBody3D@44").
   at: get_node (scene/main/node.cpp:1963)
   GDScript backtrace (most recent call first):
       [0] @implicit_ready (res://main-autolysis/player/autolysis_player.gd:118)
       [1] _prepare (res://main-autolysis/systems/quest-print-system/tests/quest_machine_behavior_test.gd:78)
       [2] _run_case (res://main-autolysis/systems/quest-print-system/tests/quest_machine_behavior_test.gd:115)
       [3] run_checks (res://main-autolysis/systems/quest-print-system/tests/quest_machine_behavior_test.gd:58)
       [4] _run_case (res://main-autolysis/systems/quest-print-system/tests/quest_machine_behavior_test.gd:124)
       [5] _dispose (res://main-autolysis/systems/quest-print-system/tests/quest_machine_behavior_test.gd:425)
       [6] frames (res://main-autolysis/systems/quest-print-system/tests/quest_machine_behavior_test.gd:430)
ERROR: Node not found: "Body/Neck/Head" (relative to "/root/@Node3D@42/@CharacterBody3D@44").
   at: get_node (scene/main/node.cpp:1963)
   GDScript backtrace (most recent call first):
       [0] @implicit_ready (res://main-autolysis/player/autolysis_player.gd:119)
       [1] _prepare (res://main-autolysis/systems/quest-print-system/tests/quest_machine_behavior_test.gd:78)
       [2] _run_case (res://main-autolysis/systems/quest-print-system/tests/quest_machine_behavior_test.gd:115)
       [3] run_checks (res://main-autolysis/systems/quest-print-system/tests/quest_machine_behavior_test.gd:58)
       [4] _run_case (res://main-autolysis/systems/quest-print-system/tests/quest_machine_behavior_test.gd:124)
       [5] _dispose (res://main-autolysis/systems/quest-print-system/tests/quest_machine_behavior_test.gd:425)
       [6] frames (res://main-autolysis/systems/quest-print-system/tests/quest_machine_behavior_test.gd:430)
ERROR: Node not found: "Body/Neck/Head/Eyes" (relative to "/root/@Node3D@42/@CharacterBody3D@44").
   at: get_node (scene/main/node.cpp:1963)
   GDScript backtrace (most recent call first):
       [0] @implicit_ready (res://main-autolysis/player/autolysis_player.gd:120)
       [1] _prepare (res://main-autolysis/systems/quest-print-system/tests/quest_machine_behavior_test.gd:78)
       [2] _run_case (res://main-autolysis/systems/quest-print-system/tests/quest_machine_behavior_test.gd:115)
       [3] run_checks (res://main-autolysis/systems/quest-print-system/tests/quest_machine_behavior_test.gd:58)
       [4] _run_case (res://main-autolysis/systems/quest-print-system/tests/quest_machine_behavior_test.gd:124)
       [5] _dispose (res://main-autolysis/systems/quest-print-system/tests/quest_machine_behavior_test.gd:425)
       [6] frames (res://main-autolysis/systems/quest-print-system/tests/quest_machine_behavior_test.gd:430)
ERROR: Node not found: "Body/Neck/Head/Eyes/Camera" (relative to "/root/@Node3D@42/@CharacterBody3D@44").
   at: get_node (scene/main/node.cpp:1963)
   GDScript backtrace (most recent call first):
       [0] @implicit_ready (res://main-autolysis/player/autolysis_player.gd:121)
       [1] _prepare (res://main-autolysis/systems/quest-print-system/tests/quest_machine_behavior_test.gd:78)
       [2] _run_case (res://main-autolysis/systems/quest-print-system/tests/quest_machine_behavior_test.gd:115)
       [3] run_checks (res://main-autolysis/systems/quest-print-system/tests/quest_machine_behavior_test.gd:58)
       [4] _run_case (res://main-autolysis/systems/quest-print-system/tests/quest_machine_behavior_test.gd:124)
       [5] _dispose (res://main-autolysis/systems/quest-print-system/tests/quest_machine_behavior_test.gd:425)
       [6] frames (res://main-autolysis/systems/quest-print-system/tests/quest_machine_behavior_test.gd:430)
ERROR: Node not found: "Body/Neck/Head/Eyes/AnimationPlayer" (relative to "/root/@Node3D@42/@CharacterBody3D@44").
   at: get_node (scene/main/node.cpp:1963)
   GDScript backtrace (most recent call first):
       [0] @implicit_ready (res://main-autolysis/player/autolysis_player.gd:122)
       [1] _prepare (res://main-autolysis/systems/quest-print-system/tests/quest_machine_behavior_test.gd:78)
       [2] _run_case (res://main-autolysis/systems/quest-print-system/tests/quest_machine_behavior_test.gd:115)
       [3] run_checks (res://main-autolysis/systems/quest-print-system/tests/quest_machine_behavior_test.gd:58)
       [4] _run_case (res://main-autolysis/systems/quest-print-system/tests/quest_machine_behavior_test.gd:124)
       [5] _dispose (res://main-autolysis/systems/quest-print-system/tests/quest_machine_behavior_test.gd:425)
       [6] frames (res://main-autolysis/systems/quest-print-system/tests/quest_machine_behavior_test.gd:430)
ERROR: Node not found: "StandingCollisionShape" (relative to "/root/@Node3D@42/@CharacterBody3D@44").
   at: get_node (scene/main/node.cpp:1963)
   GDScript backtrace (most recent call first):
       [0] @implicit_ready (res://main-autolysis/player/autolysis_player.gd:123)
       [1] _prepare (res://main-autolysis/systems/quest-print-system/tests/quest_machine_behavior_test.gd:78)
       [2] _run_case (res://main-autolysis/systems/quest-print-system/tests/quest_machine_behavior_test.gd:115)
       [3] run_checks (res://main-autolysis/systems/quest-print-system/tests/quest_machine_behavior_test.gd:58)
       [4] _run_case (res://main-autolysis/systems/quest-print-system/tests/quest_machine_behavior_test.gd:124)
       [5] _dispose (res://main-autolysis/systems/quest-print-system/tests/quest_machine_behavior_test.gd:425)
       [6] frames (res://main-autolysis/systems/quest-print-system/tests/quest_machine_behavior_test.gd:430)
ERROR: Node not found: "CrouchingCollisionShape" (relative to "/root/@Node3D@42/@CharacterBody3D@44").
   at: get_node (scene/main/node.cpp:1963)
   GDScript backtrace (most recent call first):
       [0] @implicit_ready (res://main-autolysis/player/autolysis_player.gd:124)
       [1] _prepare (res://main-autolysis/systems/quest-print-system/tests/quest_machine_behavior_test.gd:78)
       [2] _run_case (res://main-autolysis/systems/quest-print-system/tests/quest_machine_behavior_test.gd:115)
       [3] run_checks (res://main-autolysis/systems/quest-print-system/tests/quest_machine_behavior_test.gd:58)
       [4] _run_case (res://main-autolysis/systems/quest-print-system/tests/quest_machine_behavior_test.gd:124)
       [5] _dispose (res://main-autolysis/systems/quest-print-system/tests/quest_machine_behavior_test.gd:425)
       [6] frames (res://main-autolysis/systems/quest-print-system/tests/quest_machine_behavior_test.gd:430)
ERROR: Node not found: "CrouchRayCast" (relative to "/root/@Node3D@42/@CharacterBody3D@44").
   at: get_node (scene/main/node.cpp:1963)
   GDScript backtrace (most recent call first):
       [0] @implicit_ready (res://main-autolysis/player/autolysis_player.gd:125)
       [1] _prepare (res://main-autolysis/systems/quest-print-system/tests/quest_machine_behavior_test.gd:78)
       [2] _run_case (res://main-autolysis/systems/quest-print-system/tests/quest_machine_behavior_test.gd:115)
       [3] run_checks (res://main-autolysis/systems/quest-print-system/tests/quest_machine_behavior_test.gd:58)
       [4] _run_case (res://main-autolysis/systems/quest-print-system/tests/quest_machine_behavior_test.gd:124)
       [5] _dispose (res://main-autolysis/systems/quest-print-system/tests/quest_machine_behavior_test.gd:425)
       [6] frames (res://main-autolysis/systems/quest-print-system/tests/quest_machine_behavior_test.gd:430)
ERROR: Node not found: "SlidingTimer" (relative to "/root/@Node3D@42/@CharacterBody3D@44").
   at: get_node (scene/main/node.cpp:1963)
   GDScript backtrace (most recent call first):
       [0] @implicit_ready (res://main-autolysis/player/autolysis_player.gd:126)
       [1] _prepare (res://main-autolysis/systems/quest-print-system/tests/quest_machine_behavior_test.gd:78)
       [2] _run_case (res://main-autolysis/systems/quest-print-system/tests/quest_machine_behavior_test.gd:115)
       [3] run_checks (res://main-autolysis/systems/quest-print-system/tests/quest_machine_behavior_test.gd:58)
       [4] _run_case (res://main-autolysis/systems/quest-print-system/tests/quest_machine_behavior_test.gd:124)
       [5] _dispose (res://main-autolysis/systems/quest-print-system/tests/quest_machine_behavior_test.gd:425)
       [6] frames (res://main-autolysis/systems/quest-print-system/tests/quest_machine_behavior_test.gd:430)
ERROR: Node not found: "JumpCooldownTimer" (relative to "/root/@Node3D@42/@CharacterBody3D@44").
   at: get_node (scene/main/node.cpp:1963)
   GDScript backtrace (most recent call first):
       [0] @implicit_ready (res://main-autolysis/player/autolysis_player.gd:127)
       [1] _prepare (res://main-autolysis/systems/quest-print-system/tests/quest_machine_behavior_test.gd:78)
       [2] _run_case (res://main-autolysis/systems/quest-print-system/tests/quest_machine_behavior_test.gd:115)
       [3] run_checks (res://main-autolysis/systems/quest-print-system/tests/quest_machine_behavior_test.gd:58)
       [4] _run_case (res://main-autolysis/systems/quest-print-system/tests/quest_machine_behavior_test.gd:124)
       [5] _dispose (res://main-autolysis/systems/quest-print-system/tests/quest_machine_behavior_test.gd:425)
       [6] frames (res://main-autolysis/systems/quest-print-system/tests/quest_machine_behavior_test.gd:430)
ERROR: Node not found: "DegaussPlayerFoundArea" (relative to "/root/@Node3D@42/@CharacterBody3D@44").
   at: get_node (scene/main/node.cpp:1963)
   GDScript backtrace (most recent call first):
       [0] @implicit_ready (res://main-autolysis/player/autolysis_player.gd:128)
       [1] _prepare (res://main-autolysis/systems/quest-print-system/tests/quest_machine_behavior_test.gd:78)
       [2] _run_case (res://main-autolysis/systems/quest-print-system/tests/quest_machine_behavior_test.gd:115)
       [3] run_checks (res://main-autolysis/systems/quest-print-system/tests/quest_machine_behavior_test.gd:58)
       [4] _run_case (res://main-autolysis/systems/quest-print-system/tests/quest_machine_behavior_test.gd:124)
       [5] _dispose (res://main-autolysis/systems/quest-print-system/tests/quest_machine_behavior_test.gd:425)
       [6] frames (res://main-autolysis/systems/quest-print-system/tests/quest_machine_behavior_test.gd:430)
ERROR: Node not found: "DegaussPlayerFoundArea/found_collision_standing" (relative to "/root/@Node3D@42/@CharacterBody3D@44").
   at: get_node (scene/main/node.cpp:1963)
   GDScript backtrace (most recent call first):
       [0] @implicit_ready (res://main-autolysis/player/autolysis_player.gd:129)
       [1] _prepare (res://main-autolysis/systems/quest-print-system/tests/quest_machine_behavior_test.gd:78)
       [2] _run_case (res://main-autolysis/systems/quest-print-system/tests/quest_machine_behavior_test.gd:115)
       [3] run_checks (res://main-autolysis/systems/quest-print-system/tests/quest_machine_behavior_test.gd:58)
       [4] _run_case (res://main-autolysis/systems/quest-print-system/tests/quest_machine_behavior_test.gd:124)
       [5] _dispose (res://main-autolysis/systems/quest-print-system/tests/quest_machine_behavior_test.gd:425)
       [6] frames (res://main-autolysis/systems/quest-print-system/tests/quest_machine_behavior_test.gd:430)
ERROR: Node not found: "DegaussPlayerFoundArea/found_collision_walking" (relative to "/root/@Node3D@42/@CharacterBody3D@44").
   at: get_node (scene/main/node.cpp:1963)
   GDScript backtrace (most recent call first):
       [0] @implicit_ready (res://main-autolysis/player/autolysis_player.gd:130)
       [1] _prepare (res://main-autolysis/systems/quest-print-system/tests/quest_machine_behavior_test.gd:78)
       [2] _run_case (res://main-autolysis/systems/quest-print-system/tests/quest_machine_behavior_test.gd:115)
       [3] run_checks (res://main-autolysis/systems/quest-print-system/tests/quest_machine_behavior_test.gd:58)
       [4] _run_case (res://main-autolysis/systems/quest-print-system/tests/quest_machine_behavior_test.gd:124)
       [5] _dispose (res://main-autolysis/systems/quest-print-system/tests/quest_machine_behavior_test.gd:425)
       [6] frames (res://main-autolysis/systems/quest-print-system/tests/quest_machine_behavior_test.gd:430)
ERROR: Node not found: "DegaussPlayerFoundArea/found_collision_crouching" (relative to "/root/@Node3D@42/@CharacterBody3D@44").
   at: get_node (scene/main/node.cpp:1963)
   GDScript backtrace (most recent call first):
       [0] @implicit_ready (res://main-autolysis/player/autolysis_player.gd:131)
       [1] _prepare (res://main-autolysis/systems/quest-print-system/tests/quest_machine_behavior_test.gd:78)
       [2] _run_case (res://main-autolysis/systems/quest-print-system/tests/quest_machine_behavior_test.gd:115)
       [3] run_checks (res://main-autolysis/systems/quest-print-system/tests/quest_machine_behavior_test.gd:58)
       [4] _run_case (res://main-autolysis/systems/quest-print-system/tests/quest_machine_behavior_test.gd:124)
       [5] _dispose (res://main-autolysis/systems/quest-print-system/tests/quest_machine_behavior_test.gd:425)
       [6] frames (res://main-autolysis/systems/quest-print-system/tests/quest_machine_behavior_test.gd:430)
ERROR: Node not found: "DegaussPlayerFoundArea/found_collision_running" (relative to "/root/@Node3D@42/@CharacterBody3D@44").
   at: get_node (scene/main/node.cpp:1963)
   GDScript backtrace (most recent call first):
       [0] @implicit_ready (res://main-autolysis/player/autolysis_player.gd:132)
       [1] _prepare (res://main-autolysis/systems/quest-print-system/tests/quest_machine_behavior_test.gd:78)
       [2] _run_case (res://main-autolysis/systems/quest-print-system/tests/quest_machine_behavior_test.gd:115)
       [3] run_checks (res://main-autolysis/systems/quest-print-system/tests/quest_machine_behavior_test.gd:58)
       [4] _run_case (res://main-autolysis/systems/quest-print-system/tests/quest_machine_behavior_test.gd:124)
       [5] _dispose (res://main-autolysis/systems/quest-print-system/tests/quest_machine_behavior_test.gd:425)
       [6] frames (res://main-autolysis/systems/quest-print-system/tests/quest_machine_behavior_test.gd:430)
ERROR: Node not found: "Body/Neck/Head/Eyes/Camera/InteractionRaycast" (relative to "/root/@Node3D@42/@CharacterBody3D@44").
   at: get_node (scene/main/node.cpp:1963)
   GDScript backtrace (most recent call first):
       [0] @implicit_ready (res://main-autolysis/player/autolysis_player.gd:135)
       [1] _prepare (res://main-autolysis/systems/quest-print-system/tests/quest_machine_behavior_test.gd:78)
       [2] _run_case (res://main-autolysis/systems/quest-print-system/tests/quest_machine_behavior_test.gd:115)
       [3] run_checks (res://main-autolysis/systems/quest-print-system/tests/quest_machine_behavior_test.gd:58)
       [4] _run_case (res://main-autolysis/systems/quest-print-system/tests/quest_machine_behavior_test.gd:124)
       [5] _dispose (res://main-autolysis/systems/quest-print-system/tests/quest_machine_behavior_test.gd:425)
       [6] frames (res://main-autolysis/systems/quest-print-system/tests/quest_machine_behavior_test.gd:430)
ERROR: Node not found: "InteractionController" (relative to "/root/@Node3D@42/@CharacterBody3D@44").
   at: get_node (scene/main/node.cpp:1963)
   GDScript backtrace (most recent call first):
       [0] @implicit_ready (res://main-autolysis/player/autolysis_player.gd:136)
       [1] _prepare (res://main-autolysis/systems/quest-print-system/tests/quest_machine_behavior_test.gd:78)
       [2] _run_case (res://main-autolysis/systems/quest-print-system/tests/quest_machine_behavior_test.gd:115)
       [3] run_checks (res://main-autolysis/systems/quest-print-system/tests/quest_machine_behavior_test.gd:58)
       [4] _run_case (res://main-autolysis/systems/quest-print-system/tests/quest_machine_behavior_test.gd:124)
       [5] _dispose (res://main-autolysis/systems/quest-print-system/tests/quest_machine_behavior_test.gd:425)
       [6] frames (res://main-autolysis/systems/quest-print-system/tests/quest_machine_behavior_test.gd:430)
ERROR: Node not found: "InteractionHUD/Crosshair" (relative to "/root/@Node3D@42/@CharacterBody3D@44").
   at: get_node (scene/main/node.cpp:1963)
   GDScript backtrace (most recent call first):
       [0] @implicit_ready (res://main-autolysis/player/autolysis_player.gd:137)
       [1] _prepare (res://main-autolysis/systems/quest-print-system/tests/quest_machine_behavior_test.gd:78)
       [2] _run_case (res://main-autolysis/systems/quest-print-system/tests/quest_machine_behavior_test.gd:115)
       [3] run_checks (res://main-autolysis/systems/quest-print-system/tests/quest_machine_behavior_test.gd:58)
       [4] _run_case (res://main-autolysis/systems/quest-print-system/tests/quest_machine_behavior_test.gd:124)
       [5] _dispose (res://main-autolysis/systems/quest-print-system/tests/quest_machine_behavior_test.gd:425)
       [6] frames (res://main-autolysis/systems/quest-print-system/tests/quest_machine_behavior_test.gd:430)
ERROR: Node not found: "%Wieldables" (relative to "/root/@Node3D@42/@CharacterBody3D@44").
   at: get_node (scene/main/node.cpp:1963)
   GDScript backtrace (most recent call first):
       [0] @implicit_ready (res://main-autolysis/player/autolysis_player.gd:138)
       [1] _prepare (res://main-autolysis/systems/quest-print-system/tests/quest_machine_behavior_test.gd:78)
       [2] _run_case (res://main-autolysis/systems/quest-print-system/tests/quest_machine_behavior_test.gd:115)
       [3] run_checks (res://main-autolysis/systems/quest-print-system/tests/quest_machine_behavior_test.gd:58)
       [4] _run_case (res://main-autolysis/systems/quest-print-system/tests/quest_machine_behavior_test.gd:124)
       [5] _dispose (res://main-autolysis/systems/quest-print-system/tests/quest_machine_behavior_test.gd:425)
       [6] frames (res://main-autolysis/systems/quest-print-system/tests/quest_machine_behavior_test.gd:430)
ERROR: Node not found: "InventoryController" (relative to "/root/@Node3D@42/@CharacterBody3D@44").
   at: get_node (scene/main/node.cpp:1963)
   GDScript backtrace (most recent call first):
       [0] @implicit_ready (res://main-autolysis/player/autolysis_player.gd:139)
       [1] _prepare (res://main-autolysis/systems/quest-print-system/tests/quest_machine_behavior_test.gd:78)
       [2] _run_case (res://main-autolysis/systems/quest-print-system/tests/quest_machine_behavior_test.gd:115)
       [3] run_checks (res://main-autolysis/systems/quest-print-system/tests/quest_machine_behavior_test.gd:58)
       [4] _run_case (res://main-autolysis/systems/quest-print-system/tests/quest_machine_behavior_test.gd:124)
       [5] _dispose (res://main-autolysis/systems/quest-print-system/tests/quest_machine_behavior_test.gd:425)
       [6] frames (res://main-autolysis/systems/quest-print-system/tests/quest_machine_behavior_test.gd:430)
ERROR: Node not found: "%HeldItemPresenter" (relative to "/root/@Node3D@42/@CharacterBody3D@44").
   at: get_node (scene/main/node.cpp:1963)
   GDScript backtrace (most recent call first):
       [0] @implicit_ready (res://main-autolysis/player/autolysis_player.gd:140)
       [1] _prepare (res://main-autolysis/systems/quest-print-system/tests/quest_machine_behavior_test.gd:78)
       [2] _run_case (res://main-autolysis/systems/quest-print-system/tests/quest_machine_behavior_test.gd:115)
       [3] run_checks (res://main-autolysis/systems/quest-print-system/tests/quest_machine_behavior_test.gd:58)
       [4] _run_case (res://main-autolysis/systems/quest-print-system/tests/quest_machine_behavior_test.gd:124)
       [5] _dispose (res://main-autolysis/systems/quest-print-system/tests/quest_machine_behavior_test.gd:425)
       [6] frames (res://main-autolysis/systems/quest-print-system/tests/quest_machine_behavior_test.gd:430)
ERROR: Node not found: "InventoryBar" (relative to "/root/@Node3D@42/@CharacterBody3D@44").
   at: get_node (scene/main/node.cpp:1963)
   GDScript backtrace (most recent call first):
       [0] @implicit_ready (res://main-autolysis/player/autolysis_player.gd:141)
       [1] _prepare (res://main-autolysis/systems/quest-print-system/tests/quest_machine_behavior_test.gd:78)
       [2] _run_case (res://main-autolysis/systems/quest-print-system/tests/quest_machine_behavior_test.gd:115)
       [3] run_checks (res://main-autolysis/systems/quest-print-system/tests/quest_machine_behavior_test.gd:58)
       [4] _run_case (res://main-autolysis/systems/quest-print-system/tests/quest_machine_behavior_test.gd:124)
       [5] _dispose (res://main-autolysis/systems/quest-print-system/tests/quest_machine_behavior_test.gd:425)
       [6] frames (res://main-autolysis/systems/quest-print-system/tests/quest_machine_behavior_test.gd:430)
ERROR: Node not found: "DialoguePlayer" (relative to "/root/@Node3D@42/@CharacterBody3D@44").
   at: get_node (scene/main/node.cpp:1963)
   GDScript backtrace (most recent call first):
       [0] @implicit_ready (res://main-autolysis/player/autolysis_player.gd:142)
       [1] _prepare (res://main-autolysis/systems/quest-print-system/tests/quest_machine_behavior_test.gd:78)
       [2] _run_case (res://main-autolysis/systems/quest-print-system/tests/quest_machine_behavior_test.gd:115)
       [3] run_checks (res://main-autolysis/systems/quest-print-system/tests/quest_machine_behavior_test.gd:58)
       [4] _run_case (res://main-autolysis/systems/quest-print-system/tests/quest_machine_behavior_test.gd:124)
       [5] _dispose (res://main-autolysis/systems/quest-print-system/tests/quest_machine_behavior_test.gd:425)
       [6] frames (res://main-autolysis/systems/quest-print-system/tests/quest_machine_behavior_test.gd:430)
ERROR: Node not found: "LiquidContentsPanel" (relative to "/root/@Node3D@42/@CharacterBody3D@44").
   at: get_node (scene/main/node.cpp:1963)
   GDScript backtrace (most recent call first):
       [0] @implicit_ready (res://main-autolysis/player/autolysis_player.gd:143)
       [1] _prepare (res://main-autolysis/systems/quest-print-system/tests/quest_machine_behavior_test.gd:78)
       [2] _run_case (res://main-autolysis/systems/quest-print-system/tests/quest_machine_behavior_test.gd:115)
       [3] run_checks (res://main-autolysis/systems/quest-print-system/tests/quest_machine_behavior_test.gd:58)
       [4] _run_case (res://main-autolysis/systems/quest-print-system/tests/quest_machine_behavior_test.gd:124)
       [5] _dispose (res://main-autolysis/systems/quest-print-system/tests/quest_machine_behavior_test.gd:425)
       [6] frames (res://main-autolysis/systems/quest-print-system/tests/quest_machine_behavior_test.gd:430)
ERROR: Node not found: "NavigationAgent3D" (relative to "/root/@Node3D@42/@CharacterBody3D@44").
   at: get_node (scene/main/node.cpp:1963)
   GDScript backtrace (most recent call first):
       [0] @implicit_ready (res://main-autolysis/player/autolysis_player.gd:144)
       [1] _prepare (res://main-autolysis/systems/quest-print-system/tests/quest_machine_behavior_test.gd:78)
       [2] _run_case (res://main-autolysis/systems/quest-print-system/tests/quest_machine_behavior_test.gd:115)
       [3] run_checks (res://main-autolysis/systems/quest-print-system/tests/quest_machine_behavior_test.gd:58)
       [4] _run_case (res://main-autolysis/systems/quest-print-system/tests/quest_machine_behavior_test.gd:124)
       [5] _dispose (res://main-autolysis/systems/quest-print-system/tests/quest_machine_behavior_test.gd:425)
       [6] frames (res://main-autolysis/systems/quest-print-system/tests/quest_machine_behavior_test.gd:430)
ERROR: Node not found: "FocusController" (relative to "/root/@Node3D@42/@CharacterBody3D@44").
   at: get_node (scene/main/node.cpp:1963)
   GDScript backtrace (most recent call first):
       [0] @implicit_ready (res://main-autolysis/player/autolysis_player.gd:145)
       [1] _prepare (res://main-autolysis/systems/quest-print-system/tests/quest_machine_behavior_test.gd:78)
       [2] _run_case (res://main-autolysis/systems/quest-print-system/tests/quest_machine_behavior_test.gd:115)
       [3] run_checks (res://main-autolysis/systems/quest-print-system/tests/quest_machine_behavior_test.gd:58)
       [4] _run_case (res://main-autolysis/systems/quest-print-system/tests/quest_machine_behavior_test.gd:124)
       [5] _dispose (res://main-autolysis/systems/quest-print-system/tests/quest_machine_behavior_test.gd:425)
       [6] frames (res://main-autolysis/systems/quest-print-system/tests/quest_machine_behavior_test.gd:430)
SCRIPT ERROR: Invalid assignment of property or key 'state' with value of type 'int' on a base object of type 'null instance'.
   at: _prepare (res://main-autolysis/systems/quest-print-system/tests/quest_machine_behavior_test.gd:83)
   GDScript backtrace (most recent call first):
       [0] _prepare (res://main-autolysis/systems/quest-print-system/tests/quest_machine_behavior_test.gd:83)
       [1] _run_case (res://main-autolysis/systems/quest-print-system/tests/quest_machine_behavior_test.gd:115)
       [2] run_checks (res://main-autolysis/systems/quest-print-system/tests/quest_machine_behavior_test.gd:58)
       [3] _run_case (res://main-autolysis/systems/quest-print-system/tests/quest_machine_behavior_test.gd:124)
       [4] _dispose (res://main-autolysis/systems/quest-print-system/tests/quest_machine_behavior_test.gd:425)
       [5] frames (res://main-autolysis/systems/quest-print-system/tests/quest_machine_behavior_test.gd:430)
ERROR: 失败：唯一按钮入口建立一份空白纸张
   at: push_error (core/variant/variant_utility.cpp:1024)
   GDScript backtrace (most recent call first):
       [0] check (res://main-autolysis/systems/quest-print-system/tests/quest_machine_behavior_test.gd:440)
       [1] _start (res://main-autolysis/systems/quest-print-system/tests/quest_machine_behavior_test.gd:108)
       [2] _run_case (res://main-autolysis/systems/quest-print-system/tests/quest_machine_behavior_test.gd:120)
       [3] run_checks (res://main-autolysis/systems/quest-print-system/tests/quest_machine_behavior_test.gd:58)
       [4] _run_case (res://main-autolysis/systems/quest-print-system/tests/quest_machine_behavior_test.gd:124)
       [5] _dispose (res://main-autolysis/systems/quest-print-system/tests/quest_machine_behavior_test.gd:425)
       [6] frames (res://main-autolysis/systems/quest-print-system/tests/quest_machine_behavior_test.gd:430)
SCRIPT ERROR: Invalid call. Nonexistent function 'get_visible_data_line_indices' in base 'Nil'.
   at: _start (res://main-autolysis/systems/quest-print-system/tests/quest_machine_behavior_test.gd:110)
   GDScript backtrace (most recent call first):
       [0] _start (res://main-autolysis/systems/quest-print-system/tests/quest_machine_behavior_test.gd:110)
       [1] _run_case (res://main-autolysis/systems/quest-print-system/tests/quest_machine_behavior_test.gd:120)
       [2] run_checks (res://main-autolysis/systems/quest-print-system/tests/quest_machine_behavior_test.gd:58)
       [3] _run_case (res://main-autolysis/systems/quest-print-system/tests/quest_machine_behavior_test.gd:124)
       [4] _dispose (res://main-autolysis/systems/quest-print-system/tests/quest_machine_behavior_test.gd:425)
       [5] frames (res://main-autolysis/systems/quest-print-system/tests/quest_machine_behavior_test.gd:430)
ERROR: Node not found: "FootstepPlayer" (relative to "/root/@Node3D@46/@CharacterBody3D@48").
   at: get_node (scene/main/node.cpp:1963)
   GDScript backtrace (most recent call first):
       [0] @implicit_ready (res://main-autolysis/player/autolysis_player.gd:116)
       [1] _prepare (res://main-autolysis/systems/quest-print-system/tests/quest_machine_behavior_test.gd:78)
       [2] _run_case (res://main-autolysis/systems/quest-print-system/tests/quest_machine_behavior_test.gd:115)
       [3] run_checks (res://main-autolysis/systems/quest-print-system/tests/quest_machine_behavior_test.gd:58)
       [4] _run_case (res://main-autolysis/systems/quest-print-system/tests/quest_machine_behavior_test.gd:124)
       [5] _dispose (res://main-autolysis/systems/quest-print-system/tests/quest_machine_behavior_test.gd:425)
       [6] frames (res://main-autolysis/systems/quest-print-system/tests/quest_machine_behavior_test.gd:430)
ERROR: Node not found: "Body" (relative to "/root/@Node3D@46/@CharacterBody3D@48").
   at: get_node (scene/main/node.cpp:1963)
   GDScript backtrace (most recent call first):
       [0] @implicit_ready (res://main-autolysis/player/autolysis_player.gd:117)
       [1] _prepare (res://main-autolysis/systems/quest-print-system/tests/quest_machine_behavior_test.gd:78)
       [2] _run_case (res://main-autolysis/systems/quest-print-system/tests/quest_machine_behavior_test.gd:115)
       [3] run_checks (res://main-autolysis/systems/quest-print-system/tests/quest_machine_behavior_test.gd:58)
       [4] _run_case (res://main-autolysis/systems/quest-print-system/tests/quest_machine_behavior_test.gd:124)
       [5] _dispose (res://main-autolysis/systems/quest-print-system/tests/quest_machine_behavior_test.gd:425)
       [6] frames (res://main-autolysis/systems/quest-print-system/tests/quest_machine_behavior_test.gd:430)
ERROR: Node not found: "Body/Neck" (relative to "/root/@Node3D@46/@CharacterBody3D@48").
   at: get_node (scene/main/node.cpp:1963)
   GDScript backtrace (most recent call first):
       [0] @implicit_ready (res://main-autolysis/player/autolysis_player.gd:118)
       [1] _prepare (res://main-autolysis/systems/quest-print-system/tests/quest_machine_behavior_test.gd:78)
       [2] _run_case (res://main-autolysis/systems/quest-print-system/tests/quest_machine_behavior_test.gd:115)
       [3] run_checks (res://main-autolysis/systems/quest-print-system/tests/quest_machine_behavior_test.gd:58)
       [4] _run_case (res://main-autolysis/systems/quest-print-system/tests/quest_machine_behavior_test.gd:124)
       [5] _dispose (res://main-autolysis/systems/quest-print-system/tests/quest_machine_behavior_test.gd:425)
       [6] frames (res://main-autolysis/systems/quest-print-system/tests/quest_machine_behavior_test.gd:430)
ERROR: Node not found: "Body/Neck/Head" (relative to "/root/@Node3D@46/@CharacterBody3D@48").
   at: get_node (scene/main/node.cpp:1963)
   GDScript backtrace (most recent call first):
       [0] @implicit_ready (res://main-autolysis/player/autolysis_player.gd:119)
       [1] _prepare (res://main-autolysis/systems/quest-print-system/tests/quest_machine_behavior_test.gd:78)
       [2] _run_case (res://main-autolysis/systems/quest-print-system/tests/quest_machine_behavior_test.gd:115)
       [3] run_checks (res://main-autolysis/systems/quest-print-system/tests/quest_machine_behavior_test.gd:58)
       [4] _run_case (res://main-autolysis/systems/quest-print-system/tests/quest_machine_behavior_test.gd:124)
       [5] _dispose (res://main-autolysis/systems/quest-print-system/tests/quest_machine_behavior_test.gd:425)
       [6] frames (res://main-autolysis/systems/quest-print-system/tests/quest_machine_behavior_test.gd:430)
ERROR: Node not found: "Body/Neck/Head/Eyes" (relative to "/root/@Node3D@46/@CharacterBody3D@48").
   at: get_node (scene/main/node.cpp:1963)
   GDScript backtrace (most recent call first):
       [0] @implicit_ready (res://main-autolysis/player/autolysis_player.gd:120)
       [1] _prepare (res://main-autolysis/systems/quest-print-system/tests/quest_machine_behavior_test.gd:78)
       [2] _run_case (res://main-autolysis/systems/quest-print-system/tests/quest_machine_behavior_test.gd:115)
       [3] run_checks (res://main-autolysis/systems/quest-print-system/tests/quest_machine_behavior_test.gd:58)
       [4] _run_case (res://main-autolysis/systems/quest-print-system/tests/quest_machine_behavior_test.gd:124)
       [5] _dispose (res://main-autolysis/systems/quest-print-system/tests/quest_machine_behavior_test.gd:425)
       [6] frames (res://main-autolysis/systems/quest-print-system/tests/quest_machine_behavior_test.gd:430)
ERROR: Node not found: "Body/Neck/Head/Eyes/Camera" (relative to "/root/@Node3D@46/@CharacterBody3D@48").
   at: get_node (scene/main/node.cpp:1963)
   GDScript backtrace (most recent call first):
       [0] @implicit_ready (res://main-autolysis/player/autolysis_player.gd:121)
       [1] _prepare (res://main-autolysis/systems/quest-print-system/tests/quest_machine_behavior_test.gd:78)
       [2] _run_case (res://main-autolysis/systems/quest-print-system/tests/quest_machine_behavior_test.gd:115)
       [3] run_checks (res://main-autolysis/systems/quest-print-system/tests/quest_machine_behavior_test.gd:58)
       [4] _run_case (res://main-autolysis/systems/quest-print-system/tests/quest_machine_behavior_test.gd:124)
       [5] _dispose (res://main-autolysis/systems/quest-print-system/tests/quest_machine_behavior_test.gd:425)
       [6] frames (res://main-autolysis/systems/quest-print-system/tests/quest_machine_behavior_test.gd:430)
ERROR: Node not found: "Body/Neck/Head/Eyes/AnimationPlayer" (relative to "/root/@Node3D@46/@CharacterBody3D@48").
   at: get_node (scene/main/node.cpp:1963)
   GDScript backtrace (most recent call first):
       [0] @implicit_ready (res://main-autolysis/player/autolysis_player.gd:122)
       [1] _prepare (res://main-autolysis/systems/quest-print-system/tests/quest_machine_behavior_test.gd:78)
       [2] _run_case (res://main-autolysis/systems/quest-print-system/tests/quest_machine_behavior_test.gd:115)
       [3] run_checks (res://main-autolysis/systems/quest-print-system/tests/quest_machine_behavior_test.gd:58)
       [4] _run_case (res://main-autolysis/systems/quest-print-system/tests/quest_machine_behavior_test.gd:124)
       [5] _dispose (res://main-autolysis/systems/quest-print-system/tests/quest_machine_behavior_test.gd:425)
       [6] frames (res://main-autolysis/systems/quest-print-system/tests/quest_machine_behavior_test.gd:430)
ERROR: Node not found: "StandingCollisionShape" (relative to "/root/@Node3D@46/@CharacterBody3D@48").
   at: get_node (scene/main/node.cpp:1963)
   GDScript backtrace (most recent call first):
       [0] @implicit_ready (res://main-autolysis/player/autolysis_player.gd:123)
       [1] _prepare (res://main-autolysis/systems/quest-print-system/tests/quest_machine_behavior_test.gd:78)
       [2] _run_case (res://main-autolysis/systems/quest-print-system/tests/quest_machine_behavior_test.gd:115)
       [3] run_checks (res://main-autolysis/systems/quest-print-system/tests/quest_machine_behavior_test.gd:58)
       [4] _run_case (res://main-autolysis/systems/quest-print-system/tests/quest_machine_behavior_test.gd:124)
       [5] _dispose (res://main-autolysis/systems/quest-print-system/tests/quest_machine_behavior_test.gd:425)
       [6] frames (res://main-autolysis/systems/quest-print-system/tests/quest_machine_behavior_test.gd:430)
ERROR: Node not found: "CrouchingCollisionShape" (relative to "/root/@Node3D@46/@CharacterBody3D@48").
   at: get_node (scene/main/node.cpp:1963)
   GDScript backtrace (most recent call first):
       [0] @implicit_ready (res://main-autolysis/player/autolysis_player.gd:124)
       [1] _prepare (res://main-autolysis/systems/quest-print-system/tests/quest_machine_behavior_test.gd:78)
       [2] _run_case (res://main-autolysis/systems/quest-print-system/tests/quest_machine_behavior_test.gd:115)
       [3] run_checks (res://main-autolysis/systems/quest-print-system/tests/quest_machine_behavior_test.gd:58)
       [4] _run_case (res://main-autolysis/systems/quest-print-system/tests/quest_machine_behavior_test.gd:124)
       [5] _dispose (res://main-autolysis/systems/quest-print-system/tests/quest_machine_behavior_test.gd:425)
       [6] frames (res://main-autolysis/systems/quest-print-system/tests/quest_machine_behavior_test.gd:430)
ERROR: Node not found: "CrouchRayCast" (relative to "/root/@Node3D@46/@CharacterBody3D@48").
   at: get_node (scene/main/node.cpp:1963)
   GDScript backtrace (most recent call first):
       [0] @implicit_ready (res://main-autolysis/player/autolysis_player.gd:125)
       [1] _prepare (res://main-autolysis/systems/quest-print-system/tests/quest_machine_behavior_test.gd:78)
       [2] _run_case (res://main-autolysis/systems/quest-print-system/tests/quest_machine_behavior_test.gd:115)
       [3] run_checks (res://main-autolysis/systems/quest-print-system/tests/quest_machine_behavior_test.gd:58)
       [4] _run_case (res://main-autolysis/systems/quest-print-system/tests/quest_machine_behavior_test.gd:124)
       [5] _dispose (res://main-autolysis/systems/quest-print-system/tests/quest_machine_behavior_test.gd:425)
       [6] frames (res://main-autolysis/systems/quest-print-system/tests/quest_machine_behavior_test.gd:430)
ERROR: Node not found: "SlidingTimer" (relative to "/root/@Node3D@46/@CharacterBody3D@48").
   at: get_node (scene/main/node.cpp:1963)
   GDScript backtrace (most recent call first):
       [0] @implicit_ready (res://main-autolysis/player/autolysis_player.gd:126)
       [1] _prepare (res://main-autolysis/systems/quest-print-system/tests/quest_machine_behavior_test.gd:78)
       [2] _run_case (res://main-autolysis/systems/quest-print-system/tests/quest_machine_behavior_test.gd:115)
       [3] run_checks (res://main-autolysis/systems/quest-print-system/tests/quest_machine_behavior_test.gd:58)
       [4] _run_case (res://main-autolysis/systems/quest-print-system/tests/quest_machine_behavior_test.gd:124)
       [5] _dispose (res://main-autolysis/systems/quest-print-system/tests/quest_machine_behavior_test.gd:425)
       [6] frames (res://main-autolysis/systems/quest-print-system/tests/quest_machine_behavior_test.gd:430)
ERROR: Node not found: "JumpCooldownTimer" (relative to "/root/@Node3D@46/@CharacterBody3D@48").
   at: get_node (scene/main/node.cpp:1963)
   GDScript backtrace (most recent call first):
       [0] @implicit_ready (res://main-autolysis/player/autolysis_player.gd:127)
       [1] _prepare (res://main-autolysis/systems/quest-print-system/tests/quest_machine_behavior_test.gd:78)
       [2] _run_case (res://main-autolysis/systems/quest-print-system/tests/quest_machine_behavior_test.gd:115)
       [3] run_checks (res://main-autolysis/systems/quest-print-system/tests/quest_machine_behavior_test.gd:58)
       [4] _run_case (res://main-autolysis/systems/quest-print-system/tests/quest_machine_behavior_test.gd:124)
       [5] _dispose (res://main-autolysis/systems/quest-print-system/tests/quest_machine_behavior_test.gd:425)
       [6] frames (res://main-autolysis/systems/quest-print-system/tests/quest_machine_behavior_test.gd:430)
ERROR: Node not found: "DegaussPlayerFoundArea" (relative to "/root/@Node3D@46/@CharacterBody3D@48").
   at: get_node (scene/main/node.cpp:1963)
   GDScript backtrace (most recent call first):
       [0] @implicit_ready (res://main-autolysis/player/autolysis_player.gd:128)
       [1] _prepare (res://main-autolysis/systems/quest-print-system/tests/quest_machine_behavior_test.gd:78)
       [2] _run_case (res://main-autolysis/systems/quest-print-system/tests/quest_machine_behavior_test.gd:115)
       [3] run_checks (res://main-autolysis/systems/quest-print-system/tests/quest_machine_behavior_test.gd:58)
       [4] _run_case (res://main-autolysis/systems/quest-print-system/tests/quest_machine_behavior_test.gd:124)
       [5] _dispose (res://main-autolysis/systems/quest-print-system/tests/quest_machine_behavior_test.gd:425)
       [6] frames (res://main-autolysis/systems/quest-print-system/tests/quest_machine_behavior_test.gd:430)
ERROR: Node not found: "DegaussPlayerFoundArea/found_collision_standing" (relative to "/root/@Node3D@46/@CharacterBody3D@48").
   at: get_node (scene/main/node.cpp:1963)
   GDScript backtrace (most recent call first):
       [0] @implicit_ready (res://main-autolysis/player/autolysis_player.gd:129)
       [1] _prepare (res://main-autolysis/systems/quest-print-system/tests/quest_machine_behavior_test.gd:78)
       [2] _run_case (res://main-autolysis/systems/quest-print-system/tests/quest_machine_behavior_test.gd:115)
       [3] run_checks (res://main-autolysis/systems/quest-print-system/tests/quest_machine_behavior_test.gd:58)
       [4] _run_case (res://main-autolysis/systems/quest-print-system/tests/quest_machine_behavior_test.gd:124)
       [5] _dispose (res://main-autolysis/systems/quest-print-system/tests/quest_machine_behavior_test.gd:425)
       [6] frames (res://main-autolysis/systems/quest-print-system/tests/quest_machine_behavior_test.gd:430)
ERROR: Node not found: "DegaussPlayerFoundArea/found_collision_walking" (relative to "/root/@Node3D@46/@CharacterBody3D@48").
   at: get_node (scene/main/node.cpp:1963)
   GDScript backtrace (most recent call first):
       [0] @implicit_ready (res://main-autolysis/player/autolysis_player.gd:130)
       [1] _prepare (res://main-autolysis/systems/quest-print-system/tests/quest_machine_behavior_test.gd:78)
       [2] _run_case (res://main-autolysis/systems/quest-print-system/tests/quest_machine_behavior_test.gd:115)
       [3] run_checks (res://main-autolysis/systems/quest-print-system/tests/quest_machine_behavior_test.gd:58)
       [4] _run_case (res://main-autolysis/systems/quest-print-system/tests/quest_machine_behavior_test.gd:124)
       [5] _dispose (res://main-autolysis/systems/quest-print-system/tests/quest_machine_behavior_test.gd:425)
       [6] frames (res://main-autolysis/systems/quest-print-system/tests/quest_machine_behavior_test.gd:430)
ERROR: Node not found: "DegaussPlayerFoundArea/found_collision_crouching" (relative to "/root/@Node3D@46/@CharacterBody3D@48").
   at: get_node (scene/main/node.cpp:1963)
   GDScript backtrace (most recent call first):
       [0] @implicit_ready (res://main-autolysis/player/autolysis_player.gd:131)
       [1] _prepare (res://main-autolysis/systems/quest-print-system/tests/quest_machine_behavior_test.gd:78)
       [2] _run_case (res://main-autolysis/systems/quest-print-system/tests/quest_machine_behavior_test.gd:115)
       [3] run_checks (res://main-autolysis/systems/quest-print-system/tests/quest_machine_behavior_test.gd:58)
       [4] _run_case (res://main-autolysis/systems/quest-print-system/tests/quest_machine_behavior_test.gd:124)
       [5] _dispose (res://main-autolysis/systems/quest-print-system/tests/quest_machine_behavior_test.gd:425)
       [6] frames (res://main-autolysis/systems/quest-print-system/tests/quest_machine_behavior_test.gd:430)
ERROR: Node not found: "DegaussPlayerFoundArea/found_collision_running" (relative to "/root/@Node3D@46/@CharacterBody3D@48").
   at: get_node (scene/main/node.cpp:1963)
   GDScript backtrace (most recent call first):
       [0] @implicit_ready (res://main-autolysis/player/autolysis_player.gd:132)
       [1] _prepare (res://main-autolysis/systems/quest-print-system/tests/quest_machine_behavior_test.gd:78)
       [2] _run_case (res://main-autolysis/systems/quest-print-system/tests/quest_machine_behavior_test.gd:115)
       [3] run_checks (res://main-autolysis/systems/quest-print-system/tests/quest_machine_behavior_test.gd:58)
       [4] _run_case (res://main-autolysis/systems/quest-print-system/tests/quest_machine_behavior_test.gd:124)
       [5] _dispose (res://main-autolysis/systems/quest-print-system/tests/quest_machine_behavior_test.gd:425)
       [6] frames (res://main-autolysis/systems/quest-print-system/tests/quest_machine_behavior_test.gd:430)
ERROR: Node not found: "Body/Neck/Head/Eyes/Camera/InteractionRaycast" (relative to "/root/@Node3D@46/@CharacterBody3D@48").
   at: get_node (scene/main/node.cpp:1963)
   GDScript backtrace (most recent call first):
       [0] @implicit_ready (res://main-autolysis/player/autolysis_player.gd:135)
       [1] _prepare (res://main-autolysis/systems/quest-print-system/tests/quest_machine_behavior_test.gd:78)
       [2] _run_case (res://main-autolysis/systems/quest-print-system/tests/quest_machine_behavior_test.gd:115)
       [3] run_checks (res://main-autolysis/systems/quest-print-system/tests/quest_machine_behavior_test.gd:58)
       [4] _run_case (res://main-autolysis/systems/quest-print-system/tests/quest_machine_behavior_test.gd:124)
       [5] _dispose (res://main-autolysis/systems/quest-print-system/tests/quest_machine_behavior_test.gd:425)
       [6] frames (res://main-autolysis/systems/quest-print-system/tests/quest_machine_behavior_test.gd:430)
ERROR: Node not found: "InteractionController" (relative to "/root/@Node3D@46/@CharacterBody3D@48").
   at: get_node (scene/main/node.cpp:1963)
   GDScript backtrace (most recent call first):
       [0] @implicit_ready (res://main-autolysis/player/autolysis_player.gd:136)
       [1] _prepare (res://main-autolysis/systems/quest-print-system/tests/quest_machine_behavior_test.gd:78)
       [2] _run_case (res://main-autolysis/systems/quest-print-system/tests/quest_machine_behavior_test.gd:115)
       [3] run_checks (res://main-autolysis/systems/quest-print-system/tests/quest_machine_behavior_test.gd:58)
       [4] _run_case (res://main-autolysis/systems/quest-print-system/tests/quest_machine_behavior_test.gd:124)
       [5] _dispose (res://main-autolysis/systems/quest-print-system/tests/quest_machine_behavior_test.gd:425)
       [6] frames (res://main-autolysis/systems/quest-print-system/tests/quest_machine_behavior_test.gd:430)
ERROR: Node not found: "InteractionHUD/Crosshair" (relative to "/root/@Node3D@46/@CharacterBody3D@48").
   at: get_node (scene/main/node.cpp:1963)
   GDScript backtrace (most recent call first):
       [0] @implicit_ready (res://main-autolysis/player/autolysis_player.gd:137)
       [1] _prepare (res://main-autolysis/systems/quest-print-system/tests/quest_machine_behavior_test.gd:78)
       [2] _run_case (res://main-autolysis/systems/quest-print-system/tests/quest_machine_behavior_test.gd:115)
       [3] run_checks (res://main-autolysis/systems/quest-print-system/tests/quest_machine_behavior_test.gd:58)
       [4] _run_case (res://main-autolysis/systems/quest-print-system/tests/quest_machine_behavior_test.gd:124)
       [5] _dispose (res://main-autolysis/systems/quest-print-system/tests/quest_machine_behavior_test.gd:425)
       [6] frames (res://main-autolysis/systems/quest-print-system/tests/quest_machine_behavior_test.gd:430)
ERROR: Node not found: "%Wieldables" (relative to "/root/@Node3D@46/@CharacterBody3D@48").
   at: get_node (scene/main/node.cpp:1963)
   GDScript backtrace (most recent call first):
       [0] @implicit_ready (res://main-autolysis/player/autolysis_player.gd:138)
       [1] _prepare (res://main-autolysis/systems/quest-print-system/tests/quest_machine_behavior_test.gd:78)
       [2] _run_case (res://main-autolysis/systems/quest-print-system/tests/quest_machine_behavior_test.gd:115)
       [3] run_checks (res://main-autolysis/systems/quest-print-system/tests/quest_machine_behavior_test.gd:58)
       [4] _run_case (res://main-autolysis/systems/quest-print-system/tests/quest_machine_behavior_test.gd:124)
       [5] _dispose (res://main-autolysis/systems/quest-print-system/tests/quest_machine_behavior_test.gd:425)
       [6] frames (res://main-autolysis/systems/quest-print-system/tests/quest_machine_behavior_test.gd:430)
ERROR: Node not found: "InventoryController" (relative to "/root/@Node3D@46/@CharacterBody3D@48").
   at: get_node (scene/main/node.cpp:1963)
   GDScript backtrace (most recent call first):
       [0] @implicit_ready (res://main-autolysis/player/autolysis_player.gd:139)
       [1] _prepare (res://main-autolysis/systems/quest-print-system/tests/quest_machine_behavior_test.gd:78)
       [2] _run_case (res://main-autolysis/systems/quest-print-system/tests/quest_machine_behavior_test.gd:115)
       [3] run_checks (res://main-autolysis/systems/quest-print-system/tests/quest_machine_behavior_test.gd:58)
       [4] _run_case (res://main-autolysis/systems/quest-print-system/tests/quest_machine_behavior_test.gd:124)
       [5] _dispose (res://main-autolysis/systems/quest-print-system/tests/quest_machine_behavior_test.gd:425)
       [6] frames (res://main-autolysis/systems/quest-print-system/tests/quest_machine_behavior_test.gd:430)
ERROR: Node not found: "%HeldItemPresenter" (relative to "/root/@Node3D@46/@CharacterBody3D@48").
   at: get_node (scene/main/node.cpp:1963)
   GDScript backtrace (most recent call first):
       [0] @implicit_ready (res://main-autolysis/player/autolysis_player.gd:140)
       [1] _prepare (res://main-autolysis/systems/quest-print-system/tests/quest_machine_behavior_test.gd:78)
       [2] _run_case (res://main-autolysis/systems/quest-print-system/tests/quest_machine_behavior_test.gd:115)
       [3] run_checks (res://main-autolysis/systems/quest-print-system/tests/quest_machine_behavior_test.gd:58)
       [4] _run_case (res://main-autolysis/systems/quest-print-system/tests/quest_machine_behavior_test.gd:124)
       [5] _dispose (res://main-autolysis/systems/quest-print-system/tests/quest_machine_behavior_test.gd:425)
       [6] frames (res://main-autolysis/systems/quest-print-system/tests/quest_machine_behavior_test.gd:430)
ERROR: Node not found: "InventoryBar" (relative to "/root/@Node3D@46/@CharacterBody3D@48").
   at: get_node (scene/main/node.cpp:1963)
   GDScript backtrace (most recent call first):
       [0] @implicit_ready (res://main-autolysis/player/autolysis_player.gd:141)
       [1] _prepare (res://main-autolysis/systems/quest-print-system/tests/quest_machine_behavior_test.gd:78)
       [2] _run_case (res://main-autolysis/systems/quest-print-system/tests/quest_machine_behavior_test.gd:115)
       [3] run_checks (res://main-autolysis/systems/quest-print-system/tests/quest_machine_behavior_test.gd:58)
       [4] _run_case (res://main-autolysis/systems/quest-print-system/tests/quest_machine_behavior_test.gd:124)
       [5] _dispose (res://main-autolysis/systems/quest-print-system/tests/quest_machine_behavior_test.gd:425)
       [6] frames (res://main-autolysis/systems/quest-print-system/tests/quest_machine_behavior_test.gd:430)
ERROR: Node not found: "DialoguePlayer" (relative to "/root/@Node3D@46/@CharacterBody3D@48").
   at: get_node (scene/main/node.cpp:1963)
   GDScript backtrace (most recent call first):
       [0] @implicit_ready (res://main-autolysis/player/autolysis_player.gd:142)
       [1] _prepare (res://main-autolysis/systems/quest-print-system/tests/quest_machine_behavior_test.gd:78)
       [2] _run_case (res://main-autolysis/systems/quest-print-system/tests/quest_machine_behavior_test.gd:115)
       [3] run_checks (res://main-autolysis/systems/quest-print-system/tests/quest_machine_behavior_test.gd:58)
       [4] _run_case (res://main-autolysis/systems/quest-print-system/tests/quest_machine_behavior_test.gd:124)
       [5] _dispose (res://main-autolysis/systems/quest-print-system/tests/quest_machine_behavior_test.gd:425)
       [6] frames (res://main-autolysis/systems/quest-print-system/tests/quest_machine_behavior_test.gd:430)
ERROR: Node not found: "LiquidContentsPanel" (relative to "/root/@Node3D@46/@CharacterBody3D@48").
   at: get_node (scene/main/node.cpp:1963)
   GDScript backtrace (most recent call first):
       [0] @implicit_ready (res://main-autolysis/player/autolysis_player.gd:143)
       [1] _prepare (res://main-autolysis/systems/quest-print-system/tests/quest_machine_behavior_test.gd:78)
       [2] _run_case (res://main-autolysis/systems/quest-print-system/tests/quest_machine_behavior_test.gd:115)
       [3] run_checks (res://main-autolysis/systems/quest-print-system/tests/quest_machine_behavior_test.gd:58)
       [4] _run_case (res://main-autolysis/systems/quest-print-system/tests/quest_machine_behavior_test.gd:124)
       [5] _dispose (res://main-autolysis/systems/quest-print-system/tests/quest_machine_behavior_test.gd:425)
       [6] frames (res://main-autolysis/systems/quest-print-system/tests/quest_machine_behavior_test.gd:430)
ERROR: Node not found: "NavigationAgent3D" (relative to "/root/@Node3D@46/@CharacterBody3D@48").
   at: get_node (scene/main/node.cpp:1963)
   GDScript backtrace (most recent call first):
       [0] @implicit_ready (res://main-autolysis/player/autolysis_player.gd:144)
       [1] _prepare (res://main-autolysis/systems/quest-print-system/tests/quest_machine_behavior_test.gd:78)
       [2] _run_case (res://main-autolysis/systems/quest-print-system/tests/quest_machine_behavior_test.gd:115)
       [3] run_checks (res://main-autolysis/systems/quest-print-system/tests/quest_machine_behavior_test.gd:58)
       [4] _run_case (res://main-autolysis/systems/quest-print-system/tests/quest_machine_behavior_test.gd:124)
       [5] _dispose (res://main-autolysis/systems/quest-print-system/tests/quest_machine_behavior_test.gd:425)
       [6] frames (res://main-autolysis/systems/quest-print-system/tests/quest_machine_behavior_test.gd:430)
ERROR: Node not found: "FocusController" (relative to "/root/@Node3D@46/@CharacterBody3D@48").
   at: get_node (scene/main/node.cpp:1963)
   GDScript backtrace (most recent call first):
       [0] @implicit_ready (res://main-autolysis/player/autolysis_player.gd:145)
       [1] _prepare (res://main-autolysis/systems/quest-print-system/tests/quest_machine_behavior_test.gd:78)
       [2] _run_case (res://main-autolysis/systems/quest-print-system/tests/quest_machine_behavior_test.gd:115)
       [3] run_checks (res://main-autolysis/systems/quest-print-system/tests/quest_machine_behavior_test.gd:58)
       [4] _run_case (res://main-autolysis/systems/quest-print-system/tests/quest_machine_behavior_test.gd:124)
       [5] _dispose (res://main-autolysis/systems/quest-print-system/tests/quest_machine_behavior_test.gd:425)
       [6] frames (res://main-autolysis/systems/quest-print-system/tests/quest_machine_behavior_test.gd:430)
SCRIPT ERROR: Invalid assignment of property or key 'state' with value of type 'int' on a base object of type 'null instance'.
   at: _prepare (res://main-autolysis/systems/quest-print-system/tests/quest_machine_behavior_test.gd:83)
   GDScript backtrace (most recent call first):
       [0] _prepare (res://main-autolysis/systems/quest-print-system/tests/quest_machine_behavior_test.gd:83)
       [1] _run_case (res://main-autolysis/systems/quest-print-system/tests/quest_machine_behavior_test.gd:115)
       [2] run_checks (res://main-autolysis/systems/quest-print-system/tests/quest_machine_behavior_test.gd:58)
       [3] _run_case (res://main-autolysis/systems/quest-print-system/tests/quest_machine_behavior_test.gd:124)
       [4] _dispose (res://main-autolysis/systems/quest-print-system/tests/quest_machine_behavior_test.gd:425)
       [5] frames (res://main-autolysis/systems/quest-print-system/tests/quest_machine_behavior_test.gd:430)
ERROR: 失败：唯一按钮入口建立一份空白纸张
   at: push_error (core/variant/variant_utility.cpp:1024)
   GDScript backtrace (most recent call first):
       [0] check (res://main-autolysis/systems/quest-print-system/tests/quest_machine_behavior_test.gd:440)
       [1] _start (res://main-autolysis/systems/quest-print-system/tests/quest_machine_behavior_test.gd:108)
       [2] _run_case (res://main-autolysis/systems/quest-print-system/tests/quest_machine_behavior_test.gd:120)
       [3] run_checks (res://main-autolysis/systems/quest-print-system/tests/quest_machine_behavior_test.gd:58)
       [4] _run_case (res://main-autolysis/systems/quest-print-system/tests/quest_machine_behavior_test.gd:124)
       [5] _dispose (res://main-autolysis/systems/quest-print-system/tests/quest_machine_behavior_test.gd:425)
       [6] frames (res://main-autolysis/systems/quest-print-system/tests/quest_machine_behavior_test.gd:430)
SCRIPT ERROR: Invalid call. Nonexistent function 'get_visible_data_line_indices' in base 'Nil'.
   at: _start (res://main-autolysis/systems/quest-print-system/tests/quest_machine_behavior_test.gd:110)
   GDScript backtrace (most recent call first):
       [0] _start (res://main-autolysis/systems/quest-print-system/tests/quest_machine_behavior_test.gd:110)
       [1] _run_case (res://main-autolysis/systems/quest-print-system/tests/quest_machine_behavior_test.gd:120)
       [2] run_checks (res://main-autolysis/systems/quest-print-system/tests/quest_machine_behavior_test.gd:58)
       [3] _run_case (res://main-autolysis/systems/quest-print-system/tests/quest_machine_behavior_test.gd:124)
       [4] _dispose (res://main-autolysis/systems/quest-print-system/tests/quest_machine_behavior_test.gd:425)
       [5] frames (res://main-autolysis/systems/quest-print-system/tests/quest_machine_behavior_test.gd:430)
ERROR: Node not found: "FootstepPlayer" (relative to "/root/@Node3D@50/@CharacterBody3D@52").
   at: get_node (scene/main/node.cpp:1963)
   GDScript backtrace (most recent call first):
       [0] @implicit_ready (res://main-autolysis/player/autolysis_player.gd:116)
       [1] _prepare (res://main-autolysis/systems/quest-print-system/tests/quest_machine_behavior_test.gd:78)
       [2] _run_case (res://main-autolysis/systems/quest-print-system/tests/quest_machine_behavior_test.gd:115)
       [3] run_checks (res://main-autolysis/systems/quest-print-system/tests/quest_machine_behavior_test.gd:58)
       [4] _run_case (res://main-autolysis/systems/quest-print-system/tests/quest_machine_behavior_test.gd:124)
       [5] _dispose (res://main-autolysis/systems/quest-print-system/tests/quest_machine_behavior_test.gd:425)
       [6] frames (res://main-autolysis/systems/quest-print-system/tests/quest_machine_behavior_test.gd:430)
ERROR: Node not found: "Body" (relative to "/root/@Node3D@50/@CharacterBody3D@52").
   at: get_node (scene/main/node.cpp:1963)
   GDScript backtrace (most recent call first):
       [0] @implicit_ready (res://main-autolysis/player/autolysis_player.gd:117)
       [1] _prepare (res://main-autolysis/systems/quest-print-system/tests/quest_machine_behavior_test.gd:78)
       [2] _run_case (res://main-autolysis/systems/quest-print-system/tests/quest_machine_behavior_test.gd:115)
       [3] run_checks (res://main-autolysis/systems/quest-print-system/tests/quest_machine_behavior_test.gd:58)
       [4] _run_case (res://main-autolysis/systems/quest-print-system/tests/quest_machine_behavior_test.gd:124)
       [5] _dispose (res://main-autolysis/systems/quest-print-system/tests/quest_machine_behavior_test.gd:425)
       [6] frames (res://main-autolysis/systems/quest-print-system/tests/quest_machine_behavior_test.gd:430)
ERROR: Node not found: "Body/Neck" (relative to "/root/@Node3D@50/@CharacterBody3D@52").
   at: get_node (scene/main/node.cpp:1963)
   GDScript backtrace (most recent call first):
       [0] @implicit_ready (res://main-autolysis/player/autolysis_player.gd:118)
       [1] _prepare (res://main-autolysis/systems/quest-print-system/tests/quest_machine_behavior_test.gd:78)
       [2] _run_case (res://main-autolysis/systems/quest-print-system/tests/quest_machine_behavior_test.gd:115)
       [3] run_checks (res://main-autolysis/systems/quest-print-system/tests/quest_machine_behavior_test.gd:58)
       [4] _run_case (res://main-autolysis/systems/quest-print-system/tests/quest_machine_behavior_test.gd:124)
       [5] _dispose (res://main-autolysis/systems/quest-print-system/tests/quest_machine_behavior_test.gd:425)
       [6] frames (res://main-autolysis/systems/quest-print-system/tests/quest_machine_behavior_test.gd:430)
ERROR: Node not found: "Body/Neck/Head" (relative to "/root/@Node3D@50/@CharacterBody3D@52").
   at: get_node (scene/main/node.cpp:1963)
   GDScript backtrace (most recent call first):
       [0] @implicit_ready (res://main-autolysis/player/autolysis_player.gd:119)
       [1] _prepare (res://main-autolysis/systems/quest-print-system/tests/quest_machine_behavior_test.gd:78)
       [2] _run_case (res://main-autolysis/systems/quest-print-system/tests/quest_machine_behavior_test.gd:115)
       [3] run_checks (res://main-autolysis/systems/quest-print-system/tests/quest_machine_behavior_test.gd:58)
       [4] _run_case (res://main-autolysis/systems/quest-print-system/tests/quest_machine_behavior_test.gd:124)
       [5] _dispose (res://main-autolysis/systems/quest-print-system/tests/quest_machine_behavior_test.gd:425)
       [6] frames (res://main-autolysis/systems/quest-print-system/tests/quest_machine_behavior_test.gd:430)
ERROR: Node not found: "Body/Neck/Head/Eyes" (relative to "/root/@Node3D@50/@CharacterBody3D@52").
   at: get_node (scene/main/node.cpp:1963)
   GDScript backtrace (most recent call first):
       [0] @implicit_ready (res://main-autolysis/player/autolysis_player.gd:120)
       [1] _prepare (res://main-autolysis/systems/quest-print-system/tests/quest_machine_behavior_test.gd:78)
       [2] _run_case (res://main-autolysis/systems/quest-print-system/tests/quest_machine_behavior_test.gd:115)
       [3] run_checks (res://main-autolysis/systems/quest-print-system/tests/quest_machine_behavior_test.gd:58)
       [4] _run_case (res://main-autolysis/systems/quest-print-system/tests/quest_machine_behavior_test.gd:124)
       [5] _dispose (res://main-autolysis/systems/quest-print-system/tests/quest_machine_behavior_test.gd:425)
       [6] frames (res://main-autolysis/systems/quest-print-system/tests/quest_machine_behavior_test.gd:430)
ERROR: Node not found: "Body/Neck/Head/Eyes/Camera" (relative to "/root/@Node3D@50/@CharacterBody3D@52").
   at: get_node (scene/main/node.cpp:1963)
   GDScript backtrace (most recent call first):
       [0] @implicit_ready (res://main-autolysis/player/autolysis_player.gd:121)
       [1] _prepare (res://main-autolysis/systems/quest-print-system/tests/quest_machine_behavior_test.gd:78)
       [2] _run_case (res://main-autolysis/systems/quest-print-system/tests/quest_machine_behavior_test.gd:115)
       [3] run_checks (res://main-autolysis/systems/quest-print-system/tests/quest_machine_behavior_test.gd:58)
       [4] _run_case (res://main-autolysis/systems/quest-print-system/tests/quest_machine_behavior_test.gd:124)
       [5] _dispose (res://main-autolysis/systems/quest-print-system/tests/quest_machine_behavior_test.gd:425)
       [6] frames (res://main-autolysis/systems/quest-print-system/tests/quest_machine_behavior_test.gd:430)
ERROR: Node not found: "Body/Neck/Head/Eyes/AnimationPlayer" (relative to "/root/@Node3D@50/@CharacterBody3D@52").
   at: get_node (scene/main/node.cpp:1963)
   GDScript backtrace (most recent call first):
       [0] @implicit_ready (res://main-autolysis/player/autolysis_player.gd:122)
       [1] _prepare (res://main-autolysis/systems/quest-print-system/tests/quest_machine_behavior_test.gd:78)
       [2] _run_case (res://main-autolysis/systems/quest-print-system/tests/quest_machine_behavior_test.gd:115)
       [3] run_checks (res://main-autolysis/systems/quest-print-system/tests/quest_machine_behavior_test.gd:58)
       [4] _run_case (res://main-autolysis/systems/quest-print-system/tests/quest_machine_behavior_test.gd:124)
       [5] _dispose (res://main-autolysis/systems/quest-print-system/tests/quest_machine_behavior_test.gd:425)
       [6] frames (res://main-autolysis/systems/quest-print-system/tests/quest_machine_behavior_test.gd:430)
ERROR: Node not found: "StandingCollisionShape" (relative to "/root/@Node3D@50/@CharacterBody3D@52").
   at: get_node (scene/main/node.cpp:1963)
   GDScript backtrace (most recent call first):
       [0] @implicit_ready (res://main-autolysis/player/autolysis_player.gd:123)
       [1] _prepare (res://main-autolysis/systems/quest-print-system/tests/quest_machine_behavior_test.gd:78)
       [2] _run_case (res://main-autolysis/systems/quest-print-system/tests/quest_machine_behavior_test.gd:115)
       [3] run_checks (res://main-autolysis/systems/quest-print-system/tests/quest_machine_behavior_test.gd:58)
       [4] _run_case (res://main-autolysis/systems/quest-print-system/tests/quest_machine_behavior_test.gd:124)
       [5] _dispose (res://main-autolysis/systems/quest-print-system/tests/quest_machine_behavior_test.gd:425)
       [6] frames (res://main-autolysis/systems/quest-print-system/tests/quest_machine_behavior_test.gd:430)
ERROR: Node not found: "CrouchingCollisionShape" (relative to "/root/@Node3D@50/@CharacterBody3D@52").
   at: get_node (scene/main/node.cpp:1963)
   GDScript backtrace (most recent call first):
       [0] @implicit_ready (res://main-autolysis/player/autolysis_player.gd:124)
       [1] _prepare (res://main-autolysis/systems/quest-print-system/tests/quest_machine_behavior_test.gd:78)
       [2] _run_case (res://main-autolysis/systems/quest-print-system/tests/quest_machine_behavior_test.gd:115)
       [3] run_checks (res://main-autolysis/systems/quest-print-system/tests/quest_machine_behavior_test.gd:58)
       [4] _run_case (res://main-autolysis/systems/quest-print-system/tests/quest_machine_behavior_test.gd:124)
       [5] _dispose (res://main-autolysis/systems/quest-print-system/tests/quest_machine_behavior_test.gd:425)
       [6] frames (res://main-autolysis/systems/quest-print-system/tests/quest_machine_behavior_test.gd:430)
ERROR: Node not found: "CrouchRayCast" (relative to "/root/@Node3D@50/@CharacterBody3D@52").
   at: get_node (scene/main/node.cpp:1963)
   GDScript backtrace (most recent call first):
       [0] @implicit_ready (res://main-autolysis/player/autolysis_player.gd:125)
       [1] _prepare (res://main-autolysis/systems/quest-print-system/tests/quest_machine_behavior_test.gd:78)
       [2] _run_case (res://main-autolysis/systems/quest-print-system/tests/quest_machine_behavior_test.gd:115)
       [3] run_checks (res://main-autolysis/systems/quest-print-system/tests/quest_machine_behavior_test.gd:58)
       [4] _run_case (res://main-autolysis/systems/quest-print-system/tests/quest_machine_behavior_test.gd:124)
       [5] _dispose (res://main-autolysis/systems/quest-print-system/tests/quest_machine_behavior_test.gd:425)
       [6] frames (res://main-autolysis/systems/quest-print-system/tests/quest_machine_behavior_test.gd:430)
ERROR: Node not found: "SlidingTimer" (relative to "/root/@Node3D@50/@CharacterBody3D@52").
   at: get_node (scene/main/node.cpp:1963)
   GDScript backtrace (most recent call first):
       [0] @implicit_ready (res://main-autolysis/player/autolysis_player.gd:126)
       [1] _prepare (res://main-autolysis/systems/quest-print-system/tests/quest_machine_behavior_test.gd:78)
       [2] _run_case (res://main-autolysis/systems/quest-print-system/tests/quest_machine_behavior_test.gd:115)
       [3] run_checks (res://main-autolysis/systems/quest-print-system/tests/quest_machine_behavior_test.gd:58)
       [4] _run_case (res://main-autolysis/systems/quest-print-system/tests/quest_machine_behavior_test.gd:124)
       [5] _dispose (res://main-autolysis/systems/quest-print-system/tests/quest_machine_behavior_test.gd:425)
       [6] frames (res://main-autolysis/systems/quest-print-system/tests/quest_machine_behavior_test.gd:430)
ERROR: Node not found: "JumpCooldownTimer" (relative to "/root/@Node3D@50/@CharacterBody3D@52").
   at: get_node (scene/main/node.cpp:1963)
   GDScript backtrace (most recent call first):
       [0] @implicit_ready (res://main-autolysis/player/autolysis_player.gd:127)
       [1] _prepare (res://main-autolysis/systems/quest-print-system/tests/quest_machine_behavior_test.gd:78)
       [2] _run_case (res://main-autolysis/systems/quest-print-system/tests/quest_machine_behavior_test.gd:115)
       [3] run_checks (res://main-autolysis/systems/quest-print-system/tests/quest_machine_behavior_test.gd:58)
       [4] _run_case (res://main-autolysis/systems/quest-print-system/tests/quest_machine_behavior_test.gd:124)
       [5] _dispose (res://main-autolysis/systems/quest-print-system/tests/quest_machine_behavior_test.gd:425)
       [6] frames (res://main-autolysis/systems/quest-print-system/tests/quest_machine_behavior_test.gd:430)
ERROR: Node not found: "DegaussPlayerFoundArea" (relative to "/root/@Node3D@50/@CharacterBody3D@52").
   at: get_node (scene/main/node.cpp:1963)
   GDScript backtrace (most recent call first):
       [0] @implicit_ready (res://main-autolysis/player/autolysis_player.gd:128)
       [1] _prepare (res://main-autolysis/systems/quest-print-system/tests/quest_machine_behavior_test.gd:78)
       [2] _run_case (res://main-autolysis/systems/quest-print-system/tests/quest_machine_behavior_test.gd:115)
       [3] run_checks (res://main-autolysis/systems/quest-print-system/tests/quest_machine_behavior_test.gd:58)
       [4] _run_case (res://main-autolysis/systems/quest-print-system/tests/quest_machine_behavior_test.gd:124)
       [5] _dispose (res://main-autolysis/systems/quest-print-system/tests/quest_machine_behavior_test.gd:425)
       [6] frames (res://main-autolysis/systems/quest-print-system/tests/quest_machine_behavior_test.gd:430)
ERROR: Node not found: "DegaussPlayerFoundArea/found_collision_standing" (relative to "/root/@Node3D@50/@CharacterBody3D@52").
   at: get_node (scene/main/node.cpp:1963)
   GDScript backtrace (most recent call first):
       [0] @implicit_ready (res://main-autolysis/player/autolysis_player.gd:129)
       [1] _prepare (res://main-autolysis/systems/quest-print-system/tests/quest_machine_behavior_test.gd:78)
       [2] _run_case (res://main-autolysis/systems/quest-print-system/tests/quest_machine_behavior_test.gd:115)
       [3] run_checks (res://main-autolysis/systems/quest-print-system/tests/quest_machine_behavior_test.gd:58)
       [4] _run_case (res://main-autolysis/systems/quest-print-system/tests/quest_machine_behavior_test.gd:124)
       [5] _dispose (res://main-autolysis/systems/quest-print-system/tests/quest_machine_behavior_test.gd:425)
       [6] frames (res://main-autolysis/systems/quest-print-system/tests/quest_machine_behavior_test.gd:430)
ERROR: Node not found: "DegaussPlayerFoundArea/found_collision_walking" (relative to "/root/@Node3D@50/@CharacterBody3D@52").
   at: get_node (scene/main/node.cpp:1963)
   GDScript backtrace (most recent call first):
       [0] @implicit_ready (res://main-autolysis/player/autolysis_player.gd:130)
       [1] _prepare (res://main-autolysis/systems/quest-print-system/tests/quest_machine_behavior_test.gd:78)
       [2] _run_case (res://main-autolysis/systems/quest-print-system/tests/quest_machine_behavior_test.gd:115)
       [3] run_checks (res://main-autolysis/systems/quest-print-system/tests/quest_machine_behavior_test.gd:58)
       [4] _run_case (res://main-autolysis/systems/quest-print-system/tests/quest_machine_behavior_test.gd:124)
       [5] _dispose (res://main-autolysis/systems/quest-print-system/tests/quest_machine_behavior_test.gd:425)
       [6] frames (res://main-autolysis/systems/quest-print-system/tests/quest_machine_behavior_test.gd:430)
ERROR: Node not found: "DegaussPlayerFoundArea/found_collision_crouching" (relative to "/root/@Node3D@50/@CharacterBody3D@52").
   at: get_node (scene/main/node.cpp:1963)
   GDScript backtrace (most recent call first):
       [0] @implicit_ready (res://main-autolysis/player/autolysis_player.gd:131)
       [1] _prepare (res://main-autolysis/systems/quest-print-system/tests/quest_machine_behavior_test.gd:78)
       [2] _run_case (res://main-autolysis/systems/quest-print-system/tests/quest_machine_behavior_test.gd:115)
       [3] run_checks (res://main-autolysis/systems/quest-print-system/tests/quest_machine_behavior_test.gd:58)
       [4] _run_case (res://main-autolysis/systems/quest-print-system/tests/quest_machine_behavior_test.gd:124)
       [5] _dispose (res://main-autolysis/systems/quest-print-system/tests/quest_machine_behavior_test.gd:425)
       [6] frames (res://main-autolysis/systems/quest-print-system/tests/quest_machine_behavior_test.gd:430)
ERROR: Node not found: "DegaussPlayerFoundArea/found_collision_running" (relative to "/root/@Node3D@50/@CharacterBody3D@52").
   at: get_node (scene/main/node.cpp:1963)
   GDScript backtrace (most recent call first):
       [0] @implicit_ready (res://main-autolysis/player/autolysis_player.gd:132)
       [1] _prepare (res://main-autolysis/systems/quest-print-system/tests/quest_machine_behavior_test.gd:78)
       [2] _run_case (res://main-autolysis/systems/quest-print-system/tests/quest_machine_behavior_test.gd:115)
       [3] run_checks (res://main-autolysis/systems/quest-print-system/tests/quest_machine_behavior_test.gd:58)
       [4] _run_case (res://main-autolysis/systems/quest-print-system/tests/quest_machine_behavior_test.gd:124)
       [5] _dispose (res://main-autolysis/systems/quest-print-system/tests/quest_machine_behavior_test.gd:425)
       [6] frames (res://main-autolysis/systems/quest-print-system/tests/quest_machine_behavior_test.gd:430)
ERROR: Node not found: "Body/Neck/Head/Eyes/Camera/InteractionRaycast" (relative to "/root/@Node3D@50/@CharacterBody3D@52").
   at: get_node (scene/main/node.cpp:1963)
   GDScript backtrace (most recent call first):
       [0] @implicit_ready (res://main-autolysis/player/autolysis_player.gd:135)
       [1] _prepare (res://main-autolysis/systems/quest-print-system/tests/quest_machine_behavior_test.gd:78)
       [2] _run_case (res://main-autolysis/systems/quest-print-system/tests/quest_machine_behavior_test.gd:115)
       [3] run_checks (res://main-autolysis/systems/quest-print-system/tests/quest_machine_behavior_test.gd:58)
       [4] _run_case (res://main-autolysis/systems/quest-print-system/tests/quest_machine_behavior_test.gd:124)
       [5] _dispose (res://main-autolysis/systems/quest-print-system/tests/quest_machine_behavior_test.gd:425)
       [6] frames (res://main-autolysis/systems/quest-print-system/tests/quest_machine_behavior_test.gd:430)
ERROR: Node not found: "InteractionController" (relative to "/root/@Node3D@50/@CharacterBody3D@52").
   at: get_node (scene/main/node.cpp:1963)
   GDScript backtrace (most recent call first):
       [0] @implicit_ready (res://main-autolysis/player/autolysis_player.gd:136)
       [1] _prepare (res://main-autolysis/systems/quest-print-system/tests/quest_machine_behavior_test.gd:78)
       [2] _run_case (res://main-autolysis/systems/quest-print-system/tests/quest_machine_behavior_test.gd:115)
       [3] run_checks (res://main-autolysis/systems/quest-print-system/tests/quest_machine_behavior_test.gd:58)
       [4] _run_case (res://main-autolysis/systems/quest-print-system/tests/quest_machine_behavior_test.gd:124)
       [5] _dispose (res://main-autolysis/systems/quest-print-system/tests/quest_machine_behavior_test.gd:425)
       [6] frames (res://main-autolysis/systems/quest-print-system/tests/quest_machine_behavior_test.gd:430)
ERROR: Node not found: "InteractionHUD/Crosshair" (relative to "/root/@Node3D@50/@CharacterBody3D@52").
   at: get_node (scene/main/node.cpp:1963)
   GDScript backtrace (most recent call first):
       [0] @implicit_ready (res://main-autolysis/player/autolysis_player.gd:137)
       [1] _prepare (res://main-autolysis/systems/quest-print-system/tests/quest_machine_behavior_test.gd:78)
       [2] _run_case (res://main-autolysis/systems/quest-print-system/tests/quest_machine_behavior_test.gd:115)
       [3] run_checks (res://main-autolysis/systems/quest-print-system/tests/quest_machine_behavior_test.gd:58)
       [4] _run_case (res://main-autolysis/systems/quest-print-system/tests/quest_machine_behavior_test.gd:124)
       [5] _dispose (res://main-autolysis/systems/quest-print-system/tests/quest_machine_behavior_test.gd:425)
       [6] frames (res://main-autolysis/systems/quest-print-system/tests/quest_machine_behavior_test.gd:430)
ERROR: Node not found: "%Wieldables" (relative to "/root/@Node3D@50/@CharacterBody3D@52").
   at: get_node (scene/main/node.cpp:1963)
   GDScript backtrace (most recent call first):
       [0] @implicit_ready (res://main-autolysis/player/autolysis_player.gd:138)
       [1] _prepare (res://main-autolysis/systems/quest-print-system/tests/quest_machine_behavior_test.gd:78)
       [2] _run_case (res://main-autolysis/systems/quest-print-system/tests/quest_machine_behavior_test.gd:115)
       [3] run_checks (res://main-autolysis/systems/quest-print-system/tests/quest_machine_behavior_test.gd:58)
       [4] _run_case (res://main-autolysis/systems/quest-print-system/tests/quest_machine_behavior_test.gd:124)
       [5] _dispose (res://main-autolysis/systems/quest-print-system/tests/quest_machine_behavior_test.gd:425)
       [6] frames (res://main-autolysis/systems/quest-print-system/tests/quest_machine_behavior_test.gd:430)
ERROR: Node not found: "InventoryController" (relative to "/root/@Node3D@50/@CharacterBody3D@52").
   at: get_node (scene/main/node.cpp:1963)
   GDScript backtrace (most recent call first):
       [0] @implicit_ready (res://main-autolysis/player/autolysis_player.gd:139)
       [1] _prepare (res://main-autolysis/systems/quest-print-system/tests/quest_machine_behavior_test.gd:78)
       [2] _run_case (res://main-autolysis/systems/quest-print-system/tests/quest_machine_behavior_test.gd:115)
       [3] run_checks (res://main-autolysis/systems/quest-print-system/tests/quest_machine_behavior_test.gd:58)
       [4] _run_case (res://main-autolysis/systems/quest-print-system/tests/quest_machine_behavior_test.gd:124)
       [5] _dispose (res://main-autolysis/systems/quest-print-system/tests/quest_machine_behavior_test.gd:425)
       [6] frames (res://main-autolysis/systems/quest-print-system/tests/quest_machine_behavior_test.gd:430)
ERROR: Node not found: "%HeldItemPresenter" (relative to "/root/@Node3D@50/@CharacterBody3D@52").
   at: get_node (scene/main/node.cpp:1963)
   GDScript backtrace (most recent call first):
       [0] @implicit_ready (res://main-autolysis/player/autolysis_player.gd:140)
       [1] _prepare (res://main-autolysis/systems/quest-print-system/tests/quest_machine_behavior_test.gd:78)
       [2] _run_case (res://main-autolysis/systems/quest-print-system/tests/quest_machine_behavior_test.gd:115)
       [3] run_checks (res://main-autolysis/systems/quest-print-system/tests/quest_machine_behavior_test.gd:58)
       [4] _run_case (res://main-autolysis/systems/quest-print-system/tests/quest_machine_behavior_test.gd:124)
       [5] _dispose (res://main-autolysis/systems/quest-print-system/tests/quest_machine_behavior_test.gd:425)
       [6] frames (res://main-autolysis/systems/quest-print-system/tests/quest_machine_behavior_test.gd:430)
ERROR: Node not found: "InventoryBar" (relative to "/root/@Node3D@50/@CharacterBody3D@52").
   at: get_node (scene/main/node.cpp:1963)
   GDScript backtrace (most recent call first):
       [0] @implicit_ready (res://main-autolysis/player/autolysis_player.gd:141)
       [1] _prepare (res://main-autolysis/systems/quest-print-system/tests/quest_machine_behavior_test.gd:78)
       [2] _run_case (res://main-autolysis/systems/quest-print-system/tests/quest_machine_behavior_test.gd:115)
       [3] run_checks (res://main-autolysis/systems/quest-print-system/tests/quest_machine_behavior_test.gd:58)
       [4] _run_case (res://main-autolysis/systems/quest-print-system/tests/quest_machine_behavior_test.gd:124)
       [5] _dispose (res://main-autolysis/systems/quest-print-system/tests/quest_machine_behavior_test.gd:425)
       [6] frames (res://main-autolysis/systems/quest-print-system/tests/quest_machine_behavior_test.gd:430)
ERROR: Node not found: "DialoguePlayer" (relative to "/root/@Node3D@50/@CharacterBody3D@52").
   at: get_node (scene/main/node.cpp:1963)
   GDScript backtrace (most recent call first):
       [0] @implicit_ready (res://main-autolysis/player/autolysis_player.gd:142)
       [1] _prepare (res://main-autolysis/systems/quest-print-system/tests/quest_machine_behavior_test.gd:78)
       [2] _run_case (res://main-autolysis/systems/quest-print-system/tests/quest_machine_behavior_test.gd:115)
       [3] run_checks (res://main-autolysis/systems/quest-print-system/tests/quest_machine_behavior_test.gd:58)
       [4] _run_case (res://main-autolysis/systems/quest-print-system/tests/quest_machine_behavior_test.gd:124)
       [5] _dispose (res://main-autolysis/systems/quest-print-system/tests/quest_machine_behavior_test.gd:425)
       [6] frames (res://main-autolysis/systems/quest-print-system/tests/quest_machine_behavior_test.gd:430)
ERROR: Node not found: "LiquidContentsPanel" (relative to "/root/@Node3D@50/@CharacterBody3D@52").
   at: get_node (scene/main/node.cpp:1963)
   GDScript backtrace (most recent call first):
       [0] @implicit_ready (res://main-autolysis/player/autolysis_player.gd:143)
       [1] _prepare (res://main-autolysis/systems/quest-print-system/tests/quest_machine_behavior_test.gd:78)
       [2] _run_case (res://main-autolysis/systems/quest-print-system/tests/quest_machine_behavior_test.gd:115)
       [3] run_checks (res://main-autolysis/systems/quest-print-system/tests/quest_machine_behavior_test.gd:58)
       [4] _run_case (res://main-autolysis/systems/quest-print-system/tests/quest_machine_behavior_test.gd:124)
       [5] _dispose (res://main-autolysis/systems/quest-print-system/tests/quest_machine_behavior_test.gd:425)
       [6] frames (res://main-autolysis/systems/quest-print-system/tests/quest_machine_behavior_test.gd:430)
ERROR: Node not found: "NavigationAgent3D" (relative to "/root/@Node3D@50/@CharacterBody3D@52").
   at: get_node (scene/main/node.cpp:1963)
   GDScript backtrace (most recent call first):
       [0] @implicit_ready (res://main-autolysis/player/autolysis_player.gd:144)
       [1] _prepare (res://main-autolysis/systems/quest-print-system/tests/quest_machine_behavior_test.gd:78)
       [2] _run_case (res://main-autolysis/systems/quest-print-system/tests/quest_machine_behavior_test.gd:115)
       [3] run_checks (res://main-autolysis/systems/quest-print-system/tests/quest_machine_behavior_test.gd:58)
       [4] _run_case (res://main-autolysis/systems/quest-print-system/tests/quest_machine_behavior_test.gd:124)
       [5] _dispose (res://main-autolysis/systems/quest-print-system/tests/quest_machine_behavior_test.gd:425)
       [6] frames (res://main-autolysis/systems/quest-print-system/tests/quest_machine_behavior_test.gd:430)
ERROR: Node not found: "FocusController" (relative to "/root/@Node3D@50/@CharacterBody3D@52").
   at: get_node (scene/main/node.cpp:1963)
   GDScript backtrace (most recent call first):
       [0] @implicit_ready (res://main-autolysis/player/autolysis_player.gd:145)
       [1] _prepare (res://main-autolysis/systems/quest-print-system/tests/quest_machine_behavior_test.gd:78)
       [2] _run_case (res://main-autolysis/systems/quest-print-system/tests/quest_machine_behavior_test.gd:115)
       [3] run_checks (res://main-autolysis/systems/quest-print-system/tests/quest_machine_behavior_test.gd:58)
       [4] _run_case (res://main-autolysis/systems/quest-print-system/tests/quest_machine_behavior_test.gd:124)
       [5] _dispose (res://main-autolysis/systems/quest-print-system/tests/quest_machine_behavior_test.gd:425)
       [6] frames (res://main-autolysis/systems/quest-print-system/tests/quest_machine_behavior_test.gd:430)
SCRIPT ERROR: Invalid assignment of property or key 'state' with value of type 'int' on a base object of type 'null instance'.
   at: _prepare (res://main-autolysis/systems/quest-print-system/tests/quest_machine_behavior_test.gd:83)
   GDScript backtrace (most recent call first):
       [0] _prepare (res://main-autolysis/systems/quest-print-system/tests/quest_machine_behavior_test.gd:83)
       [1] _run_case (res://main-autolysis/systems/quest-print-system/tests/quest_machine_behavior_test.gd:115)
       [2] run_checks (res://main-autolysis/systems/quest-print-system/tests/quest_machine_behavior_test.gd:58)
       [3] _run_case (res://main-autolysis/systems/quest-print-system/tests/quest_machine_behavior_test.gd:124)
       [4] _dispose (res://main-autolysis/systems/quest-print-system/tests/quest_machine_behavior_test.gd:425)
       [5] frames (res://main-autolysis/systems/quest-print-system/tests/quest_machine_behavior_test.gd:430)
ERROR: 失败：唯一按钮入口建立一份空白纸张
   at: push_error (core/variant/variant_utility.cpp:1024)
   GDScript backtrace (most recent call first):
       [0] check (res://main-autolysis/systems/quest-print-system/tests/quest_machine_behavior_test.gd:440)
       [1] _start (res://main-autolysis/systems/quest-print-system/tests/quest_machine_behavior_test.gd:108)
       [2] _run_case (res://main-autolysis/systems/quest-print-system/tests/quest_machine_behavior_test.gd:120)
       [3] run_checks (res://main-autolysis/systems/quest-print-system/tests/quest_machine_behavior_test.gd:58)
       [4] _run_case (res://main-autolysis/systems/quest-print-system/tests/quest_machine_behavior_test.gd:124)
       [5] _dispose (res://main-autolysis/systems/quest-print-system/tests/quest_machine_behavior_test.gd:425)
       [6] frames (res://main-autolysis/systems/quest-print-system/tests/quest_machine_behavior_test.gd:430)
SCRIPT ERROR: Invalid call. Nonexistent function 'get_visible_data_line_indices' in base 'Nil'.
   at: _start (res://main-autolysis/systems/quest-print-system/tests/quest_machine_behavior_test.gd:110)
   GDScript backtrace (most recent call first):
       [0] _start (res://main-autolysis/systems/quest-print-system/tests/quest_machine_behavior_test.gd:110)
       [1] _run_case (res://main-autolysis/systems/quest-print-system/tests/quest_machine_behavior_test.gd:120)
       [2] run_checks (res://main-autolysis/systems/quest-print-system/tests/quest_machine_behavior_test.gd:58)
       [3] _run_case (res://main-autolysis/systems/quest-print-system/tests/quest_machine_behavior_test.gd:124)
       [4] _dispose (res://main-autolysis/systems/quest-print-system/tests/quest_machine_behavior_test.gd:425)
       [5] frames (res://main-autolysis/systems/quest-print-system/tests/quest_machine_behavior_test.gd:430)
ERROR: Node not found: "FootstepPlayer" (relative to "/root/@Node3D@54/@CharacterBody3D@56").
   at: get_node (scene/main/node.cpp:1963)
   GDScript backtrace (most recent call first):
       [0] @implicit_ready (res://main-autolysis/player/autolysis_player.gd:116)
       [1] _prepare (res://main-autolysis/systems/quest-print-system/tests/quest_machine_behavior_test.gd:78)
       [2] _run_case (res://main-autolysis/systems/quest-print-system/tests/quest_machine_behavior_test.gd:115)
       [3] run_checks (res://main-autolysis/systems/quest-print-system/tests/quest_machine_behavior_test.gd:58)
       [4] _run_case (res://main-autolysis/systems/quest-print-system/tests/quest_machine_behavior_test.gd:124)
       [5] _dispose (res://main-autolysis/systems/quest-print-system/tests/quest_machine_behavior_test.gd:425)
       [6] frames (res://main-autolysis/systems/quest-print-system/tests/quest_machine_behavior_test.gd:430)
ERROR: Node not found: "Body" (relative to "/root/@Node3D@54/@CharacterBody3D@56").
   at: get_node (scene/main/node.cpp:1963)
   GDScript backtrace (most recent call first):
       [0] @implicit_ready (res://main-autolysis/player/autolysis_player.gd:117)
       [1] _prepare (res://main-autolysis/systems/quest-print-system/tests/quest_machine_behavior_test.gd:78)
       [2] _run_case (res://main-autolysis/systems/quest-print-system/tests/quest_machine_behavior_test.gd:115)
       [3] run_checks (res://main-autolysis/systems/quest-print-system/tests/quest_machine_behavior_test.gd:58)
       [4] _run_case (res://main-autolysis/systems/quest-print-system/tests/quest_machine_behavior_test.gd:124)
       [5] _dispose (res://main-autolysis/systems/quest-print-system/tests/quest_machine_behavior_test.gd:425)
       [6] frames (res://main-autolysis/systems/quest-print-system/tests/quest_machine_behavior_test.gd:430)
ERROR: Node not found: "Body/Neck" (relative to "/root/@Node3D@54/@CharacterBody3D@56").
   at: get_node (scene/main/node.cpp:1963)
   GDScript backtrace (most recent call first):
       [0] @implicit_ready (res://main-autolysis/player/autolysis_player.gd:118)
       [1] _prepare (res://main-autolysis/systems/quest-print-system/tests/quest_machine_behavior_test.gd:78)
       [2] _run_case (res://main-autolysis/systems/quest-print-system/tests/quest_machine_behavior_test.gd:115)
       [3] run_checks (res://main-autolysis/systems/quest-print-system/tests/quest_machine_behavior_test.gd:58)
       [4] _run_case (res://main-autolysis/systems/quest-print-system/tests/quest_machine_behavior_test.gd:124)
       [5] _dispose (res://main-autolysis/systems/quest-print-system/tests/quest_machine_behavior_test.gd:425)
       [6] frames (res://main-autolysis/systems/quest-print-system/tests/quest_machine_behavior_test.gd:430)
ERROR: Node not found: "Body/Neck/Head" (relative to "/root/@Node3D@54/@CharacterBody3D@56").
   at: get_node (scene/main/node.cpp:1963)
   GDScript backtrace (most recent call first):
       [0] @implicit_ready (res://main-autolysis/player/autolysis_player.gd:119)
       [1] _prepare (res://main-autolysis/systems/quest-print-system/tests/quest_machine_behavior_test.gd:78)
       [2] _run_case (res://main-autolysis/systems/quest-print-system/tests/quest_machine_behavior_test.gd:115)
       [3] run_checks (res://main-autolysis/systems/quest-print-system/tests/quest_machine_behavior_test.gd:58)
       [4] _run_case (res://main-autolysis/systems/quest-print-system/tests/quest_machine_behavior_test.gd:124)
       [5] _dispose (res://main-autolysis/systems/quest-print-system/tests/quest_machine_behavior_test.gd:425)
       [6] frames (res://main-autolysis/systems/quest-print-system/tests/quest_machine_behavior_test.gd:430)
ERROR: Node not found: "Body/Neck/Head/Eyes" (relative to "/root/@Node3D@54/@CharacterBody3D@56").
   at: get_node (scene/main/node.cpp:1963)
   GDScript backtrace (most recent call first):
       [0] @implicit_ready (res://main-autolysis/player/autolysis_player.gd:120)
       [1] _prepare (res://main-autolysis/systems/quest-print-system/tests/quest_machine_behavior_test.gd:78)
       [2] _run_case (res://main-autolysis/systems/quest-print-system/tests/quest_machine_behavior_test.gd:115)
       [3] run_checks (res://main-autolysis/systems/quest-print-system/tests/quest_machine_behavior_test.gd:58)
       [4] _run_case (res://main-autolysis/systems/quest-print-system/tests/quest_machine_behavior_test.gd:124)
       [5] _dispose (res://main-autolysis/systems/quest-print-system/tests/quest_machine_behavior_test.gd:425)
       [6] frames (res://main-autolysis/systems/quest-print-system/tests/quest_machine_behavior_test.gd:430)
ERROR: Node not found: "Body/Neck/Head/Eyes/Camera" (relative to "/root/@Node3D@54/@CharacterBody3D@56").
   at: get_node (scene/main/node.cpp:1963)
   GDScript backtrace (most recent call first):
       [0] @implicit_ready (res://main-autolysis/player/autolysis_player.gd:121)
       [1] _prepare (res://main-autolysis/systems/quest-print-system/tests/quest_machine_behavior_test.gd:78)
       [2] _run_case (res://main-autolysis/systems/quest-print-system/tests/quest_machine_behavior_test.gd:115)
       [3] run_checks (res://main-autolysis/systems/quest-print-system/tests/quest_machine_behavior_test.gd:58)
       [4] _run_case (res://main-autolysis/systems/quest-print-system/tests/quest_machine_behavior_test.gd:124)
       [5] _dispose (res://main-autolysis/systems/quest-print-system/tests/quest_machine_behavior_test.gd:425)
       [6] frames (res://main-autolysis/systems/quest-print-system/tests/quest_machine_behavior_test.gd:430)
ERROR: Node not found: "Body/Neck/Head/Eyes/AnimationPlayer" (relative to "/root/@Node3D@54/@CharacterBody3D@56").
   at: get_node (scene/main/node.cpp:1963)
   GDScript backtrace (most recent call first):
       [0] @implicit_ready (res://main-autolysis/player/autolysis_player.gd:122)
       [1] _prepare (res://main-autolysis/systems/quest-print-system/tests/quest_machine_behavior_test.gd:78)
       [2] _run_case (res://main-autolysis/systems/quest-print-system/tests/quest_machine_behavior_test.gd:115)
       [3] run_checks (res://main-autolysis/systems/quest-print-system/tests/quest_machine_behavior_test.gd:58)
       [4] _run_case (res://main-autolysis/systems/quest-print-system/tests/quest_machine_behavior_test.gd:124)
       [5] _dispose (res://main-autolysis/systems/quest-print-system/tests/quest_machine_behavior_test.gd:425)
       [6] frames (res://main-autolysis/systems/quest-print-system/tests/quest_machine_behavior_test.gd:430)
ERROR: Node not found: "StandingCollisionShape" (relative to "/root/@Node3D@54/@CharacterBody3D@56").
   at: get_node (scene/main/node.cpp:1963)
   GDScript backtrace (most recent call first):
       [0] @implicit_ready (res://main-autolysis/player/autolysis_player.gd:123)
       [1] _prepare (res://main-autolysis/systems/quest-print-system/tests/quest_machine_behavior_test.gd:78)
       [2] _run_case (res://main-autolysis/systems/quest-print-system/tests/quest_machine_behavior_test.gd:115)
       [3] run_checks (res://main-autolysis/systems/quest-print-system/tests/quest_machine_behavior_test.gd:58)
       [4] _run_case (res://main-autolysis/systems/quest-print-system/tests/quest_machine_behavior_test.gd:124)
       [5] _dispose (res://main-autolysis/systems/quest-print-system/tests/quest_machine_behavior_test.gd:425)
       [6] frames (res://main-autolysis/systems/quest-print-system/tests/quest_machine_behavior_test.gd:430)
ERROR: Node not found: "CrouchingCollisionShape" (relative to "/root/@Node3D@54/@CharacterBody3D@56").
   at: get_node (scene/main/node.cpp:1963)
   GDScript backtrace (most recent call first):
       [0] @implicit_ready (res://main-autolysis/player/autolysis_player.gd:124)
       [1] _prepare (res://main-autolysis/systems/quest-print-system/tests/quest_machine_behavior_test.gd:78)
       [2] _run_case (res://main-autolysis/systems/quest-print-system/tests/quest_machine_behavior_test.gd:115)
       [3] run_checks (res://main-autolysis/systems/quest-print-system/tests/quest_machine_behavior_test.gd:58)
       [4] _run_case (res://main-autolysis/systems/quest-print-system/tests/quest_machine_behavior_test.gd:124)
       [5] _dispose (res://main-autolysis/systems/quest-print-system/tests/quest_machine_behavior_test.gd:425)
       [6] frames (res://main-autolysis/systems/quest-print-system/tests/quest_machine_behavior_test.gd:430)
ERROR: Node not found: "CrouchRayCast" (relative to "/root/@Node3D@54/@CharacterBody3D@56").
   at: get_node (scene/main/node.cpp:1963)
   GDScript backtrace (most recent call first):
       [0] @implicit_ready (res://main-autolysis/player/autolysis_player.gd:125)
       [1] _prepare (res://main-autolysis/systems/quest-print-system/tests/quest_machine_behavior_test.gd:78)
       [2] _run_case (res://main-autolysis/systems/quest-print-system/tests/quest_machine_behavior_test.gd:115)
       [3] run_checks (res://main-autolysis/systems/quest-print-system/tests/quest_machine_behavior_test.gd:58)
       [4] _run_case (res://main-autolysis/systems/quest-print-system/tests/quest_machine_behavior_test.gd:124)
       [5] _dispose (res://main-autolysis/systems/quest-print-system/tests/quest_machine_behavior_test.gd:425)
       [6] frames (res://main-autolysis/systems/quest-print-system/tests/quest_machine_behavior_test.gd:430)
ERROR: Node not found: "SlidingTimer" (relative to "/root/@Node3D@54/@CharacterBody3D@56").
   at: get_node (scene/main/node.cpp:1963)
   GDScript backtrace (most recent call first):
       [0] @implicit_ready (res://main-autolysis/player/autolysis_player.gd:126)
       [1] _prepare (res://main-autolysis/systems/quest-print-system/tests/quest_machine_behavior_test.gd:78)
       [2] _run_case (res://main-autolysis/systems/quest-print-system/tests/quest_machine_behavior_test.gd:115)
       [3] run_checks (res://main-autolysis/systems/quest-print-system/tests/quest_machine_behavior_test.gd:58)
       [4] _run_case (res://main-autolysis/systems/quest-print-system/tests/quest_machine_behavior_test.gd:124)
       [5] _dispose (res://main-autolysis/systems/quest-print-system/tests/quest_machine_behavior_test.gd:425)
       [6] frames (res://main-autolysis/systems/quest-print-system/tests/quest_machine_behavior_test.gd:430)
ERROR: Node not found: "JumpCooldownTimer" (relative to "/root/@Node3D@54/@CharacterBody3D@56").
   at: get_node (scene/main/node.cpp:1963)
   GDScript backtrace (most recent call first):
       [0] @implicit_ready (res://main-autolysis/player/autolysis_player.gd:127)
       [1] _prepare (res://main-autolysis/systems/quest-print-system/tests/quest_machine_behavior_test.gd:78)
       [2] _run_case (res://main-autolysis/systems/quest-print-system/tests/quest_machine_behavior_test.gd:115)
       [3] run_checks (res://main-autolysis/systems/quest-print-system/tests/quest_machine_behavior_test.gd:58)
       [4] _run_case (res://main-autolysis/systems/quest-print-system/tests/quest_machine_behavior_test.gd:124)
       [5] _dispose (res://main-autolysis/systems/quest-print-system/tests/quest_machine_behavior_test.gd:425)
       [6] frames (res://main-autolysis/systems/quest-print-system/tests/quest_machine_behavior_test.gd:430)
ERROR: Node not found: "DegaussPlayerFoundArea" (relative to "/root/@Node3D@54/@CharacterBody3D@56").
   at: get_node (scene/main/node.cpp:1963)
   GDScript backtrace (most recent call first):
       [0] @implicit_ready (res://main-autolysis/player/autolysis_player.gd:128)
       [1] _prepare (res://main-autolysis/systems/quest-print-system/tests/quest_machine_behavior_test.gd:78)
       [2] _run_case (res://main-autolysis/systems/quest-print-system/tests/quest_machine_behavior_test.gd:115)
       [3] run_checks (res://main-autolysis/systems/quest-print-system/tests/quest_machine_behavior_test.gd:58)
       [4] _run_case (res://main-autolysis/systems/quest-print-system/tests/quest_machine_behavior_test.gd:124)
       [5] _dispose (res://main-autolysis/systems/quest-print-system/tests/quest_machine_behavior_test.gd:425)
       [6] frames (res://main-autolysis/systems/quest-print-system/tests/quest_machine_behavior_test.gd:430)
ERROR: Node not found: "DegaussPlayerFoundArea/found_collision_standing" (relative to "/root/@Node3D@54/@CharacterBody3D@56").
   at: get_node (scene/main/node.cpp:1963)
   GDScript backtrace (most recent call first):
       [0] @implicit_ready (res://main-autolysis/player/autolysis_player.gd:129)
       [1] _prepare (res://main-autolysis/systems/quest-print-system/tests/quest_machine_behavior_test.gd:78)
       [2] _run_case (res://main-autolysis/systems/quest-print-system/tests/quest_machine_behavior_test.gd:115)
       [3] run_checks (res://main-autolysis/systems/quest-print-system/tests/quest_machine_behavior_test.gd:58)
       [4] _run_case (res://main-autolysis/systems/quest-print-system/tests/quest_machine_behavior_test.gd:124)
       [5] _dispose (res://main-autolysis/systems/quest-print-system/tests/quest_machine_behavior_test.gd:425)
       [6] frames (res://main-autolysis/systems/quest-print-system/tests/quest_machine_behavior_test.gd:430)
ERROR: Node not found: "DegaussPlayerFoundArea/found_collision_walking" (relative to "/root/@Node3D@54/@CharacterBody3D@56").
   at: get_node (scene/main/node.cpp:1963)
   GDScript backtrace (most recent call first):
       [0] @implicit_ready (res://main-autolysis/player/autolysis_player.gd:130)
       [1] _prepare (res://main-autolysis/systems/quest-print-system/tests/quest_machine_behavior_test.gd:78)
       [2] _run_case (res://main-autolysis/systems/quest-print-system/tests/quest_machine_behavior_test.gd:115)
       [3] run_checks (res://main-autolysis/systems/quest-print-system/tests/quest_machine_behavior_test.gd:58)
       [4] _run_case (res://main-autolysis/systems/quest-print-system/tests/quest_machine_behavior_test.gd:124)
       [5] _dispose (res://main-autolysis/systems/quest-print-system/tests/quest_machine_behavior_test.gd:425)
       [6] frames (res://main-autolysis/systems/quest-print-system/tests/quest_machine_behavior_test.gd:430)
ERROR: Node not found: "DegaussPlayerFoundArea/found_collision_crouching" (relative to "/root/@Node3D@54/@CharacterBody3D@56").
   at: get_node (scene/main/node.cpp:1963)
   GDScript backtrace (most recent call first):
       [0] @implicit_ready (res://main-autolysis/player/autolysis_player.gd:131)
       [1] _prepare (res://main-autolysis/systems/quest-print-system/tests/quest_machine_behavior_test.gd:78)
       [2] _run_case (res://main-autolysis/systems/quest-print-system/tests/quest_machine_behavior_test.gd:115)
       [3] run_checks (res://main-autolysis/systems/quest-print-system/tests/quest_machine_behavior_test.gd:58)
       [4] _run_case (res://main-autolysis/systems/quest-print-system/tests/quest_machine_behavior_test.gd:124)
       [5] _dispose (res://main-autolysis/systems/quest-print-system/tests/quest_machine_behavior_test.gd:425)
       [6] frames (res://main-autolysis/systems/quest-print-system/tests/quest_machine_behavior_test.gd:430)
ERROR: Node not found: "DegaussPlayerFoundArea/found_collision_running" (relative to "/root/@Node3D@54/@CharacterBody3D@56").
   at: get_node (scene/main/node.cpp:1963)
   GDScript backtrace (most recent call first):
       [0] @implicit_ready (res://main-autolysis/player/autolysis_player.gd:132)
       [1] _prepare (res://main-autolysis/systems/quest-print-system/tests/quest_machine_behavior_test.gd:78)
       [2] _run_case (res://main-autolysis/systems/quest-print-system/tests/quest_machine_behavior_test.gd:115)
       [3] run_checks (res://main-autolysis/systems/quest-print-system/tests/quest_machine_behavior_test.gd:58)
       [4] _run_case (res://main-autolysis/systems/quest-print-system/tests/quest_machine_behavior_test.gd:124)
       [5] _dispose (res://main-autolysis/systems/quest-print-system/tests/quest_machine_behavior_test.gd:425)
       [6] frames (res://main-autolysis/systems/quest-print-system/tests/quest_machine_behavior_test.gd:430)
ERROR: Node not found: "Body/Neck/Head/Eyes/Camera/InteractionRaycast" (relative to "/root/@Node3D@54/@CharacterBody3D@56").
   at: get_node (scene/main/node.cpp:1963)
   GDScript backtrace (most recent call first):
       [0] @implicit_ready (res://main-autolysis/player/autolysis_player.gd:135)
       [1] _prepare (res://main-autolysis/systems/quest-print-system/tests/quest_machine_behavior_test.gd:78)
       [2] _run_case (res://main-autolysis/systems/quest-print-system/tests/quest_machine_behavior_test.gd:115)
       [3] run_checks (res://main-autolysis/systems/quest-print-system/tests/quest_machine_behavior_test.gd:58)
       [4] _run_case (res://main-autolysis/systems/quest-print-system/tests/quest_machine_behavior_test.gd:124)
       [5] _dispose (res://main-autolysis/systems/quest-print-system/tests/quest_machine_behavior_test.gd:425)
       [6] frames (res://main-autolysis/systems/quest-print-system/tests/quest_machine_behavior_test.gd:430)
ERROR: Node not found: "InteractionController" (relative to "/root/@Node3D@54/@CharacterBody3D@56").
   at: get_node (scene/main/node.cpp:1963)
   GDScript backtrace (most recent call first):
       [0] @implicit_ready (res://main-autolysis/player/autolysis_player.gd:136)
       [1] _prepare (res://main-autolysis/systems/quest-print-system/tests/quest_machine_behavior_test.gd:78)
       [2] _run_case (res://main-autolysis/systems/quest-print-system/tests/quest_machine_behavior_test.gd:115)
       [3] run_checks (res://main-autolysis/systems/quest-print-system/tests/quest_machine_behavior_test.gd:58)
       [4] _run_case (res://main-autolysis/systems/quest-print-system/tests/quest_machine_behavior_test.gd:124)
       [5] _dispose (res://main-autolysis/systems/quest-print-system/tests/quest_machine_behavior_test.gd:425)
       [6] frames (res://main-autolysis/systems/quest-print-system/tests/quest_machine_behavior_test.gd:430)
ERROR: Node not found: "InteractionHUD/Crosshair" (relative to "/root/@Node3D@54/@CharacterBody3D@56").
   at: get_node (scene/main/node.cpp:1963)
   GDScript backtrace (most recent call first):
       [0] @implicit_ready (res://main-autolysis/player/autolysis_player.gd:137)
       [1] _prepare (res://main-autolysis/systems/quest-print-system/tests/quest_machine_behavior_test.gd:78)
       [2] _run_case (res://main-autolysis/systems/quest-print-system/tests/quest_machine_behavior_test.gd:115)
       [3] run_checks (res://main-autolysis/systems/quest-print-system/tests/quest_machine_behavior_test.gd:58)
       [4] _run_case (res://main-autolysis/systems/quest-print-system/tests/quest_machine_behavior_test.gd:124)
       [5] _dispose (res://main-autolysis/systems/quest-print-system/tests/quest_machine_behavior_test.gd:425)
       [6] frames (res://main-autolysis/systems/quest-print-system/tests/quest_machine_behavior_test.gd:430)
ERROR: Node not found: "%Wieldables" (relative to "/root/@Node3D@54/@CharacterBody3D@56").
   at: get_node (scene/main/node.cpp:1963)
   GDScript backtrace (most recent call first):
       [0] @implicit_ready (res://main-autolysis/player/autolysis_player.gd:138)
       [1] _prepare (res://main-autolysis/systems/quest-print-system/tests/quest_machine_behavior_test.gd:78)
       [2] _run_case (res://main-autolysis/systems/quest-print-system/tests/quest_machine_behavior_test.gd:115)
       [3] run_checks (res://main-autolysis/systems/quest-print-system/tests/quest_machine_behavior_test.gd:58)
       [4] _run_case (res://main-autolysis/systems/quest-print-system/tests/quest_machine_behavior_test.gd:124)
       [5] _dispose (res://main-autolysis/systems/quest-print-system/tests/quest_machine_behavior_test.gd:425)
       [6] frames (res://main-autolysis/systems/quest-print-system/tests/quest_machine_behavior_test.gd:430)
ERROR: Node not found: "InventoryController" (relative to "/root/@Node3D@54/@CharacterBody3D@56").
   at: get_node (scene/main/node.cpp:1963)
   GDScript backtrace (most recent call first):
       [0] @implicit_ready (res://main-autolysis/player/autolysis_player.gd:139)
       [1] _prepare (res://main-autolysis/systems/quest-print-system/tests/quest_machine_behavior_test.gd:78)
       [2] _run_case (res://main-autolysis/systems/quest-print-system/tests/quest_machine_behavior_test.gd:115)
       [3] run_checks (res://main-autolysis/systems/quest-print-system/tests/quest_machine_behavior_test.gd:58)
       [4] _run_case (res://main-autolysis/systems/quest-print-system/tests/quest_machine_behavior_test.gd:124)
       [5] _dispose (res://main-autolysis/systems/quest-print-system/tests/quest_machine_behavior_test.gd:425)
       [6] frames (res://main-autolysis/systems/quest-print-system/tests/quest_machine_behavior_test.gd:430)
ERROR: Node not found: "%HeldItemPresenter" (relative to "/root/@Node3D@54/@CharacterBody3D@56").
   at: get_node (scene/main/node.cpp:1963)
   GDScript backtrace (most recent call first):
       [0] @implicit_ready (res://main-autolysis/player/autolysis_player.gd:140)
       [1] _prepare (res://main-autolysis/systems/quest-print-system/tests/quest_machine_behavior_test.gd:78)
       [2] _run_case (res://main-autolysis/systems/quest-print-system/tests/quest_machine_behavior_test.gd:115)
       [3] run_checks (res://main-autolysis/systems/quest-print-system/tests/quest_machine_behavior_test.gd:58)
       [4] _run_case (res://main-autolysis/systems/quest-print-system/tests/quest_machine_behavior_test.gd:124)
       [5] _dispose (res://main-autolysis/systems/quest-print-system/tests/quest_machine_behavior_test.gd:425)
       [6] frames (res://main-autolysis/systems/quest-print-system/tests/quest_machine_behavior_test.gd:430)
ERROR: Node not found: "InventoryBar" (relative to "/root/@Node3D@54/@CharacterBody3D@56").
   at: get_node (scene/main/node.cpp:1963)
   GDScript backtrace (most recent call first):
       [0] @implicit_ready (res://main-autolysis/player/autolysis_player.gd:141)
       [1] _prepare (res://main-autolysis/systems/quest-print-system/tests/quest_machine_behavior_test.gd:78)
       [2] _run_case (res://main-autolysis/systems/quest-print-system/tests/quest_machine_behavior_test.gd:115)
       [3] run_checks (res://main-autolysis/systems/quest-print-system/tests/quest_machine_behavior_test.gd:58)
       [4] _run_case (res://main-autolysis/systems/quest-print-system/tests/quest_machine_behavior_test.gd:124)
       [5] _dispose (res://main-autolysis/systems/quest-print-system/tests/quest_machine_behavior_test.gd:425)
       [6] frames (res://main-autolysis/systems/quest-print-system/tests/quest_machine_behavior_test.gd:430)
ERROR: Node not found: "DialoguePlayer" (relative to "/root/@Node3D@54/@CharacterBody3D@56").
   at: get_node (scene/main/node.cpp:1963)
   GDScript backtrace (most recent call first):
       [0] @implicit_ready (res://main-autolysis/player/autolysis_player.gd:142)
       [1] _prepare (res://main-autolysis/systems/quest-print-system/tests/quest_machine_behavior_test.gd:78)
       [2] _run_case (res://main-autolysis/systems/quest-print-system/tests/quest_machine_behavior_test.gd:115)
       [3] run_checks (res://main-autolysis/systems/quest-print-system/tests/quest_machine_behavior_test.gd:58)
       [4] _run_case (res://main-autolysis/systems/quest-print-system/tests/quest_machine_behavior_test.gd:124)
       [5] _dispose (res://main-autolysis/systems/quest-print-system/tests/quest_machine_behavior_test.gd:425)
       [6] frames (res://main-autolysis/systems/quest-print-system/tests/quest_machine_behavior_test.gd:430)
ERROR: Node not found: "LiquidContentsPanel" (relative to "/root/@Node3D@54/@CharacterBody3D@56").
   at: get_node (scene/main/node.cpp:1963)
   GDScript backtrace (most recent call first):
       [0] @implicit_ready (res://main-autolysis/player/autolysis_player.gd:143)
       [1] _prepare (res://main-autolysis/systems/quest-print-system/tests/quest_machine_behavior_test.gd:78)
       [2] _run_case (res://main-autolysis/systems/quest-print-system/tests/quest_machine_behavior_test.gd:115)
       [3] run_checks (res://main-autolysis/systems/quest-print-system/tests/quest_machine_behavior_test.gd:58)
       [4] _run_case (res://main-autolysis/systems/quest-print-system/tests/quest_machine_behavior_test.gd:124)
       [5] _dispose (res://main-autolysis/systems/quest-print-system/tests/quest_machine_behavior_test.gd:425)
       [6] frames (res://main-autolysis/systems/quest-print-system/tests/quest_machine_behavior_test.gd:430)
ERROR: Node not found: "NavigationAgent3D" (relative to "/root/@Node3D@54/@CharacterBody3D@56").
   at: get_node (scene/main/node.cpp:1963)
   GDScript backtrace (most recent call first):
       [0] @implicit_ready (res://main-autolysis/player/autolysis_player.gd:144)
       [1] _prepare (res://main-autolysis/systems/quest-print-system/tests/quest_machine_behavior_test.gd:78)
       [2] _run_case (res://main-autolysis/systems/quest-print-system/tests/quest_machine_behavior_test.gd:115)
       [3] run_checks (res://main-autolysis/systems/quest-print-system/tests/quest_machine_behavior_test.gd:58)
       [4] _run_case (res://main-autolysis/systems/quest-print-system/tests/quest_machine_behavior_test.gd:124)
       [5] _dispose (res://main-autolysis/systems/quest-print-system/tests/quest_machine_behavior_test.gd:425)
       [6] frames (res://main-autolysis/systems/quest-print-system/tests/quest_machine_behavior_test.gd:430)
ERROR: Node not found: "FocusController" (relative to "/root/@Node3D@54/@CharacterBody3D@56").
   at: get_node (scene/main/node.cpp:1963)
   GDScript backtrace (most recent call first):
       [0] @implicit_ready (res://main-autolysis/player/autolysis_player.gd:145)
       [1] _prepare (res://main-autolysis/systems/quest-print-system/tests/quest_machine_behavior_test.gd:78)
       [2] _run_case (res://main-autolysis/systems/quest-print-system/tests/quest_machine_behavior_test.gd:115)
       [3] run_checks (res://main-autolysis/systems/quest-print-system/tests/quest_machine_behavior_test.gd:58)
       [4] _run_case (res://main-autolysis/systems/quest-print-system/tests/quest_machine_behavior_test.gd:124)
       [5] _dispose (res://main-autolysis/systems/quest-print-system/tests/quest_machine_behavior_test.gd:425)
       [6] frames (res://main-autolysis/systems/quest-print-system/tests/quest_machine_behavior_test.gd:430)
SCRIPT ERROR: Invalid assignment of property or key 'state' with value of type 'int' on a base object of type 'null instance'.
   at: _prepare (res://main-autolysis/systems/quest-print-system/tests/quest_machine_behavior_test.gd:83)
   GDScript backtrace (most recent call first):
       [0] _prepare (res://main-autolysis/systems/quest-print-system/tests/quest_machine_behavior_test.gd:83)
       [1] _run_case (res://main-autolysis/systems/quest-print-system/tests/quest_machine_behavior_test.gd:115)
       [2] run_checks (res://main-autolysis/systems/quest-print-system/tests/quest_machine_behavior_test.gd:58)
       [3] _run_case (res://main-autolysis/systems/quest-print-system/tests/quest_machine_behavior_test.gd:124)
       [4] _dispose (res://main-autolysis/systems/quest-print-system/tests/quest_machine_behavior_test.gd:425)
       [5] frames (res://main-autolysis/systems/quest-print-system/tests/quest_machine_behavior_test.gd:430)
ERROR: 失败：唯一按钮入口建立一份空白纸张
   at: push_error (core/variant/variant_utility.cpp:1024)
   GDScript backtrace (most recent call first):
       [0] check (res://main-autolysis/systems/quest-print-system/tests/quest_machine_behavior_test.gd:440)
       [1] _start (res://main-autolysis/systems/quest-print-system/tests/quest_machine_behavior_test.gd:108)
       [2] _run_case (res://main-autolysis/systems/quest-print-system/tests/quest_machine_behavior_test.gd:120)
       [3] run_checks (res://main-autolysis/systems/quest-print-system/tests/quest_machine_behavior_test.gd:58)
       [4] _run_case (res://main-autolysis/systems/quest-print-system/tests/quest_machine_behavior_test.gd:124)
       [5] _dispose (res://main-autolysis/systems/quest-print-system/tests/quest_machine_behavior_test.gd:425)
       [6] frames (res://main-autolysis/systems/quest-print-system/tests/quest_machine_behavior_test.gd:430)
SCRIPT ERROR: Invalid call. Nonexistent function 'get_visible_data_line_indices' in base 'Nil'.
   at: _start (res://main-autolysis/systems/quest-print-system/tests/quest_machine_behavior_test.gd:110)
   GDScript backtrace (most recent call first):
       [0] _start (res://main-autolysis/systems/quest-print-system/tests/quest_machine_behavior_test.gd:110)
       [1] _run_case (res://main-autolysis/systems/quest-print-system/tests/quest_machine_behavior_test.gd:120)
       [2] run_checks (res://main-autolysis/systems/quest-print-system/tests/quest_machine_behavior_test.gd:58)
       [3] _run_case (res://main-autolysis/systems/quest-print-system/tests/quest_machine_behavior_test.gd:124)
       [4] _dispose (res://main-autolysis/systems/quest-print-system/tests/quest_machine_behavior_test.gd:425)
       [5] frames (res://main-autolysis/systems/quest-print-system/tests/quest_machine_behavior_test.gd:430)
ERROR: Node not found: "FootstepPlayer" (relative to "/root/@Node3D@58/@CharacterBody3D@60").
   at: get_node (scene/main/node.cpp:1963)
   GDScript backtrace (most recent call first):
       [0] @implicit_ready (res://main-autolysis/player/autolysis_player.gd:116)
       [1] _prepare (res://main-autolysis/systems/quest-print-system/tests/quest_machine_behavior_test.gd:78)
       [2] _test_pending_and_snapshot (res://main-autolysis/systems/quest-print-system/tests/quest_machine_behavior_test.gd:196)
       [3] run_checks (res://main-autolysis/systems/quest-print-system/tests/quest_machine_behavior_test.gd:59)
       [4] _run_case (res://main-autolysis/systems/quest-print-system/tests/quest_machine_behavior_test.gd:124)
       [5] _dispose (res://main-autolysis/systems/quest-print-system/tests/quest_machine_behavior_test.gd:425)
       [6] frames (res://main-autolysis/systems/quest-print-system/tests/quest_machine_behavior_test.gd:430)
ERROR: Node not found: "Body" (relative to "/root/@Node3D@58/@CharacterBody3D@60").
   at: get_node (scene/main/node.cpp:1963)
   GDScript backtrace (most recent call first):
       [0] @implicit_ready (res://main-autolysis/player/autolysis_player.gd:117)
       [1] _prepare (res://main-autolysis/systems/quest-print-system/tests/quest_machine_behavior_test.gd:78)
       [2] _test_pending_and_snapshot (res://main-autolysis/systems/quest-print-system/tests/quest_machine_behavior_test.gd:196)
       [3] run_checks (res://main-autolysis/systems/quest-print-system/tests/quest_machine_behavior_test.gd:59)
       [4] _run_case (res://main-autolysis/systems/quest-print-system/tests/quest_machine_behavior_test.gd:124)
       [5] _dispose (res://main-autolysis/systems/quest-print-system/tests/quest_machine_behavior_test.gd:425)
       [6] frames (res://main-autolysis/systems/quest-print-system/tests/quest_machine_behavior_test.gd:430)
ERROR: Node not found: "Body/Neck" (relative to "/root/@Node3D@58/@CharacterBody3D@60").
   at: get_node (scene/main/node.cpp:1963)
   GDScript backtrace (most recent call first):
       [0] @implicit_ready (res://main-autolysis/player/autolysis_player.gd:118)
       [1] _prepare (res://main-autolysis/systems/quest-print-system/tests/quest_machine_behavior_test.gd:78)
       [2] _test_pending_and_snapshot (res://main-autolysis/systems/quest-print-system/tests/quest_machine_behavior_test.gd:196)
       [3] run_checks (res://main-autolysis/systems/quest-print-system/tests/quest_machine_behavior_test.gd:59)
       [4] _run_case (res://main-autolysis/systems/quest-print-system/tests/quest_machine_behavior_test.gd:124)
       [5] _dispose (res://main-autolysis/systems/quest-print-system/tests/quest_machine_behavior_test.gd:425)
       [6] frames (res://main-autolysis/systems/quest-print-system/tests/quest_machine_behavior_test.gd:430)
ERROR: Node not found: "Body/Neck/Head" (relative to "/root/@Node3D@58/@CharacterBody3D@60").
   at: get_node (scene/main/node.cpp:1963)
   GDScript backtrace (most recent call first):
       [0] @implicit_ready (res://main-autolysis/player/autolysis_player.gd:119)
       [1] _prepare (res://main-autolysis/systems/quest-print-system/tests/quest_machine_behavior_test.gd:78)
       [2] _test_pending_and_snapshot (res://main-autolysis/systems/quest-print-system/tests/quest_machine_behavior_test.gd:196)
       [3] run_checks (res://main-autolysis/systems/quest-print-system/tests/quest_machine_behavior_test.gd:59)
       [4] _run_case (res://main-autolysis/systems/quest-print-system/tests/quest_machine_behavior_test.gd:124)
       [5] _dispose (res://main-autolysis/systems/quest-print-system/tests/quest_machine_behavior_test.gd:425)
       [6] frames (res://main-autolysis/systems/quest-print-system/tests/quest_machine_behavior_test.gd:430)
ERROR: Node not found: "Body/Neck/Head/Eyes" (relative to "/root/@Node3D@58/@CharacterBody3D@60").
   at: get_node (scene/main/node.cpp:1963)
   GDScript backtrace (most recent call first):
       [0] @implicit_ready (res://main-autolysis/player/autolysis_player.gd:120)
       [1] _prepare (res://main-autolysis/systems/quest-print-system/tests/quest_machine_behavior_test.gd:78)
       [2] _test_pending_and_snapshot (res://main-autolysis/systems/quest-print-system/tests/quest_machine_behavior_test.gd:196)
       [3] run_checks (res://main-autolysis/systems/quest-print-system/tests/quest_machine_behavior_test.gd:59)
       [4] _run_case (res://main-autolysis/systems/quest-print-system/tests/quest_machine_behavior_test.gd:124)
       [5] _dispose (res://main-autolysis/systems/quest-print-system/tests/quest_machine_behavior_test.gd:425)
       [6] frames (res://main-autolysis/systems/quest-print-system/tests/quest_machine_behavior_test.gd:430)
ERROR: Node not found: "Body/Neck/Head/Eyes/Camera" (relative to "/root/@Node3D@58/@CharacterBody3D@60").
   at: get_node (scene/main/node.cpp:1963)
   GDScript backtrace (most recent call first):
       [0] @implicit_ready (res://main-autolysis/player/autolysis_player.gd:121)
       [1] _prepare (res://main-autolysis/systems/quest-print-system/tests/quest_machine_behavior_test.gd:78)
       [2] _test_pending_and_snapshot (res://main-autolysis/systems/quest-print-system/tests/quest_machine_behavior_test.gd:196)
       [3] run_checks (res://main-autolysis/systems/quest-print-system/tests/quest_machine_behavior_test.gd:59)
       [4] _run_case (res://main-autolysis/systems/quest-print-system/tests/quest_machine_behavior_test.gd:124)
       [5] _dispose (res://main-autolysis/systems/quest-print-system/tests/quest_machine_behavior_test.gd:425)
       [6] frames (res://main-autolysis/systems/quest-print-system/tests/quest_machine_behavior_test.gd:430)
ERROR: Node not found: "Body/Neck/Head/Eyes/AnimationPlayer" (relative to "/root/@Node3D@58/@CharacterBody3D@60").
   at: get_node (scene/main/node.cpp:1963)
   GDScript backtrace (most recent call first):
       [0] @implicit_ready (res://main-autolysis/player/autolysis_player.gd:122)
       [1] _prepare (res://main-autolysis/systems/quest-print-system/tests/quest_machine_behavior_test.gd:78)
       [2] _test_pending_and_snapshot (res://main-autolysis/systems/quest-print-system/tests/quest_machine_behavior_test.gd:196)
       [3] run_checks (res://main-autolysis/systems/quest-print-system/tests/quest_machine_behavior_test.gd:59)
       [4] _run_case (res://main-autolysis/systems/quest-print-system/tests/quest_machine_behavior_test.gd:124)
       [5] _dispose (res://main-autolysis/systems/quest-print-system/tests/quest_machine_behavior_test.gd:425)
       [6] frames (res://main-autolysis/systems/quest-print-system/tests/quest_machine_behavior_test.gd:430)
ERROR: Node not found: "StandingCollisionShape" (relative to "/root/@Node3D@58/@CharacterBody3D@60").
   at: get_node (scene/main/node.cpp:1963)
   GDScript backtrace (most recent call first):
       [0] @implicit_ready (res://main-autolysis/player/autolysis_player.gd:123)
       [1] _prepare (res://main-autolysis/systems/quest-print-system/tests/quest_machine_behavior_test.gd:78)
       [2] _test_pending_and_snapshot (res://main-autolysis/systems/quest-print-system/tests/quest_machine_behavior_test.gd:196)
       [3] run_checks (res://main-autolysis/systems/quest-print-system/tests/quest_machine_behavior_test.gd:59)
       [4] _run_case (res://main-autolysis/systems/quest-print-system/tests/quest_machine_behavior_test.gd:124)
       [5] _dispose (res://main-autolysis/systems/quest-print-system/tests/quest_machine_behavior_test.gd:425)
       [6] frames (res://main-autolysis/systems/quest-print-system/tests/quest_machine_behavior_test.gd:430)
ERROR: Node not found: "CrouchingCollisionShape" (relative to "/root/@Node3D@58/@CharacterBody3D@60").
   at: get_node (scene/main/node.cpp:1963)
   GDScript backtrace (most recent call first):
       [0] @implicit_ready (res://main-autolysis/player/autolysis_player.gd:124)
       [1] _prepare (res://main-autolysis/systems/quest-print-system/tests/quest_machine_behavior_test.gd:78)
       [2] _test_pending_and_snapshot (res://main-autolysis/systems/quest-print-system/tests/quest_machine_behavior_test.gd:196)
       [3] run_checks (res://main-autolysis/systems/quest-print-system/tests/quest_machine_behavior_test.gd:59)
       [4] _run_case (res://main-autolysis/systems/quest-print-system/tests/quest_machine_behavior_test.gd:124)
       [5] _dispose (res://main-autolysis/systems/quest-print-system/tests/quest_machine_behavior_test.gd:425)
       [6] frames (res://main-autolysis/systems/quest-print-system/tests/quest_machine_behavior_test.gd:430)
ERROR: Node not found: "CrouchRayCast" (relative to "/root/@Node3D@58/@CharacterBody3D@60").
   at: get_node (scene/main/node.cpp:1963)
   GDScript backtrace (most recent call first):
       [0] @implicit_ready (res://main-autolysis/player/autolysis_player.gd:125)
       [1] _prepare (res://main-autolysis/systems/quest-print-system/tests/quest_machine_behavior_test.gd:78)
       [2] _test_pending_and_snapshot (res://main-autolysis/systems/quest-print-system/tests/quest_machine_behavior_test.gd:196)
       [3] run_checks (res://main-autolysis/systems/quest-print-system/tests/quest_machine_behavior_test.gd:59)
       [4] _run_case (res://main-autolysis/systems/quest-print-system/tests/quest_machine_behavior_test.gd:124)
       [5] _dispose (res://main-autolysis/systems/quest-print-system/tests/quest_machine_behavior_test.gd:425)
       [6] frames (res://main-autolysis/systems/quest-print-system/tests/quest_machine_behavior_test.gd:430)
ERROR: Node not found: "SlidingTimer" (relative to "/root/@Node3D@58/@CharacterBody3D@60").
   at: get_node (scene/main/node.cpp:1963)
   GDScript backtrace (most recent call first):
       [0] @implicit_ready (res://main-autolysis/player/autolysis_player.gd:126)
       [1] _prepare (res://main-autolysis/systems/quest-print-system/tests/quest_machine_behavior_test.gd:78)
       [2] _test_pending_and_snapshot (res://main-autolysis/systems/quest-print-system/tests/quest_machine_behavior_test.gd:196)
       [3] run_checks (res://main-autolysis/systems/quest-print-system/tests/quest_machine_behavior_test.gd:59)
       [4] _run_case (res://main-autolysis/systems/quest-print-system/tests/quest_machine_behavior_test.gd:124)
       [5] _dispose (res://main-autolysis/systems/quest-print-system/tests/quest_machine_behavior_test.gd:425)
       [6] frames (res://main-autolysis/systems/quest-print-system/tests/quest_machine_behavior_test.gd:430)
ERROR: Node not found: "JumpCooldownTimer" (relative to "/root/@Node3D@58/@CharacterBody3D@60").
   at: get_node (scene/main/node.cpp:1963)
   GDScript backtrace (most recent call first):
       [0] @implicit_ready (res://main-autolysis/player/autolysis_player.gd:127)
       [1] _prepare (res://main-autolysis/systems/quest-print-system/tests/quest_machine_behavior_test.gd:78)
       [2] _test_pending_and_snapshot (res://main-autolysis/systems/quest-print-system/tests/quest_machine_behavior_test.gd:196)
       [3] run_checks (res://main-autolysis/systems/quest-print-system/tests/quest_machine_behavior_test.gd:59)
       [4] _run_case (res://main-autolysis/systems/quest-print-system/tests/quest_machine_behavior_test.gd:124)
       [5] _dispose (res://main-autolysis/systems/quest-print-system/tests/quest_machine_behavior_test.gd:425)
       [6] frames (res://main-autolysis/systems/quest-print-system/tests/quest_machine_behavior_test.gd:430)
ERROR: Node not found: "DegaussPlayerFoundArea" (relative to "/root/@Node3D@58/@CharacterBody3D@60").
   at: get_node (scene/main/node.cpp:1963)
   GDScript backtrace (most recent call first):
       [0] @implicit_ready (res://main-autolysis/player/autolysis_player.gd:128)
       [1] _prepare (res://main-autolysis/systems/quest-print-system/tests/quest_machine_behavior_test.gd:78)
       [2] _test_pending_and_snapshot (res://main-autolysis/systems/quest-print-system/tests/quest_machine_behavior_test.gd:196)
       [3] run_checks (res://main-autolysis/systems/quest-print-system/tests/quest_machine_behavior_test.gd:59)
       [4] _run_case (res://main-autolysis/systems/quest-print-system/tests/quest_machine_behavior_test.gd:124)
       [5] _dispose (res://main-autolysis/systems/quest-print-system/tests/quest_machine_behavior_test.gd:425)
       [6] frames (res://main-autolysis/systems/quest-print-system/tests/quest_machine_behavior_test.gd:430)
ERROR: Node not found: "DegaussPlayerFoundArea/found_collision_standing" (relative to "/root/@Node3D@58/@CharacterBody3D@60").
   at: get_node (scene/main/node.cpp:1963)
   GDScript backtrace (most recent call first):
       [0] @implicit_ready (res://main-autolysis/player/autolysis_player.gd:129)
       [1] _prepare (res://main-autolysis/systems/quest-print-system/tests/quest_machine_behavior_test.gd:78)
       [2] _test_pending_and_snapshot (res://main-autolysis/systems/quest-print-system/tests/quest_machine_behavior_test.gd:196)
       [3] run_checks (res://main-autolysis/systems/quest-print-system/tests/quest_machine_behavior_test.gd:59)
       [4] _run_case (res://main-autolysis/systems/quest-print-system/tests/quest_machine_behavior_test.gd:124)
       [5] _dispose (res://main-autolysis/systems/quest-print-system/tests/quest_machine_behavior_test.gd:425)
       [6] frames (res://main-autolysis/systems/quest-print-system/tests/quest_machine_behavior_test.gd:430)
ERROR: Node not found: "DegaussPlayerFoundArea/found_collision_walking" (relative to "/root/@Node3D@58/@CharacterBody3D@60").
   at: get_node (scene/main/node.cpp:1963)
   GDScript backtrace (most recent call first):
       [0] @implicit_ready (res://main-autolysis/player/autolysis_player.gd:130)
       [1] _prepare (res://main-autolysis/systems/quest-print-system/tests/quest_machine_behavior_test.gd:78)
       [2] _test_pending_and_snapshot (res://main-autolysis/systems/quest-print-system/tests/quest_machine_behavior_test.gd:196)
       [3] run_checks (res://main-autolysis/systems/quest-print-system/tests/quest_machine_behavior_test.gd:59)
       [4] _run_case (res://main-autolysis/systems/quest-print-system/tests/quest_machine_behavior_test.gd:124)
       [5] _dispose (res://main-autolysis/systems/quest-print-system/tests/quest_machine_behavior_test.gd:425)
       [6] frames (res://main-autolysis/systems/quest-print-system/tests/quest_machine_behavior_test.gd:430)
ERROR: Node not found: "DegaussPlayerFoundArea/found_collision_crouching" (relative to "/root/@Node3D@58/@CharacterBody3D@60").
   at: get_node (scene/main/node.cpp:1963)
   GDScript backtrace (most recent call first):
       [0] @implicit_ready (res://main-autolysis/player/autolysis_player.gd:131)
       [1] _prepare (res://main-autolysis/systems/quest-print-system/tests/quest_machine_behavior_test.gd:78)
       [2] _test_pending_and_snapshot (res://main-autolysis/systems/quest-print-system/tests/quest_machine_behavior_test.gd:196)
       [3] run_checks (res://main-autolysis/systems/quest-print-system/tests/quest_machine_behavior_test.gd:59)
       [4] _run_case (res://main-autolysis/systems/quest-print-system/tests/quest_machine_behavior_test.gd:124)
       [5] _dispose (res://main-autolysis/systems/quest-print-system/tests/quest_machine_behavior_test.gd:425)
       [6] frames (res://main-autolysis/systems/quest-print-system/tests/quest_machine_behavior_test.gd:430)
ERROR: Node not found: "DegaussPlayerFoundArea/found_collision_running" (relative to "/root/@Node3D@58/@CharacterBody3D@60").
   at: get_node (scene/main/node.cpp:1963)
   GDScript backtrace (most recent call first):
       [0] @implicit_ready (res://main-autolysis/player/autolysis_player.gd:132)
       [1] _prepare (res://main-autolysis/systems/quest-print-system/tests/quest_machine_behavior_test.gd:78)
       [2] _test_pending_and_snapshot (res://main-autolysis/systems/quest-print-system/tests/quest_machine_behavior_test.gd:196)
       [3] run_checks (res://main-autolysis/systems/quest-print-system/tests/quest_machine_behavior_test.gd:59)
       [4] _run_case (res://main-autolysis/systems/quest-print-system/tests/quest_machine_behavior_test.gd:124)
       [5] _dispose (res://main-autolysis/systems/quest-print-system/tests/quest_machine_behavior_test.gd:425)
       [6] frames (res://main-autolysis/systems/quest-print-system/tests/quest_machine_behavior_test.gd:430)
ERROR: Node not found: "Body/Neck/Head/Eyes/Camera/InteractionRaycast" (relative to "/root/@Node3D@58/@CharacterBody3D@60").
   at: get_node (scene/main/node.cpp:1963)
   GDScript backtrace (most recent call first):
       [0] @implicit_ready (res://main-autolysis/player/autolysis_player.gd:135)
       [1] _prepare (res://main-autolysis/systems/quest-print-system/tests/quest_machine_behavior_test.gd:78)
       [2] _test_pending_and_snapshot (res://main-autolysis/systems/quest-print-system/tests/quest_machine_behavior_test.gd:196)
       [3] run_checks (res://main-autolysis/systems/quest-print-system/tests/quest_machine_behavior_test.gd:59)
       [4] _run_case (res://main-autolysis/systems/quest-print-system/tests/quest_machine_behavior_test.gd:124)
       [5] _dispose (res://main-autolysis/systems/quest-print-system/tests/quest_machine_behavior_test.gd:425)
       [6] frames (res://main-autolysis/systems/quest-print-system/tests/quest_machine_behavior_test.gd:430)
ERROR: Node not found: "InteractionController" (relative to "/root/@Node3D@58/@CharacterBody3D@60").
   at: get_node (scene/main/node.cpp:1963)
   GDScript backtrace (most recent call first):
       [0] @implicit_ready (res://main-autolysis/player/autolysis_player.gd:136)
       [1] _prepare (res://main-autolysis/systems/quest-print-system/tests/quest_machine_behavior_test.gd:78)
       [2] _test_pending_and_snapshot (res://main-autolysis/systems/quest-print-system/tests/quest_machine_behavior_test.gd:196)
       [3] run_checks (res://main-autolysis/systems/quest-print-system/tests/quest_machine_behavior_test.gd:59)
       [4] _run_case (res://main-autolysis/systems/quest-print-system/tests/quest_machine_behavior_test.gd:124)
       [5] _dispose (res://main-autolysis/systems/quest-print-system/tests/quest_machine_behavior_test.gd:425)
       [6] frames (res://main-autolysis/systems/quest-print-system/tests/quest_machine_behavior_test.gd:430)
ERROR: Node not found: "InteractionHUD/Crosshair" (relative to "/root/@Node3D@58/@CharacterBody3D@60").
   at: get_node (scene/main/node.cpp:1963)
   GDScript backtrace (most recent call first):
       [0] @implicit_ready (res://main-autolysis/player/autolysis_player.gd:137)
       [1] _prepare (res://main-autolysis/systems/quest-print-system/tests/quest_machine_behavior_test.gd:78)
       [2] _test_pending_and_snapshot (res://main-autolysis/systems/quest-print-system/tests/quest_machine_behavior_test.gd:196)
       [3] run_checks (res://main-autolysis/systems/quest-print-system/tests/quest_machine_behavior_test.gd:59)
       [4] _run_case (res://main-autolysis/systems/quest-print-system/tests/quest_machine_behavior_test.gd:124)
       [5] _dispose (res://main-autolysis/systems/quest-print-system/tests/quest_machine_behavior_test.gd:425)
       [6] frames (res://main-autolysis/systems/quest-print-system/tests/quest_machine_behavior_test.gd:430)
ERROR: Node not found: "%Wieldables" (relative to "/root/@Node3D@58/@CharacterBody3D@60").
   at: get_node (scene/main/node.cpp:1963)
   GDScript backtrace (most recent call first):
       [0] @implicit_ready (res://main-autolysis/player/autolysis_player.gd:138)
       [1] _prepare (res://main-autolysis/systems/quest-print-system/tests/quest_machine_behavior_test.gd:78)
       [2] _test_pending_and_snapshot (res://main-autolysis/systems/quest-print-system/tests/quest_machine_behavior_test.gd:196)
       [3] run_checks (res://main-autolysis/systems/quest-print-system/tests/quest_machine_behavior_test.gd:59)
       [4] _run_case (res://main-autolysis/systems/quest-print-system/tests/quest_machine_behavior_test.gd:124)
       [5] _dispose (res://main-autolysis/systems/quest-print-system/tests/quest_machine_behavior_test.gd:425)
       [6] frames (res://main-autolysis/systems/quest-print-system/tests/quest_machine_behavior_test.gd:430)
ERROR: Node not found: "InventoryController" (relative to "/root/@Node3D@58/@CharacterBody3D@60").
   at: get_node (scene/main/node.cpp:1963)
   GDScript backtrace (most recent call first):
       [0] @implicit_ready (res://main-autolysis/player/autolysis_player.gd:139)
       [1] _prepare (res://main-autolysis/systems/quest-print-system/tests/quest_machine_behavior_test.gd:78)
       [2] _test_pending_and_snapshot (res://main-autolysis/systems/quest-print-system/tests/quest_machine_behavior_test.gd:196)
       [3] run_checks (res://main-autolysis/systems/quest-print-system/tests/quest_machine_behavior_test.gd:59)
       [4] _run_case (res://main-autolysis/systems/quest-print-system/tests/quest_machine_behavior_test.gd:124)
       [5] _dispose (res://main-autolysis/systems/quest-print-system/tests/quest_machine_behavior_test.gd:425)
       [6] frames (res://main-autolysis/systems/quest-print-system/tests/quest_machine_behavior_test.gd:430)
ERROR: Node not found: "%HeldItemPresenter" (relative to "/root/@Node3D@58/@CharacterBody3D@60").
   at: get_node (scene/main/node.cpp:1963)
   GDScript backtrace (most recent call first):
       [0] @implicit_ready (res://main-autolysis/player/autolysis_player.gd:140)
       [1] _prepare (res://main-autolysis/systems/quest-print-system/tests/quest_machine_behavior_test.gd:78)
       [2] _test_pending_and_snapshot (res://main-autolysis/systems/quest-print-system/tests/quest_machine_behavior_test.gd:196)
       [3] run_checks (res://main-autolysis/systems/quest-print-system/tests/quest_machine_behavior_test.gd:59)
       [4] _run_case (res://main-autolysis/systems/quest-print-system/tests/quest_machine_behavior_test.gd:124)
       [5] _dispose (res://main-autolysis/systems/quest-print-system/tests/quest_machine_behavior_test.gd:425)
       [6] frames (res://main-autolysis/systems/quest-print-system/tests/quest_machine_behavior_test.gd:430)
ERROR: Node not found: "InventoryBar" (relative to "/root/@Node3D@58/@CharacterBody3D@60").
   at: get_node (scene/main/node.cpp:1963)
   GDScript backtrace (most recent call first):
       [0] @implicit_ready (res://main-autolysis/player/autolysis_player.gd:141)
       [1] _prepare (res://main-autolysis/systems/quest-print-system/tests/quest_machine_behavior_test.gd:78)
       [2] _test_pending_and_snapshot (res://main-autolysis/systems/quest-print-system/tests/quest_machine_behavior_test.gd:196)
       [3] run_checks (res://main-autolysis/systems/quest-print-system/tests/quest_machine_behavior_test.gd:59)
       [4] _run_case (res://main-autolysis/systems/quest-print-system/tests/quest_machine_behavior_test.gd:124)
       [5] _dispose (res://main-autolysis/systems/quest-print-system/tests/quest_machine_behavior_test.gd:425)
       [6] frames (res://main-autolysis/systems/quest-print-system/tests/quest_machine_behavior_test.gd:430)
ERROR: Node not found: "DialoguePlayer" (relative to "/root/@Node3D@58/@CharacterBody3D@60").
   at: get_node (scene/main/node.cpp:1963)
   GDScript backtrace (most recent call first):
       [0] @implicit_ready (res://main-autolysis/player/autolysis_player.gd:142)
       [1] _prepare (res://main-autolysis/systems/quest-print-system/tests/quest_machine_behavior_test.gd:78)
       [2] _test_pending_and_snapshot (res://main-autolysis/systems/quest-print-system/tests/quest_machine_behavior_test.gd:196)
       [3] run_checks (res://main-autolysis/systems/quest-print-system/tests/quest_machine_behavior_test.gd:59)
       [4] _run_case (res://main-autolysis/systems/quest-print-system/tests/quest_machine_behavior_test.gd:124)
       [5] _dispose (res://main-autolysis/systems/quest-print-system/tests/quest_machine_behavior_test.gd:425)
       [6] frames (res://main-autolysis/systems/quest-print-system/tests/quest_machine_behavior_test.gd:430)
ERROR: Node not found: "LiquidContentsPanel" (relative to "/root/@Node3D@58/@CharacterBody3D@60").
   at: get_node (scene/main/node.cpp:1963)
   GDScript backtrace (most recent call first):
       [0] @implicit_ready (res://main-autolysis/player/autolysis_player.gd:143)
       [1] _prepare (res://main-autolysis/systems/quest-print-system/tests/quest_machine_behavior_test.gd:78)
       [2] _test_pending_and_snapshot (res://main-autolysis/systems/quest-print-system/tests/quest_machine_behavior_test.gd:196)
       [3] run_checks (res://main-autolysis/systems/quest-print-system/tests/quest_machine_behavior_test.gd:59)
       [4] _run_case (res://main-autolysis/systems/quest-print-system/tests/quest_machine_behavior_test.gd:124)
       [5] _dispose (res://main-autolysis/systems/quest-print-system/tests/quest_machine_behavior_test.gd:425)
       [6] frames (res://main-autolysis/systems/quest-print-system/tests/quest_machine_behavior_test.gd:430)
ERROR: Node not found: "NavigationAgent3D" (relative to "/root/@Node3D@58/@CharacterBody3D@60").
   at: get_node (scene/main/node.cpp:1963)
   GDScript backtrace (most recent call first):
       [0] @implicit_ready (res://main-autolysis/player/autolysis_player.gd:144)
       [1] _prepare (res://main-autolysis/systems/quest-print-system/tests/quest_machine_behavior_test.gd:78)
       [2] _test_pending_and_snapshot (res://main-autolysis/systems/quest-print-system/tests/quest_machine_behavior_test.gd:196)
       [3] run_checks (res://main-autolysis/systems/quest-print-system/tests/quest_machine_behavior_test.gd:59)
       [4] _run_case (res://main-autolysis/systems/quest-print-system/tests/quest_machine_behavior_test.gd:124)
       [5] _dispose (res://main-autolysis/systems/quest-print-system/tests/quest_machine_behavior_test.gd:425)
       [6] frames (res://main-autolysis/systems/quest-print-system/tests/quest_machine_behavior_test.gd:430)
ERROR: Node not found: "FocusController" (relative to "/root/@Node3D@58/@CharacterBody3D@60").
   at: get_node (scene/main/node.cpp:1963)
   GDScript backtrace (most recent call first):
       [0] @implicit_ready (res://main-autolysis/player/autolysis_player.gd:145)
       [1] _prepare (res://main-autolysis/systems/quest-print-system/tests/quest_machine_behavior_test.gd:78)
       [2] _test_pending_and_snapshot (res://main-autolysis/systems/quest-print-system/tests/quest_machine_behavior_test.gd:196)
       [3] run_checks (res://main-autolysis/systems/quest-print-system/tests/quest_machine_behavior_test.gd:59)
       [4] _run_case (res://main-autolysis/systems/quest-print-system/tests/quest_machine_behavior_test.gd:124)
       [5] _dispose (res://main-autolysis/systems/quest-print-system/tests/quest_machine_behavior_test.gd:425)
       [6] frames (res://main-autolysis/systems/quest-print-system/tests/quest_machine_behavior_test.gd:430)
SCRIPT ERROR: Invalid assignment of property or key 'state' with value of type 'int' on a base object of type 'null instance'.
   at: _prepare (res://main-autolysis/systems/quest-print-system/tests/quest_machine_behavior_test.gd:83)
   GDScript backtrace (most recent call first):
       [0] _prepare (res://main-autolysis/systems/quest-print-system/tests/quest_machine_behavior_test.gd:83)
       [1] _test_pending_and_snapshot (res://main-autolysis/systems/quest-print-system/tests/quest_machine_behavior_test.gd:196)
       [2] run_checks (res://main-autolysis/systems/quest-print-system/tests/quest_machine_behavior_test.gd:59)
       [3] _run_case (res://main-autolysis/systems/quest-print-system/tests/quest_machine_behavior_test.gd:124)
       [4] _dispose (res://main-autolysis/systems/quest-print-system/tests/quest_machine_behavior_test.gd:425)
       [5] frames (res://main-autolysis/systems/quest-print-system/tests/quest_machine_behavior_test.gd:430)
SCRIPT ERROR: Invalid assignment of property or key 'state' with value of type 'int' on a base object of type 'null instance'.
   at: _test_pending_and_snapshot (res://main-autolysis/systems/quest-print-system/tests/quest_machine_behavior_test.gd:201)
   GDScript backtrace (most recent call first):
       [0] _test_pending_and_snapshot (res://main-autolysis/systems/quest-print-system/tests/quest_machine_behavior_test.gd:201)
       [1] run_checks (res://main-autolysis/systems/quest-print-system/tests/quest_machine_behavior_test.gd:59)
       [2] _run_case (res://main-autolysis/systems/quest-print-system/tests/quest_machine_behavior_test.gd:124)
       [3] _dispose (res://main-autolysis/systems/quest-print-system/tests/quest_machine_behavior_test.gd:425)
       [4] frames (res://main-autolysis/systems/quest-print-system/tests/quest_machine_behavior_test.gd:430)
ERROR: Node not found: "FootstepPlayer" (relative to "/root/@Node3D@61/@CharacterBody3D@63").
   at: get_node (scene/main/node.cpp:1963)
   GDScript backtrace (most recent call first):
       [0] @implicit_ready (res://main-autolysis/player/autolysis_player.gd:116)
       [1] _prepare (res://main-autolysis/systems/quest-print-system/tests/quest_machine_behavior_test.gd:78)
       [2] _test_pause_matrix (res://main-autolysis/systems/quest-print-system/tests/quest_machine_behavior_test.gd:216)
       [3] run_checks (res://main-autolysis/systems/quest-print-system/tests/quest_machine_behavior_test.gd:60)
       [4] _run_case (res://main-autolysis/systems/quest-print-system/tests/quest_machine_behavior_test.gd:124)
       [5] _dispose (res://main-autolysis/systems/quest-print-system/tests/quest_machine_behavior_test.gd:425)
       [6] frames (res://main-autolysis/systems/quest-print-system/tests/quest_machine_behavior_test.gd:430)
ERROR: Node not found: "Body" (relative to "/root/@Node3D@61/@CharacterBody3D@63").
   at: get_node (scene/main/node.cpp:1963)
   GDScript backtrace (most recent call first):
       [0] @implicit_ready (res://main-autolysis/player/autolysis_player.gd:117)
       [1] _prepare (res://main-autolysis/systems/quest-print-system/tests/quest_machine_behavior_test.gd:78)
       [2] _test_pause_matrix (res://main-autolysis/systems/quest-print-system/tests/quest_machine_behavior_test.gd:216)
       [3] run_checks (res://main-autolysis/systems/quest-print-system/tests/quest_machine_behavior_test.gd:60)
       [4] _run_case (res://main-autolysis/systems/quest-print-system/tests/quest_machine_behavior_test.gd:124)
       [5] _dispose (res://main-autolysis/systems/quest-print-system/tests/quest_machine_behavior_test.gd:425)
       [6] frames (res://main-autolysis/systems/quest-print-system/tests/quest_machine_behavior_test.gd:430)
ERROR: Node not found: "Body/Neck" (relative to "/root/@Node3D@61/@CharacterBody3D@63").
   at: get_node (scene/main/node.cpp:1963)
   GDScript backtrace (most recent call first):
       [0] @implicit_ready (res://main-autolysis/player/autolysis_player.gd:118)
       [1] _prepare (res://main-autolysis/systems/quest-print-system/tests/quest_machine_behavior_test.gd:78)
       [2] _test_pause_matrix (res://main-autolysis/systems/quest-print-system/tests/quest_machine_behavior_test.gd:216)
       [3] run_checks (res://main-autolysis/systems/quest-print-system/tests/quest_machine_behavior_test.gd:60)
       [4] _run_case (res://main-autolysis/systems/quest-print-system/tests/quest_machine_behavior_test.gd:124)
       [5] _dispose (res://main-autolysis/systems/quest-print-system/tests/quest_machine_behavior_test.gd:425)
       [6] frames (res://main-autolysis/systems/quest-print-system/tests/quest_machine_behavior_test.gd:430)
ERROR: Node not found: "Body/Neck/Head" (relative to "/root/@Node3D@61/@CharacterBody3D@63").
   at: get_node (scene/main/node.cpp:1963)
   GDScript backtrace (most recent call first):
       [0] @implicit_ready (res://main-autolysis/player/autolysis_player.gd:119)
       [1] _prepare (res://main-autolysis/systems/quest-print-system/tests/quest_machine_behavior_test.gd:78)
       [2] _test_pause_matrix (res://main-autolysis/systems/quest-print-system/tests/quest_machine_behavior_test.gd:216)
       [3] run_checks (res://main-autolysis/systems/quest-print-system/tests/quest_machine_behavior_test.gd:60)
       [4] _run_case (res://main-autolysis/systems/quest-print-system/tests/quest_machine_behavior_test.gd:124)
       [5] _dispose (res://main-autolysis/systems/quest-print-system/tests/quest_machine_behavior_test.gd:425)
       [6] frames (res://main-autolysis/systems/quest-print-system/tests/quest_machine_behavior_test.gd:430)
ERROR: Node not found: "Body/Neck/Head/Eyes" (relative to "/root/@Node3D@61/@CharacterBody3D@63").
   at: get_node (scene/main/node.cpp:1963)
   GDScript backtrace (most recent call first):
       [0] @implicit_ready (res://main-autolysis/player/autolysis_player.gd:120)
       [1] _prepare (res://main-autolysis/systems/quest-print-system/tests/quest_machine_behavior_test.gd:78)
       [2] _test_pause_matrix (res://main-autolysis/systems/quest-print-system/tests/quest_machine_behavior_test.gd:216)
       [3] run_checks (res://main-autolysis/systems/quest-print-system/tests/quest_machine_behavior_test.gd:60)
       [4] _run_case (res://main-autolysis/systems/quest-print-system/tests/quest_machine_behavior_test.gd:124)
       [5] _dispose (res://main-autolysis/systems/quest-print-system/tests/quest_machine_behavior_test.gd:425)
       [6] frames (res://main-autolysis/systems/quest-print-system/tests/quest_machine_behavior_test.gd:430)
ERROR: Node not found: "Body/Neck/Head/Eyes/Camera" (relative to "/root/@Node3D@61/@CharacterBody3D@63").
   at: get_node (scene/main/node.cpp:1963)
   GDScript backtrace (most recent call first):
       [0] @implicit_ready (res://main-autolysis/player/autolysis_player.gd:121)
       [1] _prepare (res://main-autolysis/systems/quest-print-system/tests/quest_machine_behavior_test.gd:78)
       [2] _test_pause_matrix (res://main-autolysis/systems/quest-print-system/tests/quest_machine_behavior_test.gd:216)
       [3] run_checks (res://main-autolysis/systems/quest-print-system/tests/quest_machine_behavior_test.gd:60)
       [4] _run_case (res://main-autolysis/systems/quest-print-system/tests/quest_machine_behavior_test.gd:124)
       [5] _dispose (res://main-autolysis/systems/quest-print-system/tests/quest_machine_behavior_test.gd:425)
       [6] frames (res://main-autolysis/systems/quest-print-system/tests/quest_machine_behavior_test.gd:430)
ERROR: Node not found: "Body/Neck/Head/Eyes/AnimationPlayer" (relative to "/root/@Node3D@61/@CharacterBody3D@63").
   at: get_node (scene/main/node.cpp:1963)
   GDScript backtrace (most recent call first):
       [0] @implicit_ready (res://main-autolysis/player/autolysis_player.gd:122)
       [1] _prepare (res://main-autolysis/systems/quest-print-system/tests/quest_machine_behavior_test.gd:78)
       [2] _test_pause_matrix (res://main-autolysis/systems/quest-print-system/tests/quest_machine_behavior_test.gd:216)
       [3] run_checks (res://main-autolysis/systems/quest-print-system/tests/quest_machine_behavior_test.gd:60)
       [4] _run_case (res://main-autolysis/systems/quest-print-system/tests/quest_machine_behavior_test.gd:124)
       [5] _dispose (res://main-autolysis/systems/quest-print-system/tests/quest_machine_behavior_test.gd:425)
       [6] frames (res://main-autolysis/systems/quest-print-system/tests/quest_machine_behavior_test.gd:430)
ERROR: Node not found: "StandingCollisionShape" (relative to "/root/@Node3D@61/@CharacterBody3D@63").
   at: get_node (scene/main/node.cpp:1963)
   GDScript backtrace (most recent call first):
       [0] @implicit_ready (res://main-autolysis/player/autolysis_player.gd:123)
       [1] _prepare (res://main-autolysis/systems/quest-print-system/tests/quest_machine_behavior_test.gd:78)
       [2] _test_pause_matrix (res://main-autolysis/systems/quest-print-system/tests/quest_machine_behavior_test.gd:216)
       [3] run_checks (res://main-autolysis/systems/quest-print-system/tests/quest_machine_behavior_test.gd:60)
       [4] _run_case (res://main-autolysis/systems/quest-print-system/tests/quest_machine_behavior_test.gd:124)
       [5] _dispose (res://main-autolysis/systems/quest-print-system/tests/quest_machine_behavior_test.gd:425)
       [6] frames (res://main-autolysis/systems/quest-print-system/tests/quest_machine_behavior_test.gd:430)
ERROR: Node not found: "CrouchingCollisionShape" (relative to "/root/@Node3D@61/@CharacterBody3D@63").
   at: get_node (scene/main/node.cpp:1963)
   GDScript backtrace (most recent call first):
       [0] @implicit_ready (res://main-autolysis/player/autolysis_player.gd:124)
       [1] _prepare (res://main-autolysis/systems/quest-print-system/tests/quest_machine_behavior_test.gd:78)
       [2] _test_pause_matrix (res://main-autolysis/systems/quest-print-system/tests/quest_machine_behavior_test.gd:216)
       [3] run_checks (res://main-autolysis/systems/quest-print-system/tests/quest_machine_behavior_test.gd:60)
       [4] _run_case (res://main-autolysis/systems/quest-print-system/tests/quest_machine_behavior_test.gd:124)
       [5] _dispose (res://main-autolysis/systems/quest-print-system/tests/quest_machine_behavior_test.gd:425)
       [6] frames (res://main-autolysis/systems/quest-print-system/tests/quest_machine_behavior_test.gd:430)
ERROR: Node not found: "CrouchRayCast" (relative to "/root/@Node3D@61/@CharacterBody3D@63").
   at: get_node (scene/main/node.cpp:1963)
   GDScript backtrace (most recent call first):
       [0] @implicit_ready (res://main-autolysis/player/autolysis_player.gd:125)
       [1] _prepare (res://main-autolysis/systems/quest-print-system/tests/quest_machine_behavior_test.gd:78)
       [2] _test_pause_matrix (res://main-autolysis/systems/quest-print-system/tests/quest_machine_behavior_test.gd:216)
       [3] run_checks (res://main-autolysis/systems/quest-print-system/tests/quest_machine_behavior_test.gd:60)
       [4] _run_case (res://main-autolysis/systems/quest-print-system/tests/quest_machine_behavior_test.gd:124)
       [5] _dispose (res://main-autolysis/systems/quest-print-system/tests/quest_machine_behavior_test.gd:425)
       [6] frames (res://main-autolysis/systems/quest-print-system/tests/quest_machine_behavior_test.gd:430)
ERROR: Node not found: "SlidingTimer" (relative to "/root/@Node3D@61/@CharacterBody3D@63").
   at: get_node (scene/main/node.cpp:1963)
   GDScript backtrace (most recent call first):
       [0] @implicit_ready (res://main-autolysis/player/autolysis_player.gd:126)
       [1] _prepare (res://main-autolysis/systems/quest-print-system/tests/quest_machine_behavior_test.gd:78)
       [2] _test_pause_matrix (res://main-autolysis/systems/quest-print-system/tests/quest_machine_behavior_test.gd:216)
       [3] run_checks (res://main-autolysis/systems/quest-print-system/tests/quest_machine_behavior_test.gd:60)
       [4] _run_case (res://main-autolysis/systems/quest-print-system/tests/quest_machine_behavior_test.gd:124)
       [5] _dispose (res://main-autolysis/systems/quest-print-system/tests/quest_machine_behavior_test.gd:425)
       [6] frames (res://main-autolysis/systems/quest-print-system/tests/quest_machine_behavior_test.gd:430)
ERROR: Node not found: "JumpCooldownTimer" (relative to "/root/@Node3D@61/@CharacterBody3D@63").
   at: get_node (scene/main/node.cpp:1963)
   GDScript backtrace (most recent call first):
       [0] @implicit_ready (res://main-autolysis/player/autolysis_player.gd:127)
       [1] _prepare (res://main-autolysis/systems/quest-print-system/tests/quest_machine_behavior_test.gd:78)
       [2] _test_pause_matrix (res://main-autolysis/systems/quest-print-system/tests/quest_machine_behavior_test.gd:216)
       [3] run_checks (res://main-autolysis/systems/quest-print-system/tests/quest_machine_behavior_test.gd:60)
       [4] _run_case (res://main-autolysis/systems/quest-print-system/tests/quest_machine_behavior_test.gd:124)
       [5] _dispose (res://main-autolysis/systems/quest-print-system/tests/quest_machine_behavior_test.gd:425)
       [6] frames (res://main-autolysis/systems/quest-print-system/tests/quest_machine_behavior_test.gd:430)
ERROR: Node not found: "DegaussPlayerFoundArea" (relative to "/root/@Node3D@61/@CharacterBody3D@63").
   at: get_node (scene/main/node.cpp:1963)
   GDScript backtrace (most recent call first):
       [0] @implicit_ready (res://main-autolysis/player/autolysis_player.gd:128)
       [1] _prepare (res://main-autolysis/systems/quest-print-system/tests/quest_machine_behavior_test.gd:78)
       [2] _test_pause_matrix (res://main-autolysis/systems/quest-print-system/tests/quest_machine_behavior_test.gd:216)
       [3] run_checks (res://main-autolysis/systems/quest-print-system/tests/quest_machine_behavior_test.gd:60)
       [4] _run_case (res://main-autolysis/systems/quest-print-system/tests/quest_machine_behavior_test.gd:124)
       [5] _dispose (res://main-autolysis/systems/quest-print-system/tests/quest_machine_behavior_test.gd:425)
       [6] frames (res://main-autolysis/systems/quest-print-system/tests/quest_machine_behavior_test.gd:430)
ERROR: Node not found: "DegaussPlayerFoundArea/found_collision_standing" (relative to "/root/@Node3D@61/@CharacterBody3D@63").
   at: get_node (scene/main/node.cpp:1963)
   GDScript backtrace (most recent call first):
       [0] @implicit_ready (res://main-autolysis/player/autolysis_player.gd:129)
       [1] _prepare (res://main-autolysis/systems/quest-print-system/tests/quest_machine_behavior_test.gd:78)
       [2] _test_pause_matrix (res://main-autolysis/systems/quest-print-system/tests/quest_machine_behavior_test.gd:216)
       [3] run_checks (res://main-autolysis/systems/quest-print-system/tests/quest_machine_behavior_test.gd:60)
       [4] _run_case (res://main-autolysis/systems/quest-print-system/tests/quest_machine_behavior_test.gd:124)
       [5] _dispose (res://main-autolysis/systems/quest-print-system/tests/quest_machine_behavior_test.gd:425)
       [6] frames (res://main-autolysis/systems/quest-print-system/tests/quest_machine_behavior_test.gd:430)
ERROR: Node not found: "DegaussPlayerFoundArea/found_collision_walking" (relative to "/root/@Node3D@61/@CharacterBody3D@63").
   at: get_node (scene/main/node.cpp:1963)
   GDScript backtrace (most recent call first):
       [0] @implicit_ready (res://main-autolysis/player/autolysis_player.gd:130)
       [1] _prepare (res://main-autolysis/systems/quest-print-system/tests/quest_machine_behavior_test.gd:78)
       [2] _test_pause_matrix (res://main-autolysis/systems/quest-print-system/tests/quest_machine_behavior_test.gd:216)
       [3] run_checks (res://main-autolysis/systems/quest-print-system/tests/quest_machine_behavior_test.gd:60)
       [4] _run_case (res://main-autolysis/systems/quest-print-system/tests/quest_machine_behavior_test.gd:124)
       [5] _dispose (res://main-autolysis/systems/quest-print-system/tests/quest_machine_behavior_test.gd:425)
       [6] frames (res://main-autolysis/systems/quest-print-system/tests/quest_machine_behavior_test.gd:430)
ERROR: Node not found: "DegaussPlayerFoundArea/found_collision_crouching" (relative to "/root/@Node3D@61/@CharacterBody3D@63").
   at: get_node (scene/main/node.cpp:1963)
   GDScript backtrace (most recent call first):
       [0] @implicit_ready (res://main-autolysis/player/autolysis_player.gd:131)
       [1] _prepare (res://main-autolysis/systems/quest-print-system/tests/quest_machine_behavior_test.gd:78)
       [2] _test_pause_matrix (res://main-autolysis/systems/quest-print-system/tests/quest_machine_behavior_test.gd:216)
       [3] run_checks (res://main-autolysis/systems/quest-print-system/tests/quest_machine_behavior_test.gd:60)
       [4] _run_case (res://main-autolysis/systems/quest-print-system/tests/quest_machine_behavior_test.gd:124)
       [5] _dispose (res://main-autolysis/systems/quest-print-system/tests/quest_machine_behavior_test.gd:425)
       [6] frames (res://main-autolysis/systems/quest-print-system/tests/quest_machine_behavior_test.gd:430)
ERROR: Node not found: "DegaussPlayerFoundArea/found_collision_running" (relative to "/root/@Node3D@61/@CharacterBody3D@63").
   at: get_node (scene/main/node.cpp:1963)
   GDScript backtrace (most recent call first):
       [0] @implicit_ready (res://main-autolysis/player/autolysis_player.gd:132)
       [1] _prepare (res://main-autolysis/systems/quest-print-system/tests/quest_machine_behavior_test.gd:78)
       [2] _test_pause_matrix (res://main-autolysis/systems/quest-print-system/tests/quest_machine_behavior_test.gd:216)
       [3] run_checks (res://main-autolysis/systems/quest-print-system/tests/quest_machine_behavior_test.gd:60)
       [4] _run_case (res://main-autolysis/systems/quest-print-system/tests/quest_machine_behavior_test.gd:124)
       [5] _dispose (res://main-autolysis/systems/quest-print-system/tests/quest_machine_behavior_test.gd:425)
       [6] frames (res://main-autolysis/systems/quest-print-system/tests/quest_machine_behavior_test.gd:430)
ERROR: Node not found: "Body/Neck/Head/Eyes/Camera/InteractionRaycast" (relative to "/root/@Node3D@61/@CharacterBody3D@63").
   at: get_node (scene/main/node.cpp:1963)
   GDScript backtrace (most recent call first):
       [0] @implicit_ready (res://main-autolysis/player/autolysis_player.gd:135)
       [1] _prepare (res://main-autolysis/systems/quest-print-system/tests/quest_machine_behavior_test.gd:78)
       [2] _test_pause_matrix (res://main-autolysis/systems/quest-print-system/tests/quest_machine_behavior_test.gd:216)
       [3] run_checks (res://main-autolysis/systems/quest-print-system/tests/quest_machine_behavior_test.gd:60)
       [4] _run_case (res://main-autolysis/systems/quest-print-system/tests/quest_machine_behavior_test.gd:124)
       [5] _dispose (res://main-autolysis/systems/quest-print-system/tests/quest_machine_behavior_test.gd:425)
       [6] frames (res://main-autolysis/systems/quest-print-system/tests/quest_machine_behavior_test.gd:430)
ERROR: Node not found: "InteractionController" (relative to "/root/@Node3D@61/@CharacterBody3D@63").
   at: get_node (scene/main/node.cpp:1963)
   GDScript backtrace (most recent call first):
       [0] @implicit_ready (res://main-autolysis/player/autolysis_player.gd:136)
       [1] _prepare (res://main-autolysis/systems/quest-print-system/tests/quest_machine_behavior_test.gd:78)
       [2] _test_pause_matrix (res://main-autolysis/systems/quest-print-system/tests/quest_machine_behavior_test.gd:216)
       [3] run_checks (res://main-autolysis/systems/quest-print-system/tests/quest_machine_behavior_test.gd:60)
       [4] _run_case (res://main-autolysis/systems/quest-print-system/tests/quest_machine_behavior_test.gd:124)
       [5] _dispose (res://main-autolysis/systems/quest-print-system/tests/quest_machine_behavior_test.gd:425)
       [6] frames (res://main-autolysis/systems/quest-print-system/tests/quest_machine_behavior_test.gd:430)
ERROR: Node not found: "InteractionHUD/Crosshair" (relative to "/root/@Node3D@61/@CharacterBody3D@63").
   at: get_node (scene/main/node.cpp:1963)
   GDScript backtrace (most recent call first):
       [0] @implicit_ready (res://main-autolysis/player/autolysis_player.gd:137)
       [1] _prepare (res://main-autolysis/systems/quest-print-system/tests/quest_machine_behavior_test.gd:78)
       [2] _test_pause_matrix (res://main-autolysis/systems/quest-print-system/tests/quest_machine_behavior_test.gd:216)
       [3] run_checks (res://main-autolysis/systems/quest-print-system/tests/quest_machine_behavior_test.gd:60)
       [4] _run_case (res://main-autolysis/systems/quest-print-system/tests/quest_machine_behavior_test.gd:124)
       [5] _dispose (res://main-autolysis/systems/quest-print-system/tests/quest_machine_behavior_test.gd:425)
       [6] frames (res://main-autolysis/systems/quest-print-system/tests/quest_machine_behavior_test.gd:430)
ERROR: Node not found: "%Wieldables" (relative to "/root/@Node3D@61/@CharacterBody3D@63").
   at: get_node (scene/main/node.cpp:1963)
   GDScript backtrace (most recent call first):
       [0] @implicit_ready (res://main-autolysis/player/autolysis_player.gd:138)
       [1] _prepare (res://main-autolysis/systems/quest-print-system/tests/quest_machine_behavior_test.gd:78)
       [2] _test_pause_matrix (res://main-autolysis/systems/quest-print-system/tests/quest_machine_behavior_test.gd:216)
       [3] run_checks (res://main-autolysis/systems/quest-print-system/tests/quest_machine_behavior_test.gd:60)
       [4] _run_case (res://main-autolysis/systems/quest-print-system/tests/quest_machine_behavior_test.gd:124)
       [5] _dispose (res://main-autolysis/systems/quest-print-system/tests/quest_machine_behavior_test.gd:425)
       [6] frames (res://main-autolysis/systems/quest-print-system/tests/quest_machine_behavior_test.gd:430)
ERROR: Node not found: "InventoryController" (relative to "/root/@Node3D@61/@CharacterBody3D@63").
   at: get_node (scene/main/node.cpp:1963)
   GDScript backtrace (most recent call first):
       [0] @implicit_ready (res://main-autolysis/player/autolysis_player.gd:139)
       [1] _prepare (res://main-autolysis/systems/quest-print-system/tests/quest_machine_behavior_test.gd:78)
       [2] _test_pause_matrix (res://main-autolysis/systems/quest-print-system/tests/quest_machine_behavior_test.gd:216)
       [3] run_checks (res://main-autolysis/systems/quest-print-system/tests/quest_machine_behavior_test.gd:60)
       [4] _run_case (res://main-autolysis/systems/quest-print-system/tests/quest_machine_behavior_test.gd:124)
       [5] _dispose (res://main-autolysis/systems/quest-print-system/tests/quest_machine_behavior_test.gd:425)
       [6] frames (res://main-autolysis/systems/quest-print-system/tests/quest_machine_behavior_test.gd:430)
ERROR: Node not found: "%HeldItemPresenter" (relative to "/root/@Node3D@61/@CharacterBody3D@63").
   at: get_node (scene/main/node.cpp:1963)
   GDScript backtrace (most recent call first):
       [0] @implicit_ready (res://main-autolysis/player/autolysis_player.gd:140)
       [1] _prepare (res://main-autolysis/systems/quest-print-system/tests/quest_machine_behavior_test.gd:78)
       [2] _test_pause_matrix (res://main-autolysis/systems/quest-print-system/tests/quest_machine_behavior_test.gd:216)
       [3] run_checks (res://main-autolysis/systems/quest-print-system/tests/quest_machine_behavior_test.gd:60)
       [4] _run_case (res://main-autolysis/systems/quest-print-system/tests/quest_machine_behavior_test.gd:124)
       [5] _dispose (res://main-autolysis/systems/quest-print-system/tests/quest_machine_behavior_test.gd:425)
       [6] frames (res://main-autolysis/systems/quest-print-system/tests/quest_machine_behavior_test.gd:430)
ERROR: Node not found: "InventoryBar" (relative to "/root/@Node3D@61/@CharacterBody3D@63").
   at: get_node (scene/main/node.cpp:1963)
   GDScript backtrace (most recent call first):
       [0] @implicit_ready (res://main-autolysis/player/autolysis_player.gd:141)
       [1] _prepare (res://main-autolysis/systems/quest-print-system/tests/quest_machine_behavior_test.gd:78)
       [2] _test_pause_matrix (res://main-autolysis/systems/quest-print-system/tests/quest_machine_behavior_test.gd:216)
       [3] run_checks (res://main-autolysis/systems/quest-print-system/tests/quest_machine_behavior_test.gd:60)
       [4] _run_case (res://main-autolysis/systems/quest-print-system/tests/quest_machine_behavior_test.gd:124)
       [5] _dispose (res://main-autolysis/systems/quest-print-system/tests/quest_machine_behavior_test.gd:425)
       [6] frames (res://main-autolysis/systems/quest-print-system/tests/quest_machine_behavior_test.gd:430)
ERROR: Node not found: "DialoguePlayer" (relative to "/root/@Node3D@61/@CharacterBody3D@63").
   at: get_node (scene/main/node.cpp:1963)
   GDScript backtrace (most recent call first):
       [0] @implicit_ready (res://main-autolysis/player/autolysis_player.gd:142)
       [1] _prepare (res://main-autolysis/systems/quest-print-system/tests/quest_machine_behavior_test.gd:78)
       [2] _test_pause_matrix (res://main-autolysis/systems/quest-print-system/tests/quest_machine_behavior_test.gd:216)
       [3] run_checks (res://main-autolysis/systems/quest-print-system/tests/quest_machine_behavior_test.gd:60)
       [4] _run_case (res://main-autolysis/systems/quest-print-system/tests/quest_machine_behavior_test.gd:124)
       [5] _dispose (res://main-autolysis/systems/quest-print-system/tests/quest_machine_behavior_test.gd:425)
       [6] frames (res://main-autolysis/systems/quest-print-system/tests/quest_machine_behavior_test.gd:430)
ERROR: Node not found: "LiquidContentsPanel" (relative to "/root/@Node3D@61/@CharacterBody3D@63").
   at: get_node (scene/main/node.cpp:1963)
   GDScript backtrace (most recent call first):
       [0] @implicit_ready (res://main-autolysis/player/autolysis_player.gd:143)
       [1] _prepare (res://main-autolysis/systems/quest-print-system/tests/quest_machine_behavior_test.gd:78)
       [2] _test_pause_matrix (res://main-autolysis/systems/quest-print-system/tests/quest_machine_behavior_test.gd:216)
       [3] run_checks (res://main-autolysis/systems/quest-print-system/tests/quest_machine_behavior_test.gd:60)
       [4] _run_case (res://main-autolysis/systems/quest-print-system/tests/quest_machine_behavior_test.gd:124)
       [5] _dispose (res://main-autolysis/systems/quest-print-system/tests/quest_machine_behavior_test.gd:425)
       [6] frames (res://main-autolysis/systems/quest-print-system/tests/quest_machine_behavior_test.gd:430)
ERROR: Node not found: "NavigationAgent3D" (relative to "/root/@Node3D@61/@CharacterBody3D@63").
   at: get_node (scene/main/node.cpp:1963)
   GDScript backtrace (most recent call first):
       [0] @implicit_ready (res://main-autolysis/player/autolysis_player.gd:144)
       [1] _prepare (res://main-autolysis/systems/quest-print-system/tests/quest_machine_behavior_test.gd:78)
       [2] _test_pause_matrix (res://main-autolysis/systems/quest-print-system/tests/quest_machine_behavior_test.gd:216)
       [3] run_checks (res://main-autolysis/systems/quest-print-system/tests/quest_machine_behavior_test.gd:60)
       [4] _run_case (res://main-autolysis/systems/quest-print-system/tests/quest_machine_behavior_test.gd:124)
       [5] _dispose (res://main-autolysis/systems/quest-print-system/tests/quest_machine_behavior_test.gd:425)
       [6] frames (res://main-autolysis/systems/quest-print-system/tests/quest_machine_behavior_test.gd:430)
ERROR: Node not found: "FocusController" (relative to "/root/@Node3D@61/@CharacterBody3D@63").
   at: get_node (scene/main/node.cpp:1963)
   GDScript backtrace (most recent call first):
       [0] @implicit_ready (res://main-autolysis/player/autolysis_player.gd:145)
       [1] _prepare (res://main-autolysis/systems/quest-print-system/tests/quest_machine_behavior_test.gd:78)
       [2] _test_pause_matrix (res://main-autolysis/systems/quest-print-system/tests/quest_machine_behavior_test.gd:216)
       [3] run_checks (res://main-autolysis/systems/quest-print-system/tests/quest_machine_behavior_test.gd:60)
       [4] _run_case (res://main-autolysis/systems/quest-print-system/tests/quest_machine_behavior_test.gd:124)
       [5] _dispose (res://main-autolysis/systems/quest-print-system/tests/quest_machine_behavior_test.gd:425)
       [6] frames (res://main-autolysis/systems/quest-print-system/tests/quest_machine_behavior_test.gd:430)
SCRIPT ERROR: Invalid assignment of property or key 'state' with value of type 'int' on a base object of type 'null instance'.
   at: _prepare (res://main-autolysis/systems/quest-print-system/tests/quest_machine_behavior_test.gd:83)
   GDScript backtrace (most recent call first):
       [0] _prepare (res://main-autolysis/systems/quest-print-system/tests/quest_machine_behavior_test.gd:83)
       [1] _test_pause_matrix (res://main-autolysis/systems/quest-print-system/tests/quest_machine_behavior_test.gd:216)
       [2] run_checks (res://main-autolysis/systems/quest-print-system/tests/quest_machine_behavior_test.gd:60)
       [3] _run_case (res://main-autolysis/systems/quest-print-system/tests/quest_machine_behavior_test.gd:124)
       [4] _dispose (res://main-autolysis/systems/quest-print-system/tests/quest_machine_behavior_test.gd:425)
       [5] frames (res://main-autolysis/systems/quest-print-system/tests/quest_machine_behavior_test.gd:430)
ERROR: 失败：唯一按钮入口建立一份空白纸张
   at: push_error (core/variant/variant_utility.cpp:1024)
   GDScript backtrace (most recent call first):
       [0] check (res://main-autolysis/systems/quest-print-system/tests/quest_machine_behavior_test.gd:440)
       [1] _start (res://main-autolysis/systems/quest-print-system/tests/quest_machine_behavior_test.gd:108)
       [2] _test_pause_matrix (res://main-autolysis/systems/quest-print-system/tests/quest_machine_behavior_test.gd:217)
       [3] run_checks (res://main-autolysis/systems/quest-print-system/tests/quest_machine_behavior_test.gd:60)
       [4] _run_case (res://main-autolysis/systems/quest-print-system/tests/quest_machine_behavior_test.gd:124)
       [5] _dispose (res://main-autolysis/systems/quest-print-system/tests/quest_machine_behavior_test.gd:425)
       [6] frames (res://main-autolysis/systems/quest-print-system/tests/quest_machine_behavior_test.gd:430)
SCRIPT ERROR: Invalid call. Nonexistent function 'get_visible_data_line_indices' in base 'Nil'.
   at: _start (res://main-autolysis/systems/quest-print-system/tests/quest_machine_behavior_test.gd:110)
   GDScript backtrace (most recent call first):
       [0] _start (res://main-autolysis/systems/quest-print-system/tests/quest_machine_behavior_test.gd:110)
       [1] _test_pause_matrix (res://main-autolysis/systems/quest-print-system/tests/quest_machine_behavior_test.gd:217)
       [2] run_checks (res://main-autolysis/systems/quest-print-system/tests/quest_machine_behavior_test.gd:60)
       [3] _run_case (res://main-autolysis/systems/quest-print-system/tests/quest_machine_behavior_test.gd:124)
       [4] _dispose (res://main-autolysis/systems/quest-print-system/tests/quest_machine_behavior_test.gd:425)
       [5] frames (res://main-autolysis/systems/quest-print-system/tests/quest_machine_behavior_test.gd:430)
ERROR: 失败：等待指定自然动作超时
   at: push_error (core/variant/variant_utility.cpp:1024)
   GDScript backtrace (most recent call first):
       [0] check (res://main-autolysis/systems/quest-print-system/tests/quest_machine_behavior_test.gd:440)
       [1] _wait_phase (res://main-autolysis/systems/quest-print-system/tests/quest_machine_behavior_test.gd:405)
SCRIPT ERROR: Invalid call. Nonexistent function 'get_visible_data_line_indices' in base 'Nil'.
   at: _test_pause_matrix (res://main-autolysis/systems/quest-print-system/tests/quest_machine_behavior_test.gd:228)
   GDScript backtrace (most recent call first):
       [0] _test_pause_matrix (res://main-autolysis/systems/quest-print-system/tests/quest_machine_behavior_test.gd:228)
       [1] frames (res://main-autolysis/systems/quest-print-system/tests/quest_machine_behavior_test.gd:430)
ERROR: Node not found: "FootstepPlayer" (relative to "/root/@Node3D@64/@CharacterBody3D@66").
   at: get_node (scene/main/node.cpp:1963)
   GDScript backtrace (most recent call first):
       [0] @implicit_ready (res://main-autolysis/player/autolysis_player.gd:116)
       [1] _prepare (res://main-autolysis/systems/quest-print-system/tests/quest_machine_behavior_test.gd:78)
       [2] _test_cancel_matrix (res://main-autolysis/systems/quest-print-system/tests/quest_machine_behavior_test.gd:263)
       [3] run_checks (res://main-autolysis/systems/quest-print-system/tests/quest_machine_behavior_test.gd:61)
       [4] _test_pause_matrix (res://main-autolysis/systems/quest-print-system/tests/quest_machine_behavior_test.gd:228)
       [5] frames (res://main-autolysis/systems/quest-print-system/tests/quest_machine_behavior_test.gd:430)
ERROR: Node not found: "Body" (relative to "/root/@Node3D@64/@CharacterBody3D@66").
   at: get_node (scene/main/node.cpp:1963)
